channel_name,text,date
MarketOverview,"üì¢**Banking news**

üîª–¶–ë –≤—ã–ø–∏—Å–∞–ª 2 —à—Ç—Ä–∞—Ñ–∞ **–°–æ–≤–∫–æ–º–±–∞–Ω–∫—É **–∑–∞ –Ω–µ–∏—Å–ø—Ä–∞–≤–ª–µ–Ω–∏–µ –∫—Ä–µ–¥–∏—Ç–Ω–æ–π –∏—Å—Ç–æ—Ä–∏–∏ (—Å—Ç. 15.26.3 –ö–æ–ê–ü) 
–†–∞–∑–º–µ—Ä –æ–¥–Ω–æ–≥–æ —à—Ç—Ä–∞—Ñ–∞ - –æ—Ç 30 —Ç—ã—Å. —Ä—É–± –¥–æ 50 —Ç—ã—Å. —Ä—É–±.
üîª–¶–ë –æ—à—Ç—Ä–∞—Ñ–æ–≤–∞–ª –Ω–∞ 250 —Ç—ã—Å. —Ä—É–± –∫—Ä—É–∞–¥–ª–µ–Ω–¥–∏–Ω–≥–æ–≤—É—é –ø–ª–∞—Ç—Ñ–æ—Ä–º—É **–î–∂–µ—Ç–õ–µ–Ω–¥** –∑–∞ –Ω–µ–≤—ã–ø–æ–ª–Ω–µ–Ω–∏–µ –≤ —É—Å—Ç–∞–Ω–æ–≤–ª–µ–Ω–Ω—ã–π —Å—Ä–æ–∫ –ø—Ä–µ–¥–ø–∏—Å–∞–Ω–∏–µ —Ä–µ–≥—É–ª—è—Ç–æ—Ä–∞ (—á. 9 —Å—Ç. 19.5 –ö–æ–ê–ü). –°—Ç—Ä–∞–Ω–Ω–æ, –Ω–æ –ø–æ –ö–æ–ê–ü—É –ø—Ä–µ–¥—É—Å–º–æ—Ç—Ä–µ–Ω—ã –¥—Ä—É–≥–∏–µ —Ä–∞–∑–º–µ—Ä—ã —à—Ç—Ä–∞—Ñ–æ–≤ –Ω–∞ —é—Ä. –ª–∏—Ü - –æ—Ç 500 —Ç—ã—Å. —Ä—É–± –¥–æ 700 —Ç—ã—Å. —Ä—É–±.
üîª–¶–ë –≤—ã–Ω–µ—Å –ø—Ä–µ–¥—É–ø—Ä–µ–∂–¥–µ–Ω–∏–µ **–ò–ö –°—Ç–∞—Ç—É—Å –§–∏–Ω–∞–Ω—Å **–∑–∞ –≤–æ—Å–ø—Ä–µ–ø—è—Ç—Å—Ç–≤–æ–≤–∞–Ω–∏–µ –ø—Ä–æ–≤–µ–¥–µ–Ω–∏—é –ø—Ä–æ–≤–µ—Ä–æ–∫ –∏–ª–∏ –Ω–µ–∏—Å–ø–æ–ª–Ω–µ–Ω–∏–µ –ø—Ä–µ–¥–ø–∏—Å–∞–Ω–∏–π —Ä–µ–≥—É–ª—è—Ç–æ—Ä–∞ (—á. 9 —Å—Ç. 15.29 –ö–æ–ê–ü), –∏ —Å–Ω–æ–≤–∞ –ø–æ –∫–æ–¥–µ–∫—Å—É –¥–æ–ª–∂–µ–Ω –±—ã—Ç—å —à—Ç—Ä–∞—Ñ –æ—Ç 700 —Ç—ã—Å. —Ä—É–± –¥–æ 1 –º–ª–Ω —Ä—É–±.
üîªBloomberg —É–∑–Ω–∞–ª, —á—Ç–æ –Ω–∞ —Å–ª–µ–¥—É—é—â–µ–π –Ω–µ–¥–µ–ª–µ —É–∫—Ä–∞–∏–Ω—Å–∫–∏–π **Sense Bank** (–ø—Ä–µ–∂–Ω–µ–µ –Ω–∞–∑–≤–∞–Ω–∏–µ - **–ê–ª—å—Ñ–∞-–±–∞–Ω–∫ –£–∫—Ä–∞–∏–Ω–∞**) –±—É–¥–µ—Ç –Ω–∞—Ü–∏–æ–Ω–∞–ª–∏–∑–∏—Ä–æ–≤–∞–Ω. –ö–æ–Ω–µ—á–Ω—ã–º–∏ –≤–ª–∞–¥–µ–ª—å—Ü–∞–º–∏ Sense Bank —è–≤–ª—è—é—Ç—Å—è –ú–∏—Ö–∞–∏–ª –§—Ä–∏–¥–º–∞–Ω, –ü–µ—Ç—Ä –ê–≤–µ–Ω –∏ [–ê–Ω–¥—Ä–µ–π –ö–æ—Å–æ–≥–æ–≤](https://t.me/MarketOverview/8537). –í —Å—Ç—Ä–∞–Ω–µ –±—ã–ª –ø—Ä–∏–Ω—è—Ç —Å–ø–µ—Ü–∏–∞–ª—å–Ω—ã–π –∑–∞–∫–æ–Ω, –ø–æ–∑–≤–æ–ª—è—é—â–∏–π –Ω–∞—Ü–∏–æ–Ω–∞–ª–∏–∑–∏—Ä–æ–≤–∞—Ç—å –±–∞–Ω–∫–∏, –∫–æ—Ç–æ—Ä—ã–µ –Ω–∞—Ö–æ–¥—è—Ç—Å—è –≤ —Å–æ–±—Å—Ç–≤–µ–Ω–Ω–æ—Å—Ç–∏ –ø–æ–¥—Å–∞–Ω–∫—Ü–∏–æ–Ω–Ω—ã—Ö –ª–∏—Ü.

üî∏**–°–±–µ—Ä–±–∞–Ω–∫** –ø—Ä–∏–æ—Å—Ç–∞–Ω–æ–≤–∏–ª –ø—Ä–∏—ë–º –∑–∞—è–≤–æ–∫ –Ω–∞ –°–µ–ª—å—Å–∫—É—é –∏–ø–æ—Ç–µ–∫—É –∏–∑-–∑–∞ –≤—ã—Å–æ–∫–æ–≥–æ —Å–ø—Ä–æ—Å–∞ - –∏—Å—á–µ—Ä–ø–∞–ª—Å—è –ª–∏–º–∏—Ç. –ü—Ä–µ—Å—Å-—Å–ª—É–∂–±–∞ –°–±–µ—Ä–∞ –ø–æ–æ–±–µ—â–∞–ª–∞ –≤–æ–∑–æ–±–Ω–æ–≤–∏—Ç—å –ø—Ä–∏—ë–º –∑–∞—è–≤–æ–∫ –ø–æ—Å–ª–µ –ø–æ–ª—É—á–µ–Ω–∏—è –¥–æ–ø–æ–ª–Ω–∏—Ç–µ–ª—å–Ω–æ–≥–æ –ª–∏–º–∏—Ç–∞.
üî∏–ü–µ—Ä–≤—ã–π –∑–∞–º–ø—Ä–µ–¥ –¶–ë –û–ª—å–≥–∞ –°–∫–æ—Ä–æ–±–æ–≥–∞—Ç–æ–≤–∞ –ø—Ä–∏–∑–≤–∞–ª–∞ **–°–±–µ—Ä–±–∞–Ω–∫** –æ—Ç–º–µ–Ω–∏—Ç—å –∫–æ–º–∏—Å—Å–∏–∏ –Ω–∞ –ø–µ—Ä–µ–≤–æ–¥—ã: __""–ú—ã –æ—á–µ–Ω—å –∂–¥–µ–º –Ω–∞ –§–∏–Ω–æ–ø–æ–ª–∏—Å–µ –º—É–¥—Ä–µ–π—à–µ–µ —Ä–µ—à–µ–Ω–∏–µ –°–±–µ—Ä–±–∞–Ω–∫–∞ ‚Äî –æ—Ç–º–µ–Ω–∏—Ç—å –∫–æ–º–∏—Å—Å–∏–∏ –∑–∞ –ø–µ—Ä–µ–≤–æ–¥—ã –∏–∑ –°–±–µ—Ä–±–∞–Ω–∫–∞. –Ø —É–≤–µ—Ä—è—é, –ª–æ—è–ª—å–Ω–æ—Å—Ç—å –∫–ª–∏–µ–Ω—Ç–æ–≤ –æ—Ç —ç—Ç–æ–≥–æ –ø–æ–≤—ã—Å–∏—Ç—Å—è""__. –ü–µ—Ä–≤—ã–π –∑–∞–º–ø—Ä–µ–¥ –°–±–µ—Ä–∞ –ö–∏—Ä–∏–ª–ª –¶–∞—Ä–µ–≤ —Å–æ–æ–±—â–∏–ª, —á—Ç–æ –∫–æ–º–∏—Å—Å–∏–∏ –µ—Å—Ç—å —É –≤—Å–µ—Ö –∏ –æ–Ω–∏ –≥–æ—Ç–æ–≤—ã —Ä–∞—Å—Å–º–æ—Ç—Ä–µ—Ç—å –æ—Ç–º–µ–Ω—É, –µ—Å–ª–∏ —Ä—ã–Ω–æ–∫ —Ç–∞–∫–∂–µ –∏—Ö –æ—Ç–º–µ–Ω–∏—Ç.

üîπ**–í–¢–ë** –ø—Ä–æ–¥–∞–ª 45% –∑–µ—Ä–Ω–æ–≤–æ–π –∫–æ–º–ø–∞–Ω–∏–∏ –î–µ–º–µ—Ç—Ä–∞-–•–æ–ª–¥–∏–Ω–≥, –∫–æ—Ç–æ—Ä—ã–π [–æ–±—ä–µ–¥–∏–Ω—è–ª](https://t.me/MarketOverview/7251) –≤—Å–µ –∑–µ—Ä–Ω–æ–≤—ã–π –∞–∫—Ç–∏–≤—ã –±–∞–Ω–∫–∞: –†–¢–ö, –†—É—Å–∞–≥—Ä–æ—Ç—Ä–∞–Ω—Å, –¢—Ä–∞–Ω–∫—Å–ª–µ—Å, –ú–∏—Ä–æ–≥—Ä—É–ø–ø –†–µ—Å—É—Ä—Å—ã, –ù–æ–≤–æ—Ä–æ—Å—Å–∏–π—Å–∫–∏–π –∑–µ—Ä–Ω–æ–≤–æ–π —Ç–µ—Ä–º–∏–Ω–∞–ª, –ù–ö–•–ü, –ó–µ—Ä–Ω–æ–≤–æ–π —Ç–µ—Ä–º–∏–Ω–∞–ª—å–Ω—ã–π –∫–æ–º–ø–ª–µ–∫—Å –¢–∞–º–∞–Ω—å, IT-–ø–ª–∞—Ç—Ñ–æ—Ä–º–∞ Smartseeds, –û–±—ä–µ–¥–∏–Ω–µ–Ω–Ω–∞—è –∑–µ—Ä–Ω–æ–≤–∞—è –∫–æ–º–ø–∞–Ω–∏—è. –ì–ª–∞–≤–∞ –í–¢–ë –ê–Ω–¥—Ä–µ–π –ö–æ—Å—Ç–∏–Ω: __""–ù–∞ –¥–Ω—è—Ö —Å–¥–µ–ª–∫—É –∑–∞–∫—Ä—ã–ª–∏. –ù–µ –º–æ–≥—É —Å–∫–∞–∑–∞—Ç—å, –∫—Ç–æ –ø–æ–∫—É–ø–∞—Ç–µ–ª—å,‚Äî —ç—Ç–æ –µ–≥–æ –ø—Ä–∞–≤–æ –∑–∞—è–≤–ª—è—Ç—å –æ —Å–µ–±–µ. –¶–µ–Ω–∞ –æ–±—ä–µ–∫—Ç–∏–≤–Ω–∞—è, –º–∞—Ä–∂–∞ –ø—Ä–∏–ª–∏—á–Ω–∞—è""__.

@MarketOverview",2023-07-10
MarketOverview,"4Ô∏è‚É£** –ë–∞–Ω–∫ –†–µ–Ω–µ—Å—Å–∞–Ω—Å-–ö—Ä–µ–¥–∏—Ç —Å 13 –∏—é–ª—è –≤–¥–≤–æ–µ —É–≤–µ–ª–∏—á–∏–≤–∞–µ—Ç –∫–æ–º–∏—Å—Å–∏—é –Ω–∞ –ø–µ—Ä–µ–≤–æ–¥—ã –≤ –¥–æ–ª–ª–∞—Ä–∞—Ö –∏ –µ–≤—Ä–æ**

–í–∞–ª—é—Ç–Ω—ã–µ –ø–µ—Ä–µ–≤–æ–¥—ã –≤ –†–µ–Ω–∏–∫–µ –º–æ–∂–Ω–æ –¥–µ–ª–∞—Ç—å —Ç–æ–ª—å–∫–æ –±–∞–Ω–∫–∏ –ì—Ä—É–∑–∏–∏ –∏ –ê—Ä–º–µ–Ω–∏–∏, –∑–∞ –∏—Å–∫–ª—é—á–µ–Ω–∏–µ–º –ú–µ–ª–ª–∞—Ç –ë–∞–Ω–∫–∞ (–ê—Ä–º–µ–Ω–∏—è) –∏ –í–¢–ë (–ê—Ä–º–µ–Ω–∏—è): 
**‚Ä¢ 2% min $/‚Ç¨100 max $/‚Ç¨500** - __–±—ã–ª–æ 1% min $/‚Ç¨50 max $/‚Ç¨250__

–ü—Ä–µ–∏–º—É—â–µ—Å—Ç–≤–æ –±–∞–Ω–∫–∞ –±—ã–ª–æ –≤ –Ω–∞–ª–∏—á–∏–µ —Å–æ–±—Å—Ç–≤–µ–Ω–Ω–æ–≥–æ –±—Ä–æ–∫–µ—Ä–∞ –∏ –≤–æ–∑–º–æ–∂–Ω–æ—Å—Ç–∏ –ø–æ–∫—É–ø–∞—Ç—å –≤–∞–ª—é—Ç—É –ø–æ –∫—É—Ä—Å—É –±–∏—Ä–∂–∏, –Ω–æ –ø–æ—Ö–æ–∂–µ –ø—Ä–∏—à–ª–æ –≤—Ä–µ–º—è –∑–∞—Ä–∞–±–∞—Ç—ã–≤–∞—Ç—å –Ω–∞ –Ω–æ–≤—ã—Ö –∫–ª–∏–µ–Ω—Ç–∞—Ö.

‚ñ´Ô∏è–û–±–Ω–æ–≤–∏–ª –ø–æ—Å—Ç, –≤ –∫–æ—Ç–æ—Ä–æ–º –º–æ–∂–Ω–æ –Ω–∞–π—Ç–∏ –∞–∫—Ç—É–∞–ª—å–Ω—É—é –∫–æ–º–∏—Å—Å–∏—é –≤ –±–æ–ª—å—à–∏–Ω—Å—Ç–≤–µ –±–∞–Ω–∫–æ–≤:
‚Ä¢ [–≤—Ö–æ–¥—è—â–∏–µ SWIFT-–ø–µ—Ä–µ–≤–æ–¥—ã
](https://t.me/MarketOverview/8788)‚Ä¢ [–∏—Å—Ö–æ–¥—è—â–∏–µ SWIFT-–ø–µ—Ä–µ–≤–æ–¥—ã
](https://t.me/MarketOverview/8784)‚ñ´Ô∏è–ü—Ä–æ–≤–µ—Ä–∏—Ç—å SWIFT-–ø–µ—Ä–µ–≤–æ–¥—ã [OhMySwift.ru](http://ohmyswift.ru/)
‚ñ´Ô∏è–ß–∞—Ç @swiftTransferProblem

[—Ç–∞—Ä–∏—Ñ—ã](https://rencredit.ru/upload/iblock/f23/5y3ye47biiybu8uis9yqu6xf27kbrhrc.pdf) (pdf)| @MarketOverview",2023-07-10
MarketOverview,"‚ö°Ô∏è**–ú–æ—Å–∫–æ–º–º–µ—Ä—Ü–±–∞–Ω–∫ —Å 1 –∞–≤–≥—É—Å—Ç–∞ –ø—Ä–µ–∫—Ä–∞—â–∞–µ—Ç –≤—ã–ø—É—Å–∫ –∏ –æ–±—Å–ª—É–∂–∏–≤–∞–Ω–∏–µ –∫–∞—Ä—Ç**

–° –∞–≤–≥—É—Å—Ç–∞ –ú–æ—Å–∫–æ–º–º–µ—Ä—Ü–±–∞–Ω–∫ –ø–µ—Ä–µ—Å—Ç–∞–µ—Ç –≤—ã–ø—É—Å–∫–∞—Ç—å –Ω–æ–≤—ã–µ –∫–∞—Ä—Ç—ã –∏ –æ–±—Å–ª—É–∂–∏–≤–∞—Ç—å –¥–µ–π—Å—Ç–≤—É—é—â–∏–µ –∫–∞—Ä—Ç—ã –∫–ª–∏–µ–Ω—Ç–æ–≤, –ø—Ä–∏ —ç—Ç–æ–º –±–∞–Ω–∫ –æ–±–µ—â–∞–µ—Ç –≤—ã–ø–æ–ª–Ω—è—Ç—å –≤—Å–µ –æ–±—è–∑–∞—Ç–µ–ª—å—Å—Ç–≤–∞ –ø–µ—Ä–µ–¥ –∫–ª–∏–µ–Ω—Ç–∞–º–∏: –æ–±—Å–ª—É–∂–∏–≤–∞–Ω–∏–µ —Å—á–µ—Ç–æ–≤, –ø—Ä–æ–≤–µ–¥–µ–Ω–∏–µ –æ–ø–µ—Ä–∞—Ü–∏–π –±–µ–∑ –∫–∞—Ä—Ç, —Å–æ—Ö—Ä–∞–Ω–Ω–æ—Å—Ç—å –¥–µ–Ω–µ–≥, –ø–æ–¥–¥–µ—Ä–∂–∫–∞ –∏–Ω—Ç–µ—Ä–Ω–µ—Ç-–±–∞–Ω–∫–∞ –∏ –º–æ–±–∏–ª—å–Ω–æ–≥–æ –ø—Ä–∏–ª–æ–∂–µ–Ω–∏—è[.](https://cdn30.notepost.ru/HRT7AaAj9FiWNwwb-1688976045073.jpeg) –¢–∞–∫–∏–º –æ–±—Ä–∞–∑–æ–º, —Å—á–µ—Ç–∞–º–∏ –º–æ–∂–Ω–æ –±—É–¥–µ—Ç –ø–æ–ª—å–∑–æ–≤–∞—Ç—å—Å—è, –ø—Ä–æ—Å—Ç–æ –Ω–µ –±—É–¥–µ—Ç –∫–∞—Ä—Ç—ã.

–ù–∞–ø–æ–º–Ω—é, –ú–æ—Å–∫–æ–º–º–µ—Ä—Ü–±–∞–Ω–∫ –æ—Å—Ç–∞–µ—Ç—Å—è –æ–¥–Ω–∏–º –∏–∑ [–Ω–µ–º–Ω–æ–≥–∏—Ö –±–∞–Ω–∫–æ–≤](https://t.me/MarketOverview/10899), –≤ –∫–æ—Ç–æ—Ä—ã—Ö –µ—â–µ –º–æ–∂–Ω–æ –±–µ–∑ –ø—Ä–æ–±–ª–µ–º –æ—Ç–∫—Ä—ã—Ç—å —Å—á–µ—Ç–∞ –≤ USD –∏ EUR –∏ –ø—Ä–∏–Ω–∏–º–∞—Ç—å –≤–∞–ª—é—Ç—É –∏–∑ –∑–∞–≥—Ä–∞–Ω–∏—Ü—ã: –±–∞–Ω–∫-–∫–æ—Ä—Ä–µ—Å–ø–æ–Ω–¥–µ–Ω—Ç JSC Halyk Bank, Almaty, KZ. –ü–æ—ç—Ç–æ–º—É —Ä–µ–∫–æ–º–µ–Ω–¥—É—é —Å—Ä–æ—á–Ω–æ –≤ –∏—é–ª–µ —Ä–µ—à–∏—Ç—å –≤–æ–ø—Ä–æ—Å —Å –æ—Ç–∫—Ä—ã—Ç–∏–µ–º —Å—á–µ—Ç–∞, –∫–∞–∫ –º–∏–Ω–∏–º—É–º [""–ø—Ä–æ –∑–∞–ø–∞—Å""](https://t.me/MarketOverview/10926):
‚Ä¢ –æ—Ç–∫—Ä—ã—Ç–∏–µ —Å—á–µ—Ç–∞ - –±–µ–∑ –∫–æ–º–∏—Å—Å–∏–∏;
‚Ä¢ –∑–∞—á–∏—Å–ª–µ–Ω–∏–µ USD –∏ EUR - –±–µ–∑ –∫–æ–º–∏—Å—Å–∏–∏;
‚Ä¢ –∏—Å—Ö–æ–¥—è—â–∏–µ –ø–µ—Ä–µ–≤–æ–¥—ã USD –∏ EUR - 1% min $/‚Ç¨100 max $/‚Ç¨200;
‚Ä¢ –ª—å–≥–æ—Ç–Ω—ã–µ –∫–æ–º–∏—Å—Å–∏–∏ –Ω–∞ –ø–µ—Ä–µ–≤–æ–¥—ã –≤ –±–∞–Ω–∫–∏ –≥—Ä—É–ø–ø—ã –•–∞–ª—ã–∫.

–í –∫–æ–Ω—Ü–µ –ø—Ä–æ—à–ª–æ–≥–æ –≥–æ–¥–∞ –•–∞–ª—ã–∫ –±–∞–Ω–∫ (–ö–∞–∑–∞—Ö—Å—Ç–∞–Ω) [–ø—Ä–æ–¥–∞–ª](https://t.me/MarketOverview/9753) —Ä–æ—Å—Å–∏–π—Å–∫–∏–π –ú–æ—Å–∫–æ–º–º–µ—Ä—Ü–±–∞–Ω–∫ –Ω–µ–∏–∑–≤–µ—Å—Ç–Ω–º –∏–Ω–≤–µ—Å—Ç–æ—Ä–∞–º. –î–æ —Å–∏—Ö –ø–æ—Ä –Ω–æ–≤—ã–π —Å–æ–±—Å—Ç–≤–µ–Ω–Ω–∏–∫ –ú–æ—Å–∫–æ–º–º–µ—Ä—Ü–±–∞–Ω–∫–∞ –Ω–µ –æ–±—ä—è–≤–ª–µ–Ω. –û–¥–Ω–∞–∫–æ –Ω–µ—Å–∫–æ–ª—å–∫–æ –∫–æ—Å–≤–µ–Ω–Ω—ã—Ö —Ñ–∞–∫—Ç–æ—Ä–æ–≤ [—É–∫–∞–∑—ã–≤–∞–µ—Ç](https://t.me/MarketOverview/10416) –Ω–∞ —Å–≤—è–∑—å —Å –±–∞–Ω–∫–æ–º –°–∏–Ω–∞—Ä–∞. –í–µ—Ä–æ—è—Ç–Ω–æ –ú–æ—Å–∫–æ–º–º–µ—Ä—Ü–±–∞–Ω–∫ –±—É–¥–µ—Ç –æ—Ñ–æ—Ä–º–ª—è—Ç—å –∫–∞—Ä—Ç—ã —É–∂–µ –Ω–æ–≤–æ–≥–æ —Å–æ–±—Å—Ç–≤–µ–Ω–Ω–∏–∫–∏. –î—Ä—É–≥–∏–º —Å—Ü–µ–Ω–∞—Ä–∏–µ–º —Ä–∞–∑–≤–∏—Ç–∏—è –º–æ–∂–µ—Ç —Å—Ç–∞—Ç—å —Å–ø–µ—Ü–∏–∞–ª–∏–∑–∞—Ü–∏—è –Ω–∞ –†–ö–û —é—Ä. –ª–∏—Ü. 

[—Ä–µ–ª–∏–∑](https://www.moskb.ru/press/advertisements/informatsiya-po-obsluzhivaniyu-bankovskikh-kart/) | [—Ç–∞—Ä–∏—Ñ—ã](https://www.moskb.ru/tariffs/%D0%A0%D0%B0%D1%81%D1%81%D1%87%D0%B5%D1%82%D0%BD%D0%BE-%D0%BA%D0%B0%D1%81%D1%81%D0%BE%D0%B2%D0%BE%D0%B5%20%D0%BE%D0%B1%D1%81%D0%BB%D1%83%D0%B6%D0%B8%D0%B2%D0%B0%D0%BD%D0%B8%D0%B5%20(%D0%BE%D1%82%2003.07.2023).pdf) (pdf)| @MarketOverview",2023-07-10
MarketOverview,"**–°–∏—Ç–∏–±–∞–Ω–∫ –∑–∞–∫—Ä—ã–≤–∞–µ—Ç** **–µ–¥–∏–Ω—Å—Ç–≤–µ–Ω–Ω—ã–π –æ—Ñ–∏—Å –≤ –†–æ—Å—Ç–æ–≤–µ-–Ω–∞-–î–æ–Ω—É**

8 —Å–µ–Ω—Ç—è–±—Ä—è 2023 –±—É–¥–µ—Ç –∑–∞–∫—Ä—ã—Ç –≤–µ—Å—å —Ñ–∏–ª–∏–∞–ª ""–î–æ–Ω—Å–∫–æ–π"": –ø–µ—Ä–µ—Å—Ç–∞–Ω—É—Ç —Ä–∞–±–æ—Ç–∞—Ç—å –æ—Ç–¥–µ–ª–µ–Ω–∏–µ –∏ –±–∞–Ω–∫–æ–º–∞—Ç—ã. –£ –∫–ª–∏–µ–Ω—Ç–æ–≤ —Ä–µ–≥–∏–æ–Ω–∞–ª—å–Ω–æ–≥–æ —Ñ–∏–ª–∏–∞–ª–∞ –ø–æ–º–µ–Ω—è—é—Ç—Å—è —Ä–µ–∫–≤–∏–∑–∏—Ç—ã, —Ç–∞–∫ –∫–∞–∫ –≤—Å–µ –æ—Å—Ç–∞—Ç–∫–∏ –±—É–¥—É—Ç –ø–µ—Ä–µ–≤–µ–¥–µ–Ω—ã –≤ —Ü–µ–Ω—Ç—Ä–∞–ª—å–Ω—ã–π –æ—Ñ–∏—Å –≤ –ú–æ—Å–∫–≤—É. –†–µ—à–µ–Ω–∏–µ —Å–≤—è–∑–∞–Ω–æ —Å –æ–±—ä—è–≤–ª–µ–Ω–Ω—ã–º –≤ –∞–≤–≥—É—Å—Ç–µ 2022 [—Å–≤–æ—Ä–∞—á–∏–≤–∞–Ω–∏–∏](https://t.me/MarketOverview/9046) –±–∏–∑–Ω–µ—Å–∞. –°–∏—Ç–∏ –æ–±–µ—â–∞–µ—Ç –≤—ã–ø–æ–ª–Ω–∏—Ç—å –≤—Å–µ –æ–±—è–∑–∞—Ç–µ–ª—å—Å—Ç–≤–∞ –ø–µ—Ä–µ–¥ –∫–ª–∏–µ–Ω—Ç–∞–º–∏ —Ä–µ–≥–∏–æ–Ω–∞.
–†–∞–Ω–µ–µ –±–∞–Ω–∫ –∑–∞—è–≤–∏–ª –æ –ø–ª–∞–Ω–∞—Ö –∑–∞–∫—Ä—ã—Ç—å —Ñ–∏–ª–∏–∞–ª –≤ –ë–∞—à–∫–∏—Ä–∏–∏ - –¥–∞—Ç–∞ [11 –∞–≤–≥—É—Å—Ç–∞ 2023](https://t.me/MarketOverview/10863). –í –†–æ—Å—Å–∏–∏ –æ—Å—Ç–∞—é—Ç—Å—è –ø—Ä–µ–¥—Å—Ç–∞–≤–∏—Ç–µ–ª—å—Å—Ç–≤–∞ –°–∏—Ç–∏–±–∞–Ω–∫–∞ –≤ 6 —Ä–µ–≥–∏–æ–Ω–∞—Ö: 4 –æ—Ñ–∏—Å–∞ –≤ –ú–æ—Å–∫–≤–µ , 3 - –≤ –°–∞–Ω–∫—Ç-–ü–µ—Ç–µ—Ä–±—É—Ä–≥–µ (14 –∏—é–ª—è [–∑–∞–∫—Ä—ã–≤–∞–µ—Ç—Å—è](https://t.me/MarketOverview/10686) –æ—Ç–¥–µ–ª–µ–Ω–∏–µ ¬´–ú–æ—Å–∫–æ–≤—Å–∫–∏–π –ø—Ä–æ—Å–ø–µ–∫—Ç¬ª) –∏ –ø–æ –æ–¥–Ω–æ–º—É –≤ –í–æ–ª–≥–æ–≥—Ä–∞–¥–µ, –ï–∫–∞—Ç–µ—Ä–∏–Ω–±—É—Ä–≥–µ, –ù–∏–∂–Ω–µ–º –ù–æ–≤–≥–æ—Ä–æ–¥–µ –∏ –°–∞–º–∞—Ä–µ.

–Ø —É–∂–µ –ø–æ–ª—É—á–∏–ª —É–≤–µ–¥–æ–º–ª–µ–Ω–∏–µ –æ —Ç–æ–º, —á—Ç–æ –°–∏—Ç–∏ –∑–∞–∫—Ä—ã–≤–∞–µ—Ç –º–Ω–µ –æ–¥–Ω—É –∏–∑ –¥–≤—É—Ö –∫—Ä–µ–¥–∏—Ç–Ω—ã—Ö –∫–∞—Ä—Ç –∏ –¥–∞—ë—Ç –≤—Ä–µ–º—è –¥–æ 1 –¥–µ–∫–∞–±—Ä—è –Ω–∞  —Ä–∞—Å—Ç–æ—Ä–∂–µ–Ω–∏–µ –¥–æ–≥–æ–≤–æ—Ä–∞ –∏–ª–∏ –ø–µ—Ä–µ–µ–∑–¥ –≤ –±–∞–Ω–∫ –£—Ä–∞–ª—Å–∏–± ([—É—Å–ª–æ–≤–∏—è](https://t.me/MarketOverview/10799)). –í—á–µ—Ä–∞ –æ–±–Ω–∞—Ä—É–∂–∏–ª –≤ –ø–æ—á—Ç–æ–≤–æ–º —è—â–∏–∫–µ –ø–∏—Å—å–º–æ-—É–≤–µ–¥–æ–º–ª–µ–Ω–∏–µ –æ –∑–∞–∫—Ä—ã—Ç–∏–∏ –º–æ–µ–≥–æ —Ç–µ–∫—É—â–µ–≥–æ —Å—á–µ—Ç–∞, –∑–¥–µ—Å—å –≤—Å—ë –ø—Ä–æ—Å—Ç–æ: __""–≤ —Å–æ–æ—Ç–≤–µ—Ç—Å—Ç–≤–∏–∏ —Å–æ —Å—Ç. 859 –ì–ö –†–§ –≤ —Å–≤—è–∑–∏ —Å –æ—Ç—Å—Ç—É—Å—Ç–≤–∏–µ–º –≤ —Ç–µ—á–µ–Ω–∏–µ –¥–≤—É—Ö –ª–µ—Ç –æ–ø–µ—Ä–∞—Ü–∏–π –∏ –æ—Å—Ç–∞—Ç–∫–æ–≤ –ø–æ —Å—á–µ—Ç—É""__. –î–µ–π—Å—Ç–≤–∏—Ç–µ–ª—å–Ω–æ, –≤ –ª—é–±–æ–º –±–∞–Ω–∫–µ –≤ —Ç–∞—Ä–∏—Ñ–∞—Ö –µ—Å—Ç—å –æ—Ç–¥–µ–ª—å–Ω–∞—è —Å—Ç—Ä–æ–∫–∞, –∫–æ—Ç–æ—Ä–∞—è —Ä–µ–≥–ª–∞–º–µ–Ω—Ç–∏—Ä—É–µ—Ç –≤–æ–∑–º–æ–∂–Ω–æ—Å—Ç—å –±–∞–Ω–∫–∞ –∑–∞–∫—Ä—ã–≤–∞—Ç—å —Ç–∞–∫–∏–µ —Å—á–µ—Ç–∞ + –±–∞–Ω–∫–∏ –ª—é–±—è—Ç –≤–≤–æ–¥–∏—Ç—å –∫–æ–º–∏—Å—Å–∏–∏ –∑–∞ –æ–±—Å–ª—É–∂–∏–≤–∞–Ω–∏–µ –Ω–µ–∞–∫—Ç–∏–≤–Ω—ã—Ö —Å—á–µ—Ç–æ–≤, —á—Ç–æ–±—ã –≤—ã–≤–µ—Å—Ç–∏ –≤ –Ω–æ–ª—å –æ—Å—Ç–∞—Ç–æ–∫ –¥–ª—è –¥–∞–ª—å–Ω–µ–π—à–µ–≥–æ –∑–∞–∫—Ä—ã—Ç–∏—è.

[—Ä–µ–ª–∏–∑](https://www.citibank.ru/russia/News/rus/news.htm?news_1) | @MarketOverview",2023-07-10
MarketOverview,"üí∏ –í —Ä–∞–±–æ—Ç–µ –º–æ–±–∏–ª—å–Ω–æ–≥–æ –ø—Ä–∏–ª–æ–∂–µ–Ω–∏—è –∏ –∏–Ω—Ç–µ—Ä–Ω–µ—Ç-–±–∞–Ω–∫–∞ –†–∞–π—Ñ—Ñ–∞–π–∑–µ–Ω–±–∞–Ω–∫–∞ –ø—Ä–æ–∏–∑–æ—à–µ–ª –º–∞—Å—à—Ç–∞–±–Ω—ã–π —Å–±–æ–π: –ø–æ–ª—å–∑–æ–≤–∞—Ç–µ–ª–∏ –Ω–µ –º–æ–≥—É—Ç –∞–≤—Ç–æ—Ä–∏–∑–æ–≤–∞—Ç—å—Å—è –≤ –ª–∏—á–Ω–æ–º –∫–∞–±–∏–Ω–µ—Ç–µ. –í–æ–π—Ç–∏ –≤ –ø—Ä–∏–ª–æ–∂–µ–Ω–∏–µ –†–∞–π—Ñ –ò–Ω–≤–µ—Å—Ç–∏—Ü–∏–∏ —Ç–æ–∂–µ –Ω–µ–≤–æ–∑–º–æ–∂–Ω–æ

@MarketOverview

UPD: –≤ 14:00 –ø—Ä–∏–ª–æ–∂–µ–Ω–∏–µ –≤–æ—Å—Å—Ç–∞–Ω–æ–≤–∏–ª–∏, —Ö–æ—Ç—è –ø—Ä–∏ –≤—Ö–æ–¥–µ –ø–æ—è–≤–ª—è–µ—Ç—Å—è —É–≤–µ–¥–æ–º–ª–µ–Ω–∏–µ –æ –≤–æ–∑–º–æ–∂–Ω–æ–π –Ω–µ—Å—Ç–∞–±–∏–ª—å–Ω–æ–π —Ä–∞–±–æ—Ç–µ.",2023-07-10
MarketOverview,"–°–º–µ–ª—ã–µ —Ä–µ—à–µ–Ω–∏—è, –æ–ø—Ä–µ–¥–µ–ª–∏–≤—à–∏–µ –∞—Ä—Ö–∏—Ç–µ–∫—Ç—É—Ä–Ω–æ–µ —Ä–∞–∑–≤–∏—Ç–∏–µ –º–µ–≥–∞–ø–æ–ª–∏—Å–æ–≤, —Ü–µ–Ω—è—Ç—Å—è –∫–æ–ª–ª–µ–∫—Ü–∏–æ–Ω–µ—Ä–∞–º–∏ –Ω–µ–¥–≤–∏–∂–∏–º–æ—Å—Ç–∏ –Ω–µ –º–µ–Ω—å—à–µ, —á–µ–º –∏—Å—Ç–æ—Ä–∏—á–µ—Å–∫–∏–µ –æ—Å–æ–±–Ω—è–∫–∏. –°–∞–º–∞—è –∫—Ä—É–ø–Ω–∞—è —Å–¥–µ–ª–∫–∞ —Å –∂–∏–ª–æ–π –Ω–µ–¥–≤–∏–∂–∏–º–æ—Å—Ç—å—é –≤ –°–®–ê - –∫–≤–∞—Ä—Ç–∏—Ä–∞ –≤ –Ω–µ–±–æ—Å–∫—Ä–µ–±–µ. –í 2019 –≥–æ–¥—É –ø–µ–Ω—Ç—Ö–∞—É—Å –≤ 220 Central Park South –≤ —ç–ª–∏—Ç–Ω–æ–º –í–µ—Ä—Ö–Ω–µ–º –ò—Å—Ç-–°–∞–π–¥–µ –∫—É–ø–∏–ª–∏ –∑–∞ $238 –º–ª–Ω.

–ù–µ –∑–∞ –≥–æ—Ä–∞–º–∏ –≤—Ä–µ–º—è, –∫–æ–≥–¥–∞ —Å–æ–±–∏—Ä–∞—Ç–µ–ª–∏ —ç–∫—Å–∫–ª—é–∑–∏–≤–Ω–æ–≥–æ –∂–∏–ª—å—è –Ω–∞—á–Ω—É—Ç –æ—Ö–æ—Ç–∏—Ç—å—Å—è –∑–∞ –∫–≤–∞—Ä—Ç–∏—Ä–∞–º–∏ –≤ ‚Äú–°–æ–±—ã—Ç–∏–∏. 4‚Äù. –≠—Ç–æ—Ç –≤–∏–∑–∏–æ–Ω–µ—Ä—Å–∫–∏–π –∏ –¥–µ—Ä–∑–∫–∏–π –ø—Ä–æ–µ–∫—Ç –æ—Ç –î–æ–Ω—Å—Ç—Ä–æ–π - –ø–µ—Ä–≤—ã–π –≤ –†–æ—Å—Å–∏–∏ –∏ —É–ª—å—Ç—Ä–∞—Å–æ–≤—Ä–µ–º–µ–Ω–Ω—ã–π –¥–∞–∂–µ –ø–æ –º–∏—Ä–æ–≤—ã–º –º–µ—Ä–∫–∞–º –Ω–µ–±–æ—Å–∫—Ä–µ–± —Å–æ sky-–º–æ—Å—Ç–∞–º–∏. –ß–µ—Ä–µ–∑ –ø–∞—Ä—É –¥–µ—Å—è—Ç–∏–ª–µ—Ç–∏–π, –∫–æ–≥–¥–∞ –ø—Ä–∏–ª–æ–∂–µ–Ω–∏–µ –ø–æ –≤—ã–∑–æ–≤—É –ª–µ—Ç–∞—é—â–µ–≥–æ —Ç–∞–∫—Å–∏ –±—É–¥–µ—Ç –≤ —Ç–µ–ª–µ—Ñ–æ–Ω–µ –∫–∞–∂–¥–æ–≥–æ –º–æ—Å–∫–≤–∏—á–∞, –∂–∏—Ç–µ–ª–∏ —á–µ—Ç–≤–µ—Ä—Ç–æ–≥–æ –∫–≤–∞—Ä—Ç–∞–ª–∞ ‚Äú–°–æ–±—ã—Ç–∏—è‚Äù —Å–∫–∞–∂—É—Ç: ‚Äú–£ –Ω–∞—Å –≤—Å–µ –±—ã–ª–æ –≥–æ—Ç–æ–≤–æ –µ—â–µ –≤ 20-—Ö: –ø–∞—Ä—è—â–∏–µ —É –æ–±–ª–∞–∫–æ–≤ –ø—Ä–æ–º–µ–Ω–∞–¥—ã –∏ —Å–∫–æ—Ä–æ—Å—Ç–Ω—ã–µ –ª–∏—Ñ—Ç—ã‚Äù. –ü–æ–∫–∞ –±—É–¥—É—â–µ–µ –Ω–∞—Å—Ç—É–ø–∏–ª–æ —Ç–æ–ª—å–∫–æ –≤ –æ–¥–Ω–æ–º –Ω–µ–±–æ—Å–∫—Ä–µ–±–µ, –µ–≥–æ —Ä–µ–∑–∏–¥–µ–Ω—Ç—ã —Å–º–æ–≥—É—Ç —Ä–∞—Å—Å–ª–∞–±–∏—Ç—å—Å—è –≤ –ª–∞—É–Ω–¥–∂–µ sky-–ø–∞—Ä–∫–∞ –≤ –æ–∫—Ä—É–∂–µ–Ω–∏–∏ –∑–µ–ª–µ–Ω–∏ –Ω–∞ –≤—ã—Å–æ—Ç–µ 170 –º–µ—Ç—Ä–æ–≤ –∏ –ª—é–±–æ–≤–∞—Ç—å—Å—è —Å–º–µ–Ω–æ–π —Å–µ–∑–æ–Ω–æ–≤ –Ω–∞ –í–æ—Ä–æ–±—å–µ–≤—ã—Ö –≥–æ—Ä–∞—Ö, –≤ –ü–∞—Ä–∫–µ –ü–æ–±–µ–¥—ã –∏ –∫–∞–º–ø—É—Å–µ –ú–ì–£. –í–æ –≤—Å–µ–º –º–∏—Ä–µ –∑–∞ –ø–æ–¥–æ–±–Ω—ã–º–∏ –≤–ø–µ—á–∞—Ç–ª–µ–Ω–∏—è–º–∏ –µ–¥—É—Ç –≤ Marina Bay Sands –≤ –°–∏–Ω–≥–∞–ø—É—Ä–µ. @banksta",2023-07-10
MarketOverview,"ü§ù –°–µ–≥–æ–¥–Ω—è –≤ 12:00 –∑–∞–≤–µ—Ä—à–∏–ª—Å—è –∞—É–∫—Ü–∏–æ–Ω: **–±–∞–Ω–∫ –¢—Ä–∞—Å—Ç –ø—Ä–æ–¥–∞–ª 90,01% –∞–∫—Ü–∏–π –±–∞–Ω–∫–∞ –¢–æ—á–∫–∞ –≥—Ä—É–ø–ø–µ –∏–Ω–≤–µ—Å—Ç–æ—Ä–æ–≤**, —Å—Ä–µ–¥–∏ –∫–æ—Ç–æ—Ä—ã—Ö –ò–Ω—Ç–µ—Ä—Ä–æ—Å –í–ª–∞–¥–∏–º–∏—Ä–∞ –ü–æ—Ç–∞–Ω–∏–Ω–∞ (–†–æ—Å–±–∞–Ω–∫, –¢–∏–Ω—å–∫–æ—Ñ—Ñ) –∏ —Ä—è–¥ –¥—Ä—É–≥–∏—Ö –∏–Ω–≤–µ—Å—Ç–æ—Ä–æ–≤, –∫–æ—Ç–æ—Ä—ã–µ –Ω–µ —Ä–∞—Å–∫—Ä—ã–≤–∞—é—Ç—Å—è.

9,9% –ø—Ä–∏–Ω–∞–¥–ª–µ–∂–∞–ª–æ Catalytic People Limited (–ö–∏–ø—Ä), –∫–æ—Ç–æ—Ä—É—é –æ—Å–Ω–æ–≤–∞—Ç–µ–ª–∏ –±–∞–Ω–∫–∞ –ë–æ—Ä–∏—Å –î—å—è–∫–æ–Ω–æ–≤ –∏ –≠–¥—É–∞—Ä–¥ –ü–∞–Ω—Ç–µ–ª–µ–µ–≤ [–ø—Ä–æ–¥–∞–ª–∏](https://t.me/MarketOverview/10330) Invest finance LLC, –ø—Ä–∏–Ω–∞–¥–ª–µ–∂–∞—â–µ–π —Å–æ–≤–ª–∞–¥–µ–ª—å—Ü–∞–º –∞–≤–∏–∞–∫–æ–º–ø–∞–Ω–∏–∏ S7 –í–ª–∞–¥–∏—Å–ª–∞–≤—É –§–∏–ª–µ–≤—É –∏ –µ–≥–æ –¥–æ—á–µ—Ä–∏ –¢–∞—Ç—å—è–Ω–µ. –í–ª–∞–¥–µ–ª—å—Ü—ã –º–∏–Ω–æ—Ä–∏—Ç–∞—Ä–Ω–æ–≥–æ –ø–∞–∫–µ—Ç–∞ –æ–±–ª–∞–¥–∞–ª–∏ –ø—Ä–µ–∏–º—É—â–µ—Å—Ç–≤–µ–Ω–Ω—ã–º –ø—Ä–∞–≤–æ–º –Ω–∞ –≤—ã–∫—É–ø –æ—Å—Ç–∞–ª—å–Ω–æ–≥–æ –ø–∞–∫–µ—Ç–∞, —á—Ç–æ –æ—Ç—Ç–∞–ª–∫–∏–≤–∞–ª–æ –Ω–µ–∫–æ—Ç–æ—Ä—ã—Ö –ø–æ—Ç–µ–Ω—Ü–∏–∞–ª—å–Ω—ã—Ö –ø–æ–∫—É–ø–∞—Ç–µ–ª–µ–π. –í –∏—Ç–æ–≥–µ –§–∏–ª–µ–≤—ã –≤–æ—Å–ø–æ–ª—å–∑–æ–≤–∞–ª–∏—Å—å –ø—Ä–µ–∏–º—É—â–µ—Å—Ç–≤–µ–Ω–Ω—ã–º –ø—Ä–∞–≤–æ–º, –ø—Ä–µ–¥–≤–∞—Ä–∏—Ç–µ–ª—å–Ω–æ —Å–æ–±—Ä–∞–≤ –≤–æ–∫—Ä—É–≥ —Å–µ–±—è –≥—Ä—É–ø–ø—É –∏–Ω–≤–µ—Å—Ç–æ—Ä–æ–≤.

–í –∞–ø—Ä–µ–ª–µ –¢—Ä–∞—Å—Ç [–≤—ã—Å—Ç–∞–≤–∏–ª](https://t.me/MarketOverview/10478) –∞–∫—Ü–∏–∏ –±–∞–Ω–∫–∞ –Ω–∞ —Ç–æ—Ä–≥–∏, —Ç–æ–≥–¥–∞ –Ω–∞—á–∞–ª—å–Ω–∞—è —Ü–µ–Ω–∞ –∞—É–∫—Ü–∏–æ–Ω–∞ –±—ã–ª–∞ 22,7 –º–ª—Ä–¥ —Ä—É–±, –ø–æ–∑–∂–µ –æ–Ω–∞ –ø–æ–≤—ã—Å–∏–ª–∞—Å—å –¥–æ 24,7 –º–ª—Ä–¥ —Ä—É–±. –í –∏—Ç–æ–≥–µ —Å—É–º–º–∞ —Å–¥–µ–ª–∫–∏ —Å–æ—Å—Ç–∞–≤–∏–ª–∞ 41,5 –º–ª—Ä–¥ —Ä—É–± (+82% –∫ –ø–µ—Ä–≤–æ–Ω–∞—á–∞–ª—å–Ω–æ–π —Ü–µ–Ω–µ). –ù–∞ –∞—É–∫—Ü–∏–æ–Ω –∑–∞—è–≤–∏–ª–æ—Å—å 7 —É—á–∞—Å—Ç–Ω–∏–∫–æ–≤: Catalytic People Limited, [–¢–∏–Ω—å–∫–æ—Ñ—Ñ –±–∞–Ω–∫](https://t.me/MarketOverview/9682), [–ê–ª—å—Ñ–∞-–ë–∞–Ω–∫](https://t.me/MarketOverview/11110), –£—Ä–∞–ª—Å–∏–±, –æ—Å—Ç–∞–ª—å–Ω—ã–µ - –Ω–µ–∏–∑–≤–µ—Å—Ç–Ω—ã. –ü–æ–∑–∂–µ –∑–∞—è–≤–∏–ª—Å—è [–†–æ—Å–±–∞–Ω–∫](https://t.me/MarketOverview/11081), –Ω–æ –Ω–µ–ø–æ–Ω—è—Ç–Ω–æ –∫–∞–∫ –æ—Ç–¥–µ–ª—å–Ω—ã–π —É—á–∞—Å—Ç–Ω–∏–∫ –∏–ª–∏ –≤ —Å–æ—Å—Ç–∞–≤–µ –≥—Ä—É–ø–ø—ã –∏–Ω–≤–µ—Å—Ç–æ—Ä–æ–≤. –¢–∞–∫–∂–µ –Ω–µ–ø–æ–Ω—è—Ç–Ω–æ, –ø–æ—á–µ–º—É –ò–Ω—Ç–µ—Ä—Ä–æ—Å –∑–∞—è–≤–∏–ª—Å—è –¥–≤–∞–∂–¥—ã —á–µ—Ä–µ–∑ –†–æ—Å–±–∞–Ω–∫ –∏ –¢–∏–Ω—å–∫–æ—Ñ—Ñ. –ü–æ –¥–∞–Ω–Ω—ã–º –†–ë–ö –≤ –∞—É–∫—Ü–∏–æ–Ω–µ —É—á–∞—Å—Ç–≤–æ–≤–∞–ª–æ —Ç–æ–ª—å–∫–æ –¥–≤–∞ –ø–æ—Ç–µ–Ω—Ü–∏–∞–ª—å–Ω—ã—Ö –∏–Ω–≤–µ—Å—Ç–æ—Ä–∞, –ø–æ—Ö–æ–∂–µ –ø—Ä–æ—Ç–∏–≤ –Ω–µ–≥–æ –∏ –æ–±—ä–µ–¥–∏–Ω–∏–ª–∞—Å—å –≥—Ä—É–ø–ø–∞ –∏–Ω–≤–µ—Å—Ç–æ—Ä–æ–≤: –ê–ª—å—Ñ–∞, –£—Ä–∞–ª—Å–∏–±, –∫—Ç–æ-—Ç–æ –µ—â–µ?

–ò–Ω—Ç–µ—Ä–µ—Å–Ω–æ, —á—Ç–æ –≤ —Ä–µ–ª–∏–∑–µ –¢–æ—á–∫–∞ –ø–∏—à–µ—Ç:
‚Ä¢ __–≤ –∫–æ–Ω—Å–æ—Ä—Ü–∏—É–º–µ –æ—Ç—Å—É—Ç—Å—Ç–≤—É–µ—Ç –º–∞–∂–æ—Ä–∏—Ç–∞—Ä–Ω—ã–π –∏–Ω–≤–µ—Å—Ç–æ—Ä__ - —ç—Ç–æ –Ω–µ–º–Ω–æ–≥–æ –æ–±–ª–µ–≥—á–∞–µ—Ç –Ω–∞ —Å–ª—É—á–∞–π, –µ—Å–ª–∏ –∞–∫—Ü–∏–æ–Ω–µ—Ä –Ω–∞—Ö–æ–¥–∏–ª—Å—è –ø–æ–¥ —Å–∞–Ω–∫—Ü–∏—è–º–∏, –æ–¥–Ω–∞–∫–æ –≥–ª–∞–≤–Ω–æ–µ –Ω–µ –ø—Ä–µ–≤—ã—à–∞—Ç—å –¥–æ–ª—é –≤ 50% –ø–æ–¥—Å–∞–Ω–∫—Ü–∏–æ–Ω–Ω—ã—Ö –ª–∏—Ü;
__‚Ä¢ –≤ –±—É–¥—É—â–µ–º –¢–æ—á–∫–∞ –ø–ª–∞–Ω–∏—Ä—É–µ—Ç —É—Å–∏–ª–∏—Ç—å —Å–æ—Å—Ç–∞–≤ –∞–∫—Ü–∏–æ–Ω–µ—Ä–æ–≤__;
‚Ä¢ __–∏–Ω—Ç–µ—Ä–µ—Å –∫ —É—á–∞—Å—Ç–∏—é –≤ –∫–æ–Ω—Å–æ—Ä—Ü–∏—É–º–µ –ø—Ä–æ—è–≤–∏–ª–∞ –∫–æ–º–ø–∞–Ω–∏—è VK__ - –≤–æ–∑–º–æ–∂–Ω–æ —ç—Ç–æ –∏ –µ—Å—Ç—å –±—É–¥—É—â–∏–π –º–µ–∂–¥—É–Ω–∞—Ä–æ–¥–Ω—ã–π –∏–Ω–≤–µ—Å—Ç–æ—Ä.
–°–¥–µ–ª–∫–∞ –æ–∫–æ–Ω—á–∞—Ç–µ–ª—å–Ω–æ –∑–∞–∫—Ä–æ–µ—Ç—Å—è –≤ 3 –∫–≤–∞—Ä—Ç–∞–ª–µ, –Ω–∞–¥–µ—é—Å—å, —Ç–æ–≥–¥–∞ —É–∂–µ –±—É–¥–µ—Ç –ø–æ–Ω—è—Ç–Ω–æ, –∫—Ç–æ –Ω–æ–≤—ã–π –≤–ª–∞–¥–µ–ª–µ—Ü –¢–æ—á–∫–∏.

[—Ä–µ–ª–∏–∑](https://tochka.com/news/top-menedzhment-tochki-i-konsorcium-investorov-konsolidiruyut-100-ao-tochka/) | [–†–ë–ö](https://www.rbc.ru/finances/10/07/2023/64aba97a9a794705228daadf) | @MarketOverview",2023-07-10
MarketOverview,"–°–±–µ—Ä –≤–µ–¥–µ—Ç [–ø–µ—Ä–µ–≥–æ–≤–æ—Ä—ã](https://www.kommersant.ru/doc/6095808) —Å –∫—Ä—É–ø–Ω—ã–º–∏ –±–∞–Ω–∫–∞–º–∏ –æ –ø–æ–¥–∫–ª—é—á–µ–Ω–∏–∏ –∫ —Å–µ—Ä–≤–∏—Å—É ¬´–ü–ª–∞—Ç–∏ QR¬ª. 

¬´–ü–ª–∞—Ç–∏ QR¬ª, –ø–æ —Å—É—Ç–∏, —è–≤–ª—è–µ—Ç—Å—è –∞–ª—å—Ç–µ—Ä–Ω–∞—Ç–∏–≤–æ–π –°–ë–ü. –°–µ–≥–æ–¥–Ω—è –∫ —Å–µ—Ä–≤–∏—Å—É —É–∂–µ –ø–æ–¥–∫–ª—é—á–∏–ª–∏—Å—å —Ç—Ä–∏ –∫—Ä—É–ø–Ω—ã—Ö –±–∞–Ω–∫–∞ ‚Äî –ê–ª—å—Ñ–∞, –¢–∏–Ω—å–∫–æ—Ñ—Ñ –∏ –°–æ–≤–∫–æ–º–±–∞–Ω–∫. –° –æ—Å—Ç–∞–ª—å–Ω—ã–º–∏ –ø–æ–∫–∞ –∏–¥–µ—Ç –ø–µ—Ä–µ–≥–æ–≤–æ—Ä–Ω—ã–π –ø—Ä–æ—Ü–µ—Å—Å. 

–í–ø—Ä–æ—á–µ–º, –≤ —Å—Ç–∞—Ç—å–µ –ø—Ä–æ–≥–Ω–æ–∑–∏—Ä—É—é—Ç –ø–æ–ª–æ–∂–∏—Ç–µ–ª—å–Ω—ã–π –∏—Å—Ö–æ–¥ –ø–µ—Ä–µ–≥–æ–≤–æ—Ä–æ–≤. –ù–∞–ø—Ä–∏–º–µ—Ä, –≤—Å–∫–æ—Ä–µ –∫ —Å–µ—Ä–≤–∏—Å—É –º–æ–≥—É—Ç –ø—Ä–∏—Å–æ–µ–¥–∏–Ω–∏—Ç—å—Å—è ¬´–ó–µ–Ω–∏—Ç¬ª, ¬´–û—Ç–∫—Ä—ã—Ç–∏–µ¬ª –∏ ¬´–ü–æ—á—Ç–∞ –±–∞–Ω–∫¬ª.",2023-07-10
MarketOverview,"üí∏**–ö—É–¥–∞ –∑–∞—Ä—É–±–µ–∂–Ω—ã–µ –±–∞–Ω–∫–∏ –ø–æ—Ç—Ä–∞—Ç–∏–ª–∏ ¬´—Ä–æ—Å—Å–∏–π—Å–∫—É—é¬ª –≤–∞–ª—é—Ç—É? 

**–ó–∞ –ø–æ—Å–ª–µ–¥–Ω–∏–µ –ø–æ–ª—Ç–æ—Ä–∞ –≥–æ–¥–∞ —Ä–æ—Å—Å–∏—è–Ω–µ –≤—ã–≤–µ–ª–∏ –∏–∑ —Å—Ç—Ä–∞–Ω—ã –º–∞–∫—Å–∏–º–∞–ª—å–Ω—ã–π –∑–∞ –≤—Å—é –∏—Å—Ç–æ—Ä–∏—é –Ω–∞–±–ª—é–¥–µ–Ω–∏–π –æ–±—ä–µ–º —Å—Ä–µ–¥—Å—Ç–≤. –¢–æ–ª—å–∫–æ –Ω–∞ –¥–µ–ø–æ–∑–∏—Ç–∞—Ö –≤ –±–∞–Ω–∫–∞—Ö-–Ω–µ—Ä–µ–∑–∏–¥–µ–Ω—Ç–∞—Ö –≥—Ä–∞–∂–¥–∞–Ω–µ —Ö—Ä–∞–Ω–∏–ª–∏ –æ–∫–æ–ª–æ 5,8 —Ç—Ä–ª–Ω —Ä—É–±–ª–µ–π. –ó–Ω–∞—á–∏—Ç–µ–ª—å–Ω—ã–π –æ–±—ä–µ–º —ç—Ç–∏—Ö –¥–µ–Ω–µ–≥ —É—à–µ–ª –≤ —Å—Ç—Ä–∞–Ω—ã –ó–∞–∫–∞–≤–∫–∞–∑—å—è –∏ –¶–µ–Ω—Ç—Ä–∞–ª—å–Ω–æ–π –ê–∑–∏–∏. –û–¥–Ω–∞–∫–æ, –ø–æ—Å—Ç—É–ø–∏–≤—à–∏–µ –≤ —ç—Ç–∏ —Å—Ç—Ä–∞–Ω—ã —Ä–µ–∫–æ—Ä–¥–Ω—ã–µ –æ–±—ä–µ–º—ã —Å—Ä–µ–¥—Å—Ç–≤ –Ω–µ –ø—Ä–∏–≤–µ–ª–∏ –∫ –±—É–º—É –∫—Ä–µ–¥–∏—Ç–æ–≤–∞–Ω–∏—è –Ω–∞—Å–µ–ª–µ–Ω–∏—è –∏ –±–∏–∑–Ω–µ—Å–∞ –Ω–∏ –≤ –æ–¥–Ω–æ–π –∏–∑ —Å—Ç—Ä–∞–Ω –ø—Ä–∏—Ç—è–∂–µ–Ω–∏—è —Ä–µ–ª–æ–∫–∞–Ω—Ç–æ–≤ –∏ –∫–∞—Ä—Ç–æ—á–Ω—ã—Ö —Ç—É—Ä–∏—Å—Ç–æ–≤. 

üá∞üáø–ù–∞ —Å—á–µ—Ç–∞—Ö –∏ –≤–∫–ª–∞–¥–∞—Ö –≤ **–ö–∞–∑–∞—Ö—Å—Ç–∞–Ω–µ** –Ω–µ—Ä–µ–∑–∏–¥–µ–Ω—Ç—ã —Ö—Ä–∞–Ω—è—Ç 17,4 —Ç—Ä–ª–Ω —Ç–µ–Ω–≥–µ ($38,8 –º–ª—Ä–¥). –ò—Ö –¥–æ–ª—è –≤ –æ–±—â–µ–º –æ–±—ä–µ–º–µ –±–∞–Ω–∫–æ–≤ –Ω–µ–≤–µ–ª–∏–∫–∞ ‚Äî –≤—Å–µ–≥–æ 9%, –Ω–æ –ø–æ–ª—Ç–æ—Ä–∞ –≥–æ–¥–∞ –Ω–∞–∑–∞–¥ –±—ã–ª–æ 1,5%. –û–±—ä–µ–º –≤—Ö–æ–¥—è—â–∏—Ö –∏–∑ –†–æ—Å—Å–∏–∏ —Å—Ä–µ–¥—Å—Ç–≤ –≤—ã—Ä–æ—Å –¥–æ 360 –º–ª—Ä–¥ —Ç–µ–Ω–≥–µ. 
–ó–∞ 2022 –≥–æ–¥ —Å–æ–≤–æ–∫—É–ø–Ω—ã–π –∫—Ä–µ–¥–∏—Ç–Ω—ã–π –ø–æ—Ä—Ç—Ñ–µ–ª—å –∫–∞–∑–∞—Ö—Å—Ç–∞–Ω—Å–∫–∏—Ö –±–∞–Ω–∫–æ–≤ –≤—ã—Ä–æ—Å –Ω–∞ 20% ‚Äî –¥–æ 24,6 —Ç—Ä–ª–Ω (+20%). –ü—Ä–∏ —ç—Ç–æ–º –≤ 2021 –≥–æ–¥—É –±–∞–Ω–∫–∏ —É–≤–µ–ª–∏—á–∏–ª–∏ —Å—Å—É–¥–Ω—ã–π –ø–æ—Ä—Ç—Ñ–µ–ª—å –Ω–∞ 28%. –ê –≤–æ—Ç —Å—Ä–µ–¥—Å—Ç–≤–∞ –Ω–∞ –∫–æ—Ä—Å—á–µ—Ç–∞—Ö –≤—ã—Ä–æ—Å–ª–∏ –≤ –¥–≤–∞ —Ä–∞–∑–∞ ‚Äî –¥–æ 1,55 —Ç—Ä–ª–Ω —Ç–µ–Ω–≥–µ, –≤ —Ü–µ–Ω–Ω—ã—Ö –±—É–º–∞–≥–∞—Ö ‚Äî –≤ 1,3 —Ä–∞–∑–∞, –¥–æ 11,4 —Ç—Ä–ª–Ω —Ç–µ–Ω–≥–µ

üá∞üá¨–ü–æ –¥–∞–Ω–Ω—ã–º –ù–∞—Ü–∏–æ–Ω–∞–ª—å–Ω–æ–≥–æ –±–∞–Ω–∫–∞ **–ö–∏—Ä–≥–∏–∑–∏–∏**, –≤ 2023 –≥–æ–¥—É –Ω–µ—Ä–µ–∑–∏–¥–µ–Ω—Ç—ã –¥–µ—Ä–∂–∞—Ç 54,23 –º–ª—Ä–¥ —Å–æ–º–æ–≤ (–±–æ–ª–µ–µ $633 –º–ª–Ω). –†–æ—Å—Ç –∫—Ä–µ–¥–∏—Ç–æ–≤–∞–Ω–∏—è —ç–∫–æ–Ω–æ–º–∏–∫–∏ –≤ 2022 –≥–æ–¥—É –¥–µ—Ä–∂–∞–ª—Å—è –Ω–∞ —Å—Ä–µ–¥–Ω–µ–º —É—Ä–æ–≤–Ω–µ –ø–æ—Å–ª–µ–¥–Ω–∏—Ö –ª–µ—Ç. –ü–æ—Å—Ç—É–ø–∞—é—â–∞—è –æ—Ç –Ω–µ—Ä–µ–∑–∏–¥–µ–Ω—Ç–æ–≤ –≤–∞–ª—é—Ç–∞ –æ—Å–µ–¥–∞–ª–∞ –Ω–∞ –∑–∞—Ä—É–±–µ–∂–Ω—ã—Ö –¥–µ–ø–æ–∑–∏—Ç–∞—Ö –∏ –∫–æ—Ä—Ä–µ—Å–ø–æ–Ω–¥–µ–Ω—Ç—Å–∫–∏—Ö —Å—á–µ—Ç–∞—Ö –∫–æ–º–º–µ—Ä—á–µ—Å–∫–∏—Ö –±–∞–Ω–∫–æ–≤. 

üá∫üáø–í **–£–∑–±–µ–∫–∏—Å—Ç–∞–Ω–µ** –±–æ–ª–µ–µ 60 000 —Ä–æ—Å—Å–∏—è–Ω –æ—Ç–∫—Ä—ã–ª–∏ —Å—á–µ—Ç–∞ –∏ –≤–∫–ª–∞–¥—ã –≤ –±–∞–Ω–∫–∞—Ö, –ø—Ä–∏–Ω–µ—Å—è –æ–∫–æ–ª–æ $892 –º–ª–Ω. –≠—Ç–æ –≤ –¥–µ–≤—è—Ç—å —Å –ø–æ–ª–æ–≤–∏–Ω–æ–π —Ä–∞–∑ –±–æ–ª—å—à–µ, —á–µ–º –±—ã–ª–æ ¬´–¥–æ¬ª. –î–µ–Ω–µ–∂–Ω—ã–µ –ø–µ—Ä–µ–≤–æ–¥—ã –≤ –£–∑–±–µ–∫–∏—Å—Ç–∞–Ω –≤—ã—Ä–æ—Å–ª–∏ –≤ 2,1 —Ä–∞–∑–∞ ‚Äî –¥–æ $16,9 –º–ª—Ä–¥. –ö—Ä–µ–¥–∏—Ç–Ω—ã–π –ø–æ—Ä—Ç—Ñ–µ–ª—å –±–∞–Ω–∫–æ–≤ –≤—ã—Ä–æ—Å –Ω–∞ 19,5%, –∞ –≤ 2021 –Ω–∞ 17,8%. –í—ã—Å–æ–∫–æ–ª–∏–∫–≤–∏–¥–Ω—ã–µ –∞–∫—Ç–∏–≤—ã –∫–æ–º–º–µ—Ä—á–µ—Å–∫–∏—Ö –±–∞–Ω–∫–æ–≤ —Å—Ç—Ä–∞–Ω—ã –∑–∞ –≥–æ–¥ –ø—Ä–∏—Ä–æ—Å–ª–∏ –Ω–∞ 37%, –¥–æ 104,47 —Ç—Ä–ª–Ω —Å—É–º, –∞ –∫–æ—ç—Ñ—Ñ–∏—Ü–∏–µ–Ω—Ç –ø–æ–∫—Ä—ã—Ç–∏—è –ª–∏–∫–≤–∏–¥–Ω–æ—Å—Ç–∏ –¥–æ—Å—Ç–∏–≥ —Ä–µ–∫–æ—Ä–¥–Ω—ã—Ö 211,6%.

üá¶üá≤–û–±—ä–µ–º —Å—Ä–µ–¥—Å—Ç–≤ –Ω–µ—Ä–µ–∑–∏–¥–µ–Ω—Ç–æ–≤ –≤ –±–∞–Ω–∫–∞—Ö **–ê—Ä–º–µ–Ω–∏–∏** –≤—ã—Ä–æ—Å –Ω–∞ 60% ‚Äî 1,4 —Ç—Ä–ª–Ω –¥—Ä–∞–º–æ–≤ ($3,6 –º–ª—Ä–¥).  –í —è–Ω–≤–∞—Ä–µ ‚Äî –∞–ø—Ä–µ–ª–µ 2023 –≥–æ–¥–∞ —Å—Ä–µ–¥—Å—Ç–≤–∞ –Ω–µ—Ä–µ–∑–∏–¥–µ–Ω—Ç–æ–≤ —Å–æ–∫—Ä–∞—Ç–∏–ª–∏—Å—å –Ω–∞ 8% –∫ –Ω–∞—á–∞–ª—É –≥–æ–¥–∞. 
–ö—Ä–µ–¥–∏—Ç–Ω—ã–π –ø–æ—Ä—Ç—Ñ–µ–ª—å –∞—Ä–º—è–Ω—Å–∫–∏—Ö –±–∞–Ω–∫–æ–≤ –ø–æ–¥—Ä–æ—Å –Ω–∞ 6%, –¥–æ 4,2 —Ç—Ä–ª–Ω –¥—Ä–∞–º. –°–æ–æ—Ç–Ω–æ—à–µ–Ω–∏–µ –ª–∏–∫–≤–∏–¥–Ω—ã—Ö –∞–∫—Ç–∏–≤–æ–≤ –∫–æ–º–º–µ—Ä—á–µ—Å–∫–∏—Ö –±–∞–Ω–∫–æ–≤ –∫ –æ–±—è–∑–∞—Ç–µ–ª—å—Å—Ç–≤–∞–º –¥–æ –≤–æ—Å—Ç—Ä–µ–±–æ–≤–∞–Ω–∏—è –Ω–∞ –∫–æ–Ω–µ—Ü 2022 —Å–æ—Å—Ç–∞–≤–∏–ª 102,5%

üá¨üá™–í **–ì—Ä—É–∑–∏—é** –≤ 2022 –≥–æ–¥—É —Ä–æ—Å—Å–∏—è–Ω–µ –ø–µ—Ä–µ–≤–µ–∑–ª–∏ 2,4 –º–ª—Ä–¥ –ª–∞—Ä–∏ (–æ–∫–æ–ª–æ $1 –º–ª—Ä–¥). –ó–∞ –≥–æ–¥ –æ–±—â–∏–π –æ–±—ä–µ–º —Å—Ä–µ–¥—Å—Ç–≤ –≤—ã—Ä–æ—Å –Ω–∞ 327%. –ü–µ—Ä–µ–≤–æ–¥—ã –∏–∑ –†–æ—Å—Å–∏–∏ –≤ –ø—Ä–æ—à–ª–æ–º –≥–æ–¥—É –±–∏–ª–∏ —Ä–µ–∫–æ—Ä–¥—ã, –≤ –æ—Ç–¥–µ–ª—å–Ω—ã–µ –º–µ—Å—è—Ü—ã –ø—Ä–µ–≤—ã—à–∞—è $300 –º–ª–Ω. –ê —Ç–µ–º–ø—ã —Ä–æ—Å—Ç–∞ –∫—Ä–µ–¥–∏—Ç–æ–≤–∞–Ω–∏—è –≤ 2022 –¥–∞–∂–µ —Å–Ω–∏–∑–∏–ª–∏—Å—å ‚Äî –¥–æ 3,2% —Å 13% –≤ 2021. 

–ö–æ–º–º–µ—Ä—á–µ—Å–∫–∏–µ –±–∞–Ω–∫–∏ —Å—Ç—Ä–∞–Ω –¶–µ–Ω—Ç—Ä–∞–ª—å–Ω–æ–π –ê–∑–∏–∏ –∏ –ó–∞–∫–∞–≤–∫–∞–∑—å—è –ø–æ–Ω–∏–º–∞—é—Ç, —á—Ç–æ —á–∞—Å—Ç—å –¥–µ–Ω–µ–≥ –∫ –Ω–∏–º –ø—Ä–∏—à–ª–∞ –Ω–µ–Ω–∞–¥–æ–ª–≥–æ, –ø–æ—ç—Ç–æ–º—É –∏—Å–ø–æ–ª—å–∑–æ–≤–∞—Ç—å —ç—Ç–∏ —Å—Ä–µ–¥—Å—Ç–≤–∞ –¥–ª—è –¥–æ–ª–≥–æ—Å—Ä–æ—á–Ω–æ–≥–æ —Ñ–æ–Ω–¥–∏—Ä–æ–≤–∞–Ω–∏—è –¥–µ–π—Å—Ç–≤–∏—Ç–µ–ª—å–Ω–æ –Ω–µ—Ü–µ–ª–µ—Å–æ–æ–±—Ä–∞–∑–Ω–æ. –°—Ç–∞—Ç–∏—Å—Ç–∏–∫–∞ –¥–µ–Ω–µ–∂–Ω—ã—Ö –ø–µ—Ä–µ–≤–æ–¥–æ–≤ –∑–∞ 2023 –≥–æ–¥ –ø–æ–¥—Ç–≤–µ—Ä–∂–¥–∞–µ—Ç –æ–ø–∞—Å–µ–Ω–∏—è –±–∞–Ω–∫–∏—Ä–æ–≤. –û–±—ä–µ–º —Ç—Ä–∞–Ω—Å—Ñ–µ—Ä—Ç–æ–≤ –≤ 2023 —É–∂–µ —Å—Ç—Ä–µ–º–∏—Ç–µ–ª—å–Ω–æ –ø–∞–¥–∞–µ—Ç.

[Forbes](https://www.forbes.ru/finansy/492258-neupravlaemye-pritoki-kak-banki-bliznego-zarubez-a-perevarili-sredstva-rossian) | @MarketOverview",2023-07-10
MarketOverview,"**–£–Ω–∏–∫–∞–ª—å–Ω—ã–µ –≤–æ–∑–º–æ–∂–Ω–æ—Å—Ç–∏ **[**–ê–õ–û–† OpenAPI](https://www.alorbroker.ru/open?promo=L0713)**

–°–∫–æ—Ä–æ—Å—Ç—å –ø–æ–ª—É—á–µ–Ω–∏—è –±–∏—Ä–∂–µ–≤–æ–π –∏–Ω—Ñ–æ—Ä–º–∞—Ü–∏–∏ —è–≤–ª—è–µ—Ç—Å—è –æ–¥–Ω–∏–º –∏–∑ –≥–ª–∞–≤–Ω—ã—Ö –∫–æ–º–ø–æ–Ω–µ–Ω—Ç–æ–≤ —Ä–µ–∞–ª–∏–∑–∞—Ü–∏–∏ —Ç–æ—Ä–≥–æ–≤–æ–π —Å—Ç—Ä–∞—Ç–µ–≥–∏–∏ –∏ –∞–Ω–∞–ª–∏–∑–∞ —Ä—ã–Ω–æ—á–Ω—ã—Ö –¥–∞–Ω–Ω—ã—Ö. –°–µ–≥–æ–¥–Ω—è –ø–æ—á—Ç–∏ —É –∫–∞–∂–¥–æ–≥–æ —É–≤–∞–∂–∞—é—â–µ–≥–æ —Å–µ–±—è –ë—Ä–æ–∫–µ—Ä–∞ –µ—Å—Ç—å –æ—Ç–∫—Ä—ã—Ç—ã–π API –∏, –≤–æ–∑–º–æ–∂–Ω–æ, –≤—ã —É–∂–µ –ø–æ–ª—å–∑—É–µ—Ç–µ—Å—å —ç—Ç–æ–π —É—Å–ª—É–≥–æ–π, –Ω–æ –æ—Ç–¥–µ–ª—å–Ω–æ —Ö–æ—Ç–µ–ª–æ—Å—å –±—ã –æ—Å—Ç–∞–Ω–æ–≤–∏—Ç—å—Å—è –Ω–∞ [OpenAPI –æ—Ç –ê–õ–û–† –ë—Ä–æ–∫–µ—Ä](https://www.alorbroker.ru/open?promo=L0713) - —Å–æ–±—Å—Ç–≤–µ–Ω–Ω—ã–π —Å–≤–µ—Ä—Ö–±—ã—Å—Ç—Ä—ã–π —Å–µ—Ä–≤–∏—Å –¥–æ—Å—Ç–æ–π–Ω—ã–π –Ω–∞—à–µ–≥–æ –≤–Ω–∏–º–∞–Ω–∏—è!

–ê–ª–æ—Ä –µ—â–µ –≤ –¥–∞–ª–µ–∫–æ–º 1999 –≥–æ–¥—É –±—ã–ª –ø–∏–æ–Ω–µ—Ä–æ–º –≤ —Ä–∞–∑—Ä–∞–±–æ—Ç–∫–µ —Ç–æ—Ä–≥–æ–≤—ã—Ö –∏–Ω—Ç–µ—Ä–Ω–µ—Ç-—Å–∏—Å—Ç–µ–º –∏ –ø–µ—Ä–≤—ã–º —Å–¥–µ–ª–∞–ª –∏ –ø–æ–ª—É—á–∏–ª –∞–∫–∫—Ä–µ–¥–∏—Ç–∞—Ü–∏—é –Ω–∞ –ú–ú–í–ë —Å–≤–æ–µ–≥–æ —Ç–æ—Ä–≥–æ–≤–æ–≥–æ —Ç–µ—Ä–º–∏–Ω–∞–ª–∞ –ê–ª–æ—Ä —Ç—Ä–µ–π–¥. –°–≤–æ–π —Ç–µ—Ä–º–∏–Ω–∞–ª –ê–õ–û–† –ë—Ä–æ–∫–µ—Ä –≤ —Ç–µ—á–µ–Ω–∏–µ –≤—Å–µ–≥–æ –≤—Ä–µ–º–µ–Ω–∏ —Ä–∞–∑–≤–∏–≤–∞–ª –≤ –ø–µ—Ä–≤—É—é –æ—á–µ—Ä–µ–¥—å, –∫–∞–∫ —Ç–µ—Ä–º–∏–Ω–∞–ª –¥–ª—è –∞–∫—Ç–∏–≤–Ω–æ–≥–æ —Ç—Ä–µ–π–¥–∏–Ω–≥–∞, –µ–≥–æ –±–∏–±–ª–∏–æ—Ç–µ–∫–∞ —Ä–∞—Å—à–∏—Ä–µ–Ω–∏–π –ø–æ–∑–≤–æ–ª–∏–ª–∞ –º–Ω–æ–≥–∏–º —Ä–∞–±–æ—Ç–∞—é—â–∏–º –Ω–∞ —Ñ–æ–Ω–¥–æ–≤–æ–º —Ä—ã–Ω–∫–µ –Ω–µ —Ç–æ–ª—å–∫–æ –ø–æ–ø—Ä–æ–±–æ–≤–∞—Ç—å —Å–µ–±—è –≤ –∫–∞—á–µ—Å—Ç–≤–µ —Ä–∞–∑—Ä–∞–±–æ—Ç—á–∏–∫–∞, –Ω–æ –∏ ¬†—Å—Ç–∞—Ç—å –ø—Ä–æ—Ñ–µ—Å—Å–∏–æ–Ω–∞–ª–∞–º–∏ –∞–ª–≥–æ—Ç—Ä–µ–π–¥–∏–Ω–≥–∞. –ò –≤–æ—Ç –Ω–æ–≤–∞—è –≤–µ—Ö–∞ –≤ —Ä–∞–∑—Ä–∞–±–æ—Ç–∫–µ —ç—Ç–æ–≥–æ –ë—Ä–æ–∫–µ—Ä–∞, —ç—Ç–æ –ê–ª–æ—Ä OpenAPI - —Å–µ—Ä–≤–∏—Å –¥–ª—è –≤–µ–¥–µ–Ω–∏—è —Ç–æ—Ä–≥–æ–≤ –∏ –ø–æ–ª—É—á–µ–Ω–∏—è –±–∏—Ä–∂–µ–≤–æ–π –∏–Ω—Ñ–æ—Ä–º–∞—Ü–∏–∏ –Ω–∞ –≤—Å–µ—Ö —Ä—ã–Ω–∫–∞—Ö –ú–æ—Å–∫–æ–≤—Å–∫–æ–π –∏ –°–ü–ë –±–∏—Ä–∂–∏. –° –ø–æ–º–æ—â—å—é —Å–≤–æ–µ–≥–æ API –ê–õ–û–† –ë—Ä–æ–∫–µ—Ä - –µ–¥–∏–Ω—Å—Ç–≤–µ–Ω–Ω—ã–π, –∫—Ç–æ —Å–º–æ–≥ –∏–Ω—Ç–µ–≥—Ä–∏—Ä–æ–≤–∞—Ç—å—Å—è —Å —Ç–µ—Ä–º–∏–Ω–∞–ª–æ–º TradingView –∏ –ø—Ä–µ–¥–æ—Å—Ç–∞–≤–∏—Ç—å —Å–≤–æ–∏–º –∫–ª–∏–µ–Ω—Ç–∞–º –¥–æ—Å—Ç—É–ø –∫ –Ω–µ–º—É.

–û—Å–Ω–æ–≤–Ω—ã–µ —Ö–∞—Ä–∞–∫—Ç–µ—Ä–∏—Å—Ç–∏–∫–∏ —É —ç—Ç–æ–≥–æ ¬´–∑–≤–µ—Ä—è¬ª [–ê–ª–æ—Ä OpenAPI:](https://www.alorbroker.ru/open?promo=L0713)
‚Ä¢ —Ä—ã–Ω–æ—á–Ω—ã–µ –¥–∞–Ω–Ω—ã–µ –≤ —Ä–µ–∞–ª—å–Ω–æ–º –≤—Ä–µ–º–µ–Ω–∏ - —ç—Ç–∏–º, –∫–æ–Ω–µ—á–Ω–æ, –º–∞–ª–æ –∫–æ–≥–æ —É–¥–∏–≤–∏—à—å;
‚Ä¢ —Å–≤–µ—Ä—Ö–±—ã—Å—Ç—Ä–∞—è —Ä–∞–±–æ—Ç–∞ - 98% —Å–¥–µ–ª–æ–∫ –∫—É–ø–ª–∏-–ø—Ä–æ–¥–∞–∂–∏ –ø—Ä–æ—Ö–æ–¥–∏—Ç –∑–∞:
- 23 –º—Å –Ω–∞ –ú–æ—Å–∫–æ–≤—Å–∫–æ–π –±–∏—Ä–∂–µ;
- 7 –º—Å –Ω–∞ –°–ü–ë-–ë–∏—Ä–∂–µ
‚Ä¢ –ª—é–±–æ–π —è–∑—ã–∫ –ø—Ä–æ–≥—Ä–∞–º–º–∏—Ä–æ–≤–∞–Ω–∏—è - —É–Ω–∏–≤–µ—Ä—Å–∞–ª—å–Ω—ã–µ –ø—Ä–æ—Ç–æ–∫–æ–ª—ã Rest API –¥–ª—è –≤–µ–¥–µ–Ω–∏—è —Ç–æ—Ä–≥–æ–≤ –∏ Websocket –¥–ª—è –ø–æ–ª—É—á–µ–Ω–∏—è —Ä—ã–Ω–æ—á–Ω—ã—Ö –¥–∞–Ω–Ω—ã—Ö;
‚Ä¢ –¥–æ—Å—Ç—É–ø–Ω—ã–µ —Ç–∏–ø—ã –¥–∞–Ω–Ω—ã—Ö: __–í—Å–µ —Å–¥–µ–ª–∫–∏__, __–í—Å–µ –∑–∞—è–≤–∫–∏__, __–ò–Ω—Ñ–æ—Ä–º–∞—Ü–∏—è –ø–æ –∏–Ω—Å—Ç—Ä—É–º–µ–Ω—Ç–∞–º__, __–ö–æ—Ç–∏—Ä–æ–≤–∫–∏__,__ –ë–∏—Ä–∂–µ–≤—ã–µ —Å—Ç–∞–∫–∞–Ω—ã__, __–ò—Å—Ç–æ—Ä–∏—á–µ—Å–∫–∏–µ –¥–∞–Ω–Ω—ã–µ__, __–ü–æ–∑–∏—Ü–∏–∏__, __–ò–Ω—Ñ–æ—Ä–º–∞—Ü–∏—è –æ –∫–ª–∏–µ–Ω—Ç–µ
__‚Ä¢ –ø–æ–¥–¥–µ—Ä–∂–∏–≤–∞–µ–º—ã–µ –≤–∏–¥—ã –∑–∞—è–≤–æ–∫: __–†—ã–Ω–æ—á–Ω—ã–µ__, __–õ–∏–º–∏—Ç–Ω—ã–µ__, __–°—Ç–æ–ø-–ª–æ—Å—Å__, __–¢–µ–π–∫-–ø—Ä–æ—Ñ–∏—Ç__, __–°—Ç–æ–ø-–ª–æ—Å—Å –ª–∏–º–∏—Ç__, __–¢–µ–π–∫-–ø—Ä–æ—Ñ–∏—Ç –ª–∏–º–∏—Ç

__–î–ª—è —Ç–µ—Ö, –∫—Ç–æ –Ω–µ –¥–æ–≤–æ–ª—å—Å—Ç–≤—É–µ—Ç—Å—è –æ–±—ã—á–Ω—ã–º –∏ –≤—Å–µ–≥–¥–∞ –∏—â–µ—Ç –¥–ª—è —Å–µ–±—è –Ω–æ–≤–æ–µ –∏¬†–∏–Ω—Ç–µ—Ä–µ—Å–Ω–æ–µ, –∫–æ–º—É –≤–∞–∂–Ω—ã –Ω–µ ¬´—à–∞—à–µ—á–∫–∏, –∞ –µ—Ö–∞—Ç—å¬ª, —Ä–µ–∫–æ–º–µ–Ω–¥—É—é –ø–æ–ø—Ä–æ–±–æ–≤–∞—Ç—å –ê–õ–û–† OpenAPI. –ü–æ –ø–æ–≤–æ–¥—É ¬´–µ—Ö–∞—Ç—å¬ª –¥–æ–±–∞–≤–ª—é, —á—Ç–æ —É —ç—Ç–æ–≥–æ –ë—Ä–æ–∫–µ—Ä–∞ —Ç—Ä–∏ –Ω–µ–∑–∞–≤–∏—Å–∏–º—ã—Ö —Ç–æ—Ä–≥–æ–≤—ã—Ö —Å–∏—Å—Ç–µ–º—ã, —É –∫–ª–∏–µ–Ω—Ç–æ–≤ –≤—Å–µ–≥–¥–∞ –µ—Å—Ç—å –≤–æ–∑–º–æ–∂–Ω–æ—Å—Ç—å —Ä–µ–∑–µ—Ä–≤–Ω–æ–≥–æ –∫–∞–Ω–∞–ª–∞ –¥–ª—è —Å–æ–≤–µ—Ä—à–µ–Ω–∏—è –æ–ø–µ—Ä–∞—Ü–∏–π, —á—Ç–æ –æ—á–µ–Ω—å –≤–∞–∂–Ω–æ –ø—Ä–∏ –∞–∫—Ç–∏–≤–Ω–æ–º —Ç—Ä–µ–π–¥–∏–Ω–≥–µ.

–ü–æ–ª—É—á–∏—Ç—å –∫–æ–Ω—Å—É–ª—å—Ç–∞—Ü–∏—é –º–æ–∂–Ω–æ –ø–æ —Ç–µ–ª–µ—Ñ–æ–Ω—É, [Telegram](https://t.me/profulll), WhatsApp +79276673337
–û—Ç–∫—Ä—ã—Ç—å —Å—á—ë—Ç –∏ –ø–æ–ø—Ä–æ–±–æ–≤–∞—Ç—å –º–æ–∂–Ω–æ [–ø–æ —Å—Å—ã–ª–∫–µ](https://www.alorbroker.ru/open?promo=L0713)",2023-07-10
MarketOverview,"üì¢**Banking news**

__–¶–ë —Å–Ω–æ–≤–∞ –Ω–∞–∫–∞–∑–∞–ª —É—á–∞—Å—Ç–Ω–∏–∫–æ–≤ —Ä—ã–Ω–∫–∞ –ø–æ-–º–∞–∫—Å–∏–º—É–º—É __
üîª–¶–ë –≤—ã–ø–∏—Å–∞–ª –ø–æ 3 —à—Ç—Ä–∞—Ñ–∞ **–ê–ª—å—Ñ–∞-–ë–∞–Ω–∫—É** –∏ **–¢–∏–Ω—å–∫–æ—Ñ—Ñ –±–∞–Ω–∫—É** –∏ 1 —à—Ç—Ä–∞—Ñ **–±–∞–Ω–∫—É –§–ö –û—Ç–∫—Ä—ã—Ç–∏–µ** –∑–∞ –Ω–µ–∑–∞–∫–æ–Ω–Ω–æ–µ –ø–æ–ª—É—á–µ–Ω–∏–µ –∏–ª–∏ –ø—Ä–µ–¥–æ—Å—Ç–∞–≤–ª–µ–Ω–∏–µ –∫—Ä–µ–¥–∏—Ç–Ω–æ–≥–æ –æ—Ç—á–µ—Ç–∞ (—Å—Ç. 14.29 –ö–æ–ê–ü).
–†–∞–∑–º–µ—Ä –æ–¥–Ω–æ–≥–æ —à—Ç—Ä–∞—Ñ–∞ - –æ—Ç 30 —Ç—ã—Å. —Ä—É–± –¥–æ 50 —Ç—ã—Å. —Ä—É–±. –í—Å–µ–≥–æ –Ω–∞ —Å—á–µ—Ç—É –û—Ç–∫—Ä—ã—Ç–∏—è —É–∂–µ 369 –Ω–∞—Ä—É—à–µ–Ω–∏–π, —É –ê–ª—å—Ñ—ã - 115, —É –¢–∏–Ω—å–∫–æ—Ñ—Ñ - 95
üîª–ó–∞ –Ω–µ–æ–±–æ—Å–Ω–æ–≤–∞–Ω–Ω—ã–π –æ—Ç–∫–∞–∑ –æ—Ç –∑–∞–∫–ª—é—á–µ–Ω–∏—è –ø—É–±–ª–∏—á–Ω–æ–≥–æ –¥–æ–≥–æ–≤–æ—Ä–∞ —Å—Ç—Ä–∞—Ö–æ–≤–∞–Ω–∏—è –∏–ª–∏ –Ω–∞–≤—è–∑—ã–≤–∞–Ω–∏–µ –¥–æ–ø–æ–ª–Ω–∏—Ç–µ–ª—å–Ω—ã—Ö —É—Å–ª—É–≥ –ø—Ä–∏ –∑–∞–∫–ª—é—á–µ–Ω–∏–∏ –¥–æ–≥–æ–≤–æ—Ä–∞ –æ–±—è–∑–∞—Ç–µ–ª—å–Ω–æ–≥–æ —Å—Ç—Ä–∞—Ö–æ–≤–∞–Ω–∏—è (—Å—Ç. 15.34.1 –ö–æ–ê–ü) –¶–ë –≤—ã–ø–∏—Å–∞–ª –ø–æ 11 —à—Ç—Ä–∞—Ñ–æ–≤ **–†–æ—Å–≥–æ—Å—Å—Ç—Ä–∞—Ö—É** –∏ **–ò–Ω–≥–æ—Å—Å—Ç—Ä–∞—Ö—É**, 5 - **–ê–ª—å—Ñ–∞–°—Ç—Ä–∞—Ö–æ–≤–∞–Ω–∏—é**, 3 - **–í–°–ö**, 1 - **–†–ï–°–û-–ì–∞—Ä–∞–Ω—Ç–∏–∏**.
–†–∞–∑–º–µ—Ä –æ–¥–Ω–æ–≥–æ —à—Ç—Ä–∞—Ñ–∞ - –æ—Ç 100 —Ç—ã—Å. —Ä—É–± –¥–æ 300 —Ç—ã—Å. —Ä—É–±.
üîª–¶–ë –æ—à—Ç—Ä–∞—Ñ–æ–≤–∞–ª **–ú–ö–ö –†–µ–≤–æ-–¢–µ—Ö–Ω–æ–ª–æ–≥–∏–∏** –∏ **–ú–ö–ö –ö—É–ø–∏ –ù–µ –ö–æ–ø–∏** –∑–∞ –Ω–µ–ø—Ä–µ–¥—Å—Ç–∞–≤–ª–µ–Ω–∏–µ –∏–ª–∏ –Ω–µ—Å–≤–æ–µ–≤—Ä–µ–º–µ–Ω–Ω–æ–µ –ø—Ä–µ–¥—Å—Ç–∞–≤–ª–µ–Ω–∏–µ –∫—Ä–µ–¥–∏—Ç–Ω–æ–π –∏—Å—Ç–æ—Ä–∏–∏ (—á. 6 —Å—Ç. 15.26.1 –ö–æ–ê–ü).
–†–∞–∑–º–µ—Ä –æ–¥–Ω–æ–≥–æ —à—Ç—Ä–∞—Ñ–∞ - –æ—Ç 30 —Ç—ã—Å. —Ä—É–± –¥–æ 50 —Ç—ã—Å. —Ä—É–±
üîª–ó–∞ –Ω–µ–∏—Å–ø—Ä–∞–≤–ª–µ–Ω–∏–µ –∫—Ä–µ–¥–∏—Ç–Ω–æ–π –∏—Å—Ç–æ—Ä–∏–∏ (—Å—Ç. 15.26.3 –ö–æ–ê–ü) **–ê–ª—å—Ñ–∞-–ë–∞–Ω–∫ **–∏ **–ú–ö–ö –ö—É–ø–∏ –ù–µ –ö–æ–ø–∏** –ø–æ–ª—É—á–∏–ª–∏ –æ—Ç —Ä–µ–≥—É–ª—è—Ç–æ—Ä–∞ –ø–æ —à—Ç—Ä–∞—Ñ—É, –∞ **–†–æ—Å–±–∞–Ω–∫** –æ—Ç–¥–µ–ª–∞–ª—Å—è –ø—Ä–µ–¥—É–ø—Ä–µ–∂–¥–µ–Ω–∏–µ–º.
–†–∞–∑–º–µ—Ä –æ–¥–Ω–æ–≥–æ —à—Ç—Ä–∞—Ñ–∞ - –æ—Ç 30 —Ç—ã—Å. —Ä—É–± –¥–æ 50 —Ç—ã—Å. —Ä—É–±.
üîª–¶–ë –æ—à—Ç—Ä–∞—Ñ–æ–≤–∞–ª **–ì—Ä—É–ø–ø—É –†–µ–Ω–µ—Å—Å–∞–Ω—Å –°—Ç—Ä–∞—Ö–æ–≤–∞–Ω–∏–µ** –∑–∞ –Ω–µ–≤—ã–ø–æ–ª–Ω–µ–Ω–∏–µ –≤ —É—Å—Ç–∞–Ω–æ–≤–ª–µ–Ω–Ω—ã–π —Å—Ä–æ–∫ –ø—Ä–µ–¥–ø–∏—Å–∞–Ω–∏–µ —Ä–µ–≥—É–ª—è—Ç–æ—Ä–∞ (—á. 9 —Å—Ç. 19.5 –ö–æ–ê–ü).
–†–∞–∑–º–µ—Ä —à—Ç—Ä–∞—Ñ–∞ - –æ—Ç 500 —Ç—ã—Å. —Ä—É–± –¥–æ 700 —Ç—ã—Å. —Ä—É–±

üî∏–§–ê–° –≤–æ–∑–±—É–¥–∏–ª–æ –¥–µ–ª–æ –≤ –æ—Ç–Ω–æ—à–µ–Ω–∏–∏ **–†–æ—Å–±–∞–Ω–∫–∞** –∑–∞ –Ω–∞—Ä—É—à–µ–Ω–∏–µ –§–ó –û –†–µ–∫–ª–∞–º–µ –∑–∞ —Ç—Ä—É–¥–Ω–æ—á–∏—Ç–∞–µ–º—ã–π –º–µ–ª–∫–∏–π —à—Ä–∏—Ñ—Ç –æ–± —É—Å–ª–æ–≤–∏—è—Ö –ø–æ –∫—Ä–µ–¥–∏—Ç—É.
üî∏–£–§–ê–° –ø–æ –í–æ—Ä–æ–Ω–µ–∂—Å–∫–æ–π –æ–±–ª–∞—Å—Ç–∏ —É—Å—Ç–∞–Ω–æ–≤–∏–ª–æ, —á—Ç–æ **–ê–ª—å—Ñ–∞-–ë–∞–Ω–∫** –Ω–∞—Ä—É—à–∏–ª –§–ó –û –†–µ–∫–ª–∞–º–µ - –Ω–∞ —Ä–µ–∫–ª–∞–º–Ω–æ–π –∫–æ–Ω—Å—Ç—Ä—É–∫—Ü–∏–∏ –±—ã–ª–∞ —É–∫–∞–∑–∞–Ω–∞ –≤–æ–∑–º–æ–∂–Ω–æ—Å—Ç—å –ø–æ–ª—É—á–∏—Ç—å –∫—Ä–µ–¥–∏—Ç –ø–æ —Å–∞–º–æ–π –Ω–∏–∑–∫–æ–π —Å—Ç–∞–≤–∫–µ –æ—Ç 4% (–∫—Ä—É–ø–Ω—ã–º —à—Ä–∏—Ñ—Ç–æ–º), –∞ –∏–Ω–∞—è —Å—É—â–µ—Å—Ç–≤–µ–Ω–Ω–∞—è –∏–Ω—Ñ–æ—Ä–º–∞—Ü–∏—è –±—ã–ª–∞ –Ω–∞–ø–∏—Å–∞–Ω–∞ –º–µ–ª–∫–∏–º —à—Ä–∏—Ñ—Ç–æ–º, –≤ —Ç–æ–º —á–∏—Å–ª–µ –Ω–µ–æ–±—Ö–æ–¥–∏–º–æ—Å—Ç—å –æ—Ñ–æ—Ä–º–ª–µ–Ω–∏—è –¥–æ–≥–æ–≤–æ—Ä–∞ —Å—Ç—Ä–∞—Ö–æ–≤–∞–Ω–∏—è.
üî∏–£–§–ê–° –ø–æ –ù–∏–∂–µ–≥–æ—Ä–æ–¥—Å–∫–æ–π –æ–±–ª–∞—Å—Ç–∏ –≤–æ–∑–±—É–¥–∏–ª–æ –∞–¥–º–∏–Ω–∏—Å—Ç—Ä–∞—Ç–∏–≤–Ω–æ–µ –¥–µ–ª–æ –≤ –æ—Ç–Ω–æ—à–µ–Ω–∏–∏ **–±–∞–Ω–∫–∞ –ó–µ–Ω–∏—Ç** –ø–æ –∂–∞–ª–æ–±–µ —Ñ–∏–∑. –ª–∏—Ü–∞. –ë–∞–Ω–∫ –Ω–µ–æ–¥–Ω–æ–∫—Ä–∞—Ç–Ω–æ –Ω–∞–ø—Ä–∞–≤–ª—è–ª —Å–º—Å-—Å–æ–æ–±—â–µ–Ω–∏–µ —Å –ø—Ä–µ–¥–ª–æ–∂–µ–Ω–∏–µ–º –æ—Ñ–æ—Ä–º–∏—Ç—å –∫—Ä–µ–¥–∏—Ç–Ω—É—é –∫–∞—Ä—Ç—É, –Ω–æ –Ω–∞ –∑–∞–ø—Ä–æ—Å –§–ê–° –Ω–µ —Å–º–æ–≥ –ø—Ä–µ–¥–æ—Å—Ç–∞–≤–∏—Ç—å —Å–æ–≥–ª–∞—Å–∏–µ –∞–±–æ–Ω–µ–Ω—Ç–∞.
üî∏–£–§–ê–° –ø–æ –õ–∏–ø–µ—Ü–∫–æ–π –æ–±–ª–∞—Å—Ç–∏ –≤–æ–∑–±—É–¥–∏–ª–æ –¥–µ–ª–æ –≤ –æ—Ç–Ω–æ—à–µ–Ω–∏–∏ **–ê–ª—å—Ñ–∞-–ë–∞–Ω–∫–∞** –∑–∞ –º–µ–ª–∫–∏–π —à—Ä–∏—Ñ—Ç –≤ —Ä–µ–∫–ª–∞–º–µ —ç–∫–≤–∞–π—Ä–∏–Ω–≥–∞. –ö—Ä—É–ø–Ω—ã–º —à—Ä–∏—Ñ—Ç–æ–º —Ä–µ–∫–ª–∞–º–∏—Ä–æ–≤–∞–ª–∞—Å—å —Å—Ç–∞–≤–∫–∞ –æ—Ç 1%, –∞ –º–µ–ª–∫–∏–º —à—Ä–∏—Ñ—Ç–æ–º –±—ã–ª–∏ –ø—Ä–æ–ø–∏—Å–∞–Ω—ã –ø–æ–ª–Ω—ã–µ —É—Å–ª–æ–≤–∏—è - —Å—Ä–æ–∫ –¥–µ–π—Å—Ç–≤–∏—è —Å–Ω–∏–∂–µ–Ω–Ω–æ–π –∫–æ–º–∏—Å—Å–∏–∏ 3 –º–µ—Å—è—Ü–∞, –¥–∞–ª–µ–µ —Å—Ç–∞–≤–∫–∞ –±—É–¥–µ—Ç 2,6%   

üîπ**–ü—Ä–æ–º—Å–≤—è–∑—å–±–∞–Ω–∫** –∑–∞–≤–µ—Ä—à–∏–ª –ø—Ä–∏—Å–æ–µ–¥–∏–Ω–µ–Ω–∏–µ **–¶–µ–Ω—Ç—Ä–∞–ª—å–Ω–æ–≥–æ —Ä–µ—Å–ø—É–±–ª–∏–∫–∞–Ω—Å–∫–æ–≥–æ –±–∞–Ω–∫–∞ –î–æ–Ω–µ—Ü–∫–æ–π –Ω–∞—Ä–æ–¥–Ω–æ–π —Ä–µ—Å–ø—É–±–ª–∏–∫–∏** (–¶–†–ë –î–ù–†), 22 –∏—é–ª—è –æ–∂–∏–¥–∞–µ—Ç—Å—è –ø—Ä–∏—Å–æ–µ–¥–∏–Ω–µ–Ω–∏–µ **–ü–°–ë –õ—É–≥–∞–Ω—Å–∫**

@MarketOverview",2023-07-11
MarketOverview,"–°–±–µ—Ä –æ–ø—É–±–ª–∏–∫–æ–≤–∞–ª —Ñ–∏–Ω–∞–Ω—Å–æ–≤—É—é –æ—Ç—á–µ—Ç–Ω–æ—Å—Ç—å –∑–∞ —è–Ω–≤–∞—Ä—å-–∏—é–Ω—å 2023 –≥–æ–¥–∞. –ö–æ–º–ø–∞–Ω–∏—è –ø–æ–ª—É—á–∏–ª–∞ —á–∏—Å—Ç—É—é –ø—Ä–∏–±—ã–ª—å –≤ —Ä–∞–∑–º–µ—Ä–µ 727,8 –º–ª—Ä–¥ —Ä—É–±–ª–µ–π –ø—Ä–∏ —Ä–µ–Ω—Ç–∞–±–µ–ª—å–Ω–æ—Å—Ç–∏ —Å–æ–±—Å—Ç–≤–µ–Ω–Ω–æ–≥–æ –∫–∞–ø–∏—Ç–∞–ª–∞ 24,7%. –í –∏—é–Ω–µ –±—ã–ª –∑–∞—Ñ–∏–∫—Å–∏—Ä–æ–≤–∞–Ω —Ä–µ–∫–æ—Ä–¥–Ω—ã–π –æ–±—ä–µ–º —Ä–æ–∑–Ω–∏—á–Ω—ã—Ö –∫—Ä–µ–¥–∏—Ç–æ–≤, –¥–æ—Å—Ç–∏–≥—à–∏–π 720 –º–ª—Ä–¥ —Ä—É–±–ª–µ–π. –£–≤–µ–ª–∏—á–∏–ª–∏—Å—å —Ç–∞–∫–∂–µ —Å—Ä–µ–¥—Å—Ç–≤–∞ —Ñ–∏–∑–∏—á–µ—Å–∫–∏—Ö –∏ —é—Ä–∏–¥–∏—á–µ—Å–∫–∏—Ö –ª–∏—Ü, —Å–æ—Å—Ç–∞–≤–∏–≤—à–∏–µ —Å–æ–æ—Ç–≤–µ—Ç—Å—Ç–≤–µ–Ω–Ω–æ 19,8 –∏ 9,4 —Ç—Ä–ª–Ω —Ä—É–±–ª–µ–π. –ö–æ–ª–∏—á–µ—Å—Ç–≤–æ –∞–∫—Ç–∏–≤–Ω—ã—Ö –∫–ª–∏–µ–Ω—Ç–æ–≤ —Å–æ—Å—Ç–∞–≤–∏–ª–æ 107 –º–ª–Ω   —á–µ–ª–æ–≤–µ–∫. 

–≠–∫—Å–ø–µ—Ä—Ç—ã –ø—Ä–æ–≥–Ω–æ–∑–∏—Ä—É—é—Ç, —á—Ç–æ –ø—Ä–∏ —Å–æ—Ö—Ä–∞–Ω–µ–Ω–∏–∏ —ç—Ç–æ–π —Ç–µ–Ω–¥–µ–Ω—Ü–∏–∏ –ø—Ä–∏–±—ã–ª—å –°–±–µ—Ä–±–∞–Ω–∫–∞ –∑–∞ 2023 –≥–æ–¥ –º–æ–∂–µ—Ç —Å–æ—Å—Ç–∞–≤–∏—Ç—å 1,4 —Ç—Ä–ª–Ω —Ä—É–±–ª–µ–π.

@MarketOverview",2023-07-11
MarketOverview,"–ù–∞—á–∏–Ω–∞–µ—Ç ""–ø—Ä–æ—è—Å–Ω—è—Ç—å—Å—è"" –∫–∞—Ä—Ç–∏–Ω–∞ —Å –æ—Å–ª–∞–±–ª–µ–Ω–∏–µ–º —Ä—É–±–ª—è –≤ –∫–æ–Ω—Ü–µ –∏—é–Ω—èü§î
–ö—Ä—É–ø–Ω–µ–π—à–∏–º–∏ –ø—Ä–æ–¥–∞–≤—Ü–∞–º–∏ –≤–∞–ª—é—Ç—ã –Ω–∞ —Å–ø–æ—Ç–µ –æ—Å—Ç–∞–≤–∞–ª–∏—Å—å —Å–∏—Å—Ç–µ–º–Ω–æ –∑–Ω–∞—á–∏–º—ã–µ –∫—Ä–µ–¥–∏—Ç–Ω—ã–µ –æ—Ä–≥–∞–Ω–∏–∑–∞—Ü–∏–∏, –Ω–æ –æ–±—ä–µ–º —Ä–µ–∞–ª–∏–∑–æ–≤–∞–Ω–Ω–æ–π –∏–º–∏ –≤–∞–ª—é—Ç—ã –≤—ã—Ä–æ—Å –Ω–µ–∑–Ω–∞—á–∏—Ç–µ–ª—å–Ω–æ - –¥–æ 377 –º–ª—Ä–¥. —Ä—É–±–ª–µ–π –≤ –∏—é–Ω–µ (—Å 352 –º–ª—Ä–¥. —Ä—É–±–ª–µ–π –≤ –º–∞–µ). –í —Å—Ç–æ—Ä–æ–Ω–µ –æ—Å–Ω–æ–≤–Ω—ã—Ö –ø–æ–∫—É–ø–∞—Ç–µ–ª–µ–π —Ç–æ–∂–µ –∏–∑–º–µ–Ω–µ–Ω–∏–π –Ω–µ—Ç - –≤—Å–µ —Ç–µ –∂–µ –±–∞–Ω–∫–∏ (–Ω–µ —Å–∏—Å—Ç–µ–º–Ω–æ –∑–Ω–∞—á–∏–º—ã–µ), –∫–æ—Ç–æ—Ä—ã–µ –ø—Ä–∏–æ—Ä–µ—Ç–∞–ª–∏ –≤–∞–ª—é—Ç—É –¥–ª—è –∏–º–ø–æ—Ä—Ç–µ—Ä–æ–≤ –∏ –¥–ª—è –º–µ–∂–¥—É–Ω–∞—Ä–æ–¥–Ω—ã—Ö –ø–µ—Ä–µ–≤–æ–¥–æ–≤, –Ω–æ –∏—Ö –ø–æ–∫—É–ø–∫–∏ –∏ –≤–æ–≤—Å–µ —Å–Ω–∏–∑–∏–ª–∏—Å—å –≤ –∏—é–Ω–µ –¥–æ 400 –º–ª—Ä–¥. —Ä—É–±–ª–µ–π (–≤ –º–∞–µ 449 –º–ª—Ä–¥. —Ä—É–±–ª–µ–π).
–ï–ª–µ –∑–∞–º–µ—Ç–Ω–∞—è –∫—Ä–∞—Å–Ω–∞—è –ø–æ–ª–æ—Å–∫–∞ –Ω–∞ –∫–∞—Ä—Ç–∏–∫–µ - –ø–æ–∫—É–ø–∫–∏ –§–õ –Ω–∞ 300 –º–ª–Ω. —Ä—É–±–ª–µ–π.

@MarketOverview",2023-07-11
MarketOverview,"""–§–∏–∑–∏–∫–∏"" –ø–æ-–ø—Ä–µ–∂–Ω–µ–º—É –æ—Å—Ç–∞—é—Ç—Å—è –≥–ª–∞–≤–Ω—ã–º–∏ —É—á–∞—Å—Ç–Ω–∏–∫–∞–º–∏ —Ä—ã–Ω–∫–∞ –∞–∫—Ü–∏–π, –∏—Ö –¥–æ–ª—è –≤ –∏—é–Ω–µ –æ—Å—Ç–∞–ª–∞—Å—å –Ω–∞ —É—Ä–æ–≤–Ω–µ 80%. –û–±—ä–µ–º –ø–æ–∫—É–ø–æ–∫ –Ω–µ–º–Ω–æ–≥–æ —Å–Ω–∏–∑–∏–ª—Å—è - –¥–æ 13,1 –º–ª—Ä–¥. —Ä—É–±. (–º–∞–π - 14,9 –º–ª—Ä–¥. —Ä—É–±–ª–µ–π).
–î–∞, –§–õ –∫–æ–Ω–µ—á–Ω–æ –Ω–µ —Å–∞–º—ã–µ –ø—Ä–µ–¥—Å–∫–∞–∑—É–µ–º—ã–µ —É—á–∞—Å—Ç–Ω–∏–∫–∏, –Ω–æ —É—á–∞—Å—Ç–∏–µ –∏—Ö –≤ —Ç–æ—Ä–≥–∞—Ö (–Ω–∞–ø—Ä–∏–º–µ—Ä [–∏—Ç–æ–≥–∏](https://www.moex.com/n57071/?nt=106) —Ç–æ—Ä–≥–æ–≤ –≤ –∏—é–Ω–µ –Ω–∞ –ú–æ—Å–ë–∏—Ä–∂–µ) —Å —Ç–∞–∫–æ–π –¥–æ–ª–µ–π –∫—Ä–∏—Ç–∏—á–µ—Å–∫–∏ –≤–∞–∂–Ω–æ. 

@MarketOverview",2023-07-11
MarketOverview,"–°–±–µ—Ä –ø—Ä–æ–¥–æ–ª–∂–∞–µ—Ç –∏—Å—Å–ª–µ–¥–æ–≤–∞—Ç—å –¥–æ–ø–æ–ª–Ω–µ–Ω–Ω—É—é —Ä–µ–∞–ª—å–Ω–æ—Å—Ç—å: –≤ —ç—Ç–æ—Ç —Ä–∞–∑ –±–∞–Ω–∫ –ø–æ–¥–Ω—è–ª —Å–∞–º—É—é –ª–µ–≥–∫—É—é —Å—Ç–∞–≤–∫—É –ø–æ [–∫—Ä–µ–¥–∏—Ç—É](https://www.sberbank.com/ru/person/credits/money/consumer_unsecured?utm_source=telegram&utm_medium=fix&utm_campaign=sber_person_credits_jul_2023_post&utm_content=&utm_term=MarketOverview) –ø—Ä—è–º–æ –Ω–∞–¥ –õ—É–∂–Ω–∏–∫–∞–º–∏! –¢–∞–∫ –æ–Ω –Ω–∞–º–µ–∫–∞–µ—Ç, —á—Ç–æ –∫–ª–∏–µ–Ω—Ç—ã –º–æ–≥—É—Ç –≤–æ—Å–ø–æ–ª—å–∑–æ–≤–∞—Ç—å—Å—è –∫–ª–∞—Å—Å–Ω—ã–º–∏ —É—Å–ª–æ–≤–∏—è–º–∏: —Å—Ç–∞–≤–∫–æ–π –æ—Ç 4% –≥–æ–¥–æ–≤—ã—Ö –∏ –±–æ–Ω—É—Å–Ω—ã–º –∫–µ—à–±—ç–∫–æ–º ‚Äî 1,5% –∫–∞–∂–¥—ã–π –º–µ—Å—è—Ü.

–£ –±–∞–Ω–∫–∞ –µ—Å—Ç—å –µ—â–µ –º–Ω–æ–≥–æ –≤—ã–≥–æ–¥–Ω—ã—Ö –∫—Ä–µ–¥–∏—Ç–Ω—ã—Ö –ø—Ä–µ–¥–ª–æ–∂–µ–Ω–∏–π –ø–æ–¥ –ª—é–±–æ–π –∑–∞–ø—Ä–æ—Å. –£–∑–Ω–∞—Ç—å –∏–Ω–¥–∏–≤–∏–¥—É–∞–ª—å–Ω—ã–µ —É—Å–ª–æ–≤–∏—è –ø–æ –Ω–∏–º –º–æ–∂–Ω–æ –∑–∞ –ø–∞—Ä—É –º–∏–Ω—É—Ç –≤ –ø—Ä–∏–ª–æ–∂–µ–Ω–∏–∏ —á–µ—Ä–µ–∑ —Å–µ—Ä–≤–∏—Å –ö—Ä–µ–¥–∏—Ç–Ω—ã–π –ü–æ—Ç–µ–Ω—Ü–∏–∞–ª.

–ò–Ω—Ç–µ—Ä–µ—Å–Ω–æ, —á—Ç–æ –≤ —Å–ª–µ–¥—É—é—â–∏–π —Ä–∞–∑ –ø—Ä–∏–¥—É–º–∞–µ—Ç –±–∞–Ω–∫?",2023-07-11
MarketOverview,"‚ö°Ô∏è **–ë–∞–Ω–∫–∏ –±—É–¥—É—Ç –≤–æ–∑–≤—Ä–∞—â–∞—Ç—å –∫–ª–∏–µ–Ω—Ç–∞–º –ø–µ—Ä–µ–≤–µ–¥–µ–Ω–Ω—ã–µ –º–æ—à–µ–Ω–Ω–∏–∫–∞–º –¥–µ–Ω—å–≥–∏

**–í–æ–∑–º–µ—Å—Ç–∏—Ç—å –∫–ª–∏–µ–Ω—Ç—É –¥–µ–Ω—å–≥–∏ –±–∞–Ω–∫ –±—É–¥–µ—Ç –æ–±—è–∑–∞–Ω, –µ—Å–ª–∏ –æ–Ω –¥–æ–ø—É—Å—Ç–∏–ª –ø–µ—Ä–µ–≤–æ–¥ —Å—Ä–µ–¥—Å—Ç–≤ –Ω–∞ –º–æ—à–µ–Ω–Ω–∏—á–µ—Å–∫–∏–π —Å—á–µ—Ç, –∫–æ—Ç–æ—Ä—ã–π –Ω–∞—Ö–æ–¥–∏—Ç—Å—è –≤ —Å–ø–µ—Ü–∏–∞–ª—å–Ω–æ–π –±–∞–∑–µ –ë–∞–Ω–∫–∞ –†–æ—Å—Å–∏–∏. –°–¥–µ–ª–∞—Ç—å —ç—Ç–æ –æ–Ω –¥–æ–ª–∂–µ–Ω –±—É–¥–µ—Ç –≤ —Ç–µ—á–µ–Ω–∏–µ 30 –∫–∞–ª–µ–Ω–¥–∞—Ä–Ω—ã—Ö –¥–Ω–µ–π –ø–æ—Å–ª–µ –ø–æ–ª—É—á–µ–Ω–∏—è –∑–∞—è–≤–ª–µ–Ω–∏—è –æ—Ç –ø–æ—Å—Ç—Ä–∞–¥–∞–≤—à–µ–≥–æ. –¢–∞–∫–æ–π [–∑–∞–∫–æ–Ω](https://sozd.duma.gov.ru/bill/197920-8) –ø—Ä–∏–Ω—è–ª–∞ –ì–æ—Å—É–¥–∞—Ä—Å—Ç–≤–µ–Ω–Ω–∞—è –î—É–º–∞.

–î–æ–∫—É–º–µ–Ω—Ç —Ç–∞–∫–∂–µ –ø—Ä–µ–¥—É—Å–º–∞—Ç—Ä–∏–≤–∞–µ—Ç –¥–≤—É—Ö–¥–Ω–µ–≤–Ω—ã–π –ø–µ—Ä–∏–æ–¥ –æ—Ö–ª–∞–∂–¥–µ–Ω–∏—è, –≤ —Ç–µ—á–µ–Ω–∏–µ –∫–æ—Ç–æ—Ä–æ–≥–æ –±–∞–Ω–∫ –Ω–µ –±—É–¥–µ—Ç –ø–µ—Ä–µ–≤–æ–¥–∏—Ç—å –¥–µ–Ω—å–≥–∏ –Ω–∞ –ø–æ–¥–æ–∑—Ä–∏—Ç–µ–ª—å–Ω—ã–π —Å—á–µ—Ç. –û —Å–æ–º–Ω–∏—Ç–µ–ª—å–Ω–æ–π –æ–ø–µ—Ä–∞—Ü–∏–∏ –æ–Ω —É–≤–µ–¥–æ–º–∏—Ç –∫–ª–∏–µ–Ω—Ç–∞. –ó–∞ —ç—Ç–æ –≤—Ä–µ–º—è —á–µ–ª–æ–≤–µ–∫, –Ω–∞—Ö–æ–¥—è—â–∏–π—Å—è –ø–æ–¥ –≤–ª–∏—è–Ω–∏–µ–º –∑–ª–æ—É–º—ã—à–ª–µ–Ω–Ω–∏–∫–æ–≤, —Å–º–æ–∂–µ—Ç –æ–¥—É–º–∞—Ç—å—Å—è –∏ –Ω–µ –ø–æ–¥—Ç–≤–µ—Ä–∂–¥–∞—Ç—å –ø–µ—Ä–µ–≤–æ–¥.

–ö—Ä–æ–º–µ —Ç–æ–≥–æ, –±–∞–Ω–∫–∏ –æ–±—è–∂—É—Ç –æ—Ç–∫–ª—é—á–∞—Ç—å –¥–æ—Å—Ç—É–ø –∫ –¥–∏—Å—Ç–∞–Ω—Ü–∏–æ–Ω–Ω–æ–º—É –æ–±—Å–ª—É–∂–∏–≤–∞–Ω–∏—é –ª–∏—Ü–∞–º, –∫–æ—Ç–æ—Ä—ã–µ –∑–∞–Ω–∏–º–∞—é—Ç—Å—è –≤—ã–≤–æ–¥–æ–º –∏ –æ–±–Ω–∞–ª–∏—á–∏–≤–∞–Ω–∏–µ–º –ø–æ—Ö–∏—â–µ–Ω–Ω—ã—Ö –¥–µ–Ω–µ–≥, –µ—Å–ª–∏ –∏–Ω—Ñ–æ—Ä–º–∞—Ü–∏—è –æ —Å–æ–≤–µ—Ä—à–µ–Ω–Ω—ã—Ö –ø—Ä–æ—Ç–∏–≤–æ–ø—Ä–∞–≤–Ω—ã—Ö –¥–µ–π—Å—Ç–≤–∏—è—Ö –ø–æ—Å—Ç—É–ø–∏–ª–∞ –æ—Ç –ú–í–î –†–æ—Å—Å–∏–∏. –°–≤–µ–¥–µ–Ω–∏—è –æ —Ç–∞–∫ –Ω–∞–∑—ã–≤–∞–µ–º—ã—Ö –¥—Ä–æ–ø–ø–µ—Ä–∞—Ö –±–∞–Ω–∫–∏ —Å–µ–π—á–∞—Å –ø–æ–ª—É—á–∞—é—Ç –∏–∑ –±–∞–∑—ã –¥–∞–Ω–Ω—ã—Ö —Ä–µ–≥—É–ª—è—Ç–æ—Ä–∞.

‚ùóÔ∏è**–ó–∞–∫–æ–Ω –≤—Å—Ç—É–ø–∏—Ç –≤ —Å–∏–ª—É —á–µ—Ä–µ–∑ –≥–æ–¥ –ø–æ—Å–ª–µ –æ—Ñ–∏—Ü–∏–∞–ª—å–Ω–æ–≥–æ –æ–ø—É–±–ª–∏–∫–æ–≤–∞–Ω–∏—è.** –ó–∞ —ç—Ç–æ –≤—Ä–µ–º—è –≤—Å–µ —Å—Ç–æ—Ä–æ–Ω—ã –∏–Ω—Ñ–æ—Ä–º–∞—Ü–∏–æ–Ω–Ω–æ–≥–æ –æ–±–º–µ–Ω–∞ —É—Å–æ–≤–µ—Ä—à–µ–Ω—Å—Ç–≤—É—é—Ç —Å–≤–æ–∏ –∞–≤—Ç–æ–º–∞—Ç–∏–∑–∏—Ä–æ–≤–∞–Ω–Ω—ã–µ —Å–∏—Å—Ç–µ–º—ã –∏ –±–∏–∑–Ω–µ—Å-–ø—Ä–æ—Ü–µ—Å—Å—ã.

–ë–∞–Ω–∫ –†–æ—Å—Å–∏–∏ —Ñ–æ—Ä–º–∏—Ä—É–µ—Ç –±–∞–∑—É –¥–∞–Ω–Ω—ã—Ö ¬´–û —Å–ª—É—á–∞—è—Ö –∏ –ø–æ–ø—ã—Ç–∫–∞—Ö –æ—Å—É—â–µ—Å—Ç–≤–ª–µ–Ω–∏—è –ø–µ—Ä–µ–≤–æ–¥–∞ –¥–µ–Ω–µ–∂–Ω—ã—Ö —Å—Ä–µ–¥—Å—Ç–≤ –±–µ–∑ —Å–æ–≥–ª–∞—Å–∏—è –∫–ª–∏–µ–Ω—Ç–∞¬ª –Ω–∞ –æ—Å–Ω–æ–≤–µ –¥–∞–Ω–Ω—ã—Ö, –ø–æ–ª—É—á–µ–Ω–Ω—ã—Ö –æ—Ç –±–∞–Ω–∫–æ–≤ –∏ –¥—Ä—É–≥–∏—Ö –æ–ø–µ—Ä–∞—Ç–æ—Ä–æ–≤ –ø–ª–∞—Ç–µ–∂–Ω—ã—Ö —Å–∏—Å—Ç–µ–º. –û–Ω–∞ —Å–æ–¥–µ—Ä–∂–∏—Ç –±–æ–ª—å—à–æ–µ –∫–æ–ª–∏—á–µ—Å—Ç–≤–æ –ø–∞—Ä–∞–º–µ—Ç—Ä–æ–≤ ‚Äî —É–Ω–∏–∫–∞–ª—å–Ω—ã—Ö –∏–¥–µ–Ω—Ç–∏—Ñ–∏–∫–∞—Ç–æ—Ä–æ–≤, –≤ —Ç–æ–º —á–∏—Å–ª–µ –∏–Ω—Ñ–æ—Ä–º–∞—Ü–∏—é –æ —Å–æ–≤–µ—Ä—à–µ–Ω–Ω—ã—Ö –æ–ø–µ—Ä–∞—Ü–∏—è—Ö, –æ –ø–ª–∞—Ç–µ–ª—å—â–∏–∫–∞—Ö –∏ –ø–æ–ª—É—á–∞—Ç–µ–ª—è—Ö –¥–µ–Ω–µ–∂–Ω—ã—Ö —Å—Ä–µ–¥—Å—Ç–≤. –°–≤–µ–¥–µ–Ω–∏—è –∏–∑ –±–∞–∑—ã –Ω–∞–ø—Ä–∞–≤–ª—è—é—Ç—Å—è –≤–æ –≤—Å–µ –±–∞–Ω–∫–∏.",2023-07-11
MarketOverview,"üí∏ **–°–Ω–∏–º–∞–µ–º –¥–æ 100 —Ç—ã—Å. —Ä—É–± –≤ –ª—å–≥–æ—Ç–Ω—ã–π –ø–µ—Ä–∏–æ–¥ –∏ –ø–æ–ª—É—á–∞–µ–º 20% –∫—ç—à–±–µ–∫ –ø–æ **[**–ö–∞—Ä—Ç–µ –≤–æ–∑–º–æ–∂–Ω–æ—Å—Ç–µ–π –æ—Ç –í–¢–ë](https://go.liknot.ru/?offer_id=935&wmid=10604&source_id=7206&sub1=MO110723)**

–ï—Å–ª–∏ –≤–∞–º –Ω—É–∂–Ω—ã –¥–µ–Ω—å–≥–∏ –Ω–∞ –Ω–µ–±–æ–ª—å—à–æ–π —Å—Ä–æ–∫ –∏ –Ω–µ —Ö–æ—á–µ—Ç—Å—è –ø–ª–∞—Ç–∏—Ç—å –ø—Ä–æ—Ü–µ–Ω—Ç—ã –±–∞–Ω–∫—É, —Ç–æ —Å–µ–π—á–∞—Å –≤ –í–¢–ë –ø—Ä–æ—Ö–æ–¥–∏—Ç –∞–∫—Ü–∏—è –ø–æ –∫—Ä–µ–¥–∏—Ç–Ω–æ–π [–ö–∞—Ä—Ç–µ –≤–æ–∑–º–æ–∂–Ω–æ—Å—Ç–µ–π](https://go.liknot.ru/?offer_id=935&wmid=10604&source_id=7206&sub1=MO110723):
- –≤ –ø–µ—Ä–≤—ã–µ 30 –¥–Ω–µ–π –º–æ–∂–Ω–æ —Å–Ω—è—Ç—å –±–µ–∑ –∫–æ–º–∏—Å—Å–∏–∏ –¥–æ 100 —Ç—ã—Å. —Ä—É–±;
- –ø–æ–≥–∞—Å–∏—Ç—å –Ω—É–∂–Ω–æ –≤ —Ç–µ—á–µ–Ω–∏–µ 200 –¥–Ω–µ–π (–ø–µ—Ä–≤—ã–π –ª—å–≥–æ—Ç–Ω—ã–π –ø–µ—Ä–∏–æ–¥);
- –∫–∞–∂–¥—ã–π –º–µ—Å—è—Ü –≤–Ω–æ—Å–∏–º –º–∏–Ω–∏–º–∞–ª—å–Ω—ã–π –ø–ª–∞—Ç–µ–∂ - –≤ –ø—Ä–∏–ª–æ–∂–µ–Ω–∏–∏ –±—É–¥–µ—Ç —Ç–æ—á–Ω–∞—è —Å—É–º–º–∞ –∏ –¥–∞—Ç–∞;
- –æ–±—Å–ª—É–∂–∏–≤–∞–Ω–∏–µ, –≤—ã–ø—É—Å–∫ –∏ –¥–æ—Å—Ç–∞–≤–∫–∞ –∫–∞—Ä—Ç—ã –±–µ—Å–ø–ª–∞—Ç–Ω–æ.

–ê —Ç–∞–∫–∂–µ –Ω–∞ –≤—Å–µ —Ç—Ä–∞—Ç—ã –≤ –ø–µ—Ä–≤—ã–µ 30 –¥–Ω–µ–π –±–∞–Ω–∫ –Ω–∞—á–∏—Å–ª–∏—Ç –∫—ç—à–±–µ–∫ 20%, –Ω–æ –Ω–µ –±–æ–ª–µ–µ 2000 –±–æ–Ω—É—Å–æ–≤, –∫–æ—Ç–æ—Ä—ã–µ –º–æ–∂–Ω–æ –ø–µ—Ä–µ–≤–µ—Å—Ç–∏ –≤ —Ä—É–±–ª—è –ø–æ –∫—É—Ä—Å—É 0,85 (2000 x 0,85 = 1700 —Ä—É–±) –∏–ª–∏ –ø–æ—Ç—Ä–∞—Ç–∏—Ç—å 1:1 –≤ –∫–∞—Ç–∞–ª–æ–≥–µ –≤–æ–∑–Ω–∞–≥—Ä–∞–∂–¥–µ–Ω–∏–π.

[–û—Ñ–æ—Ä–º–∏—Ç—å –ö–ö](https://go.liknot.ru/?offer_id=935&wmid=10604&source_id=7206&sub1=MO110723) | PDF: [—Ç–∞—Ä–∏—Ñ](https://www.vtb.ru/media-files/vtb.ru/sitepages/personal/karty/tarify/kk_tarif.pdf) | [–ø—Ä–∞–≤–∏–ª–∞ ](https://www.vtb.ru/media-files/vtb.ru/sitepages/personal/karty/kreditnye/rules_20cashback.pdf)| [–ø—Ä–æ–≥—Ä–∞–º–º–∞ –ª–æ—è–ª—å–Ω–æ—Å—Ç–∏](https://www.vtb.ru/media-files/vtb.ru/sitepages/personal/karty/tarify/pravila-pr-loyalnosti.pdf) | @MarketOverview",2023-07-11
MarketOverview,"‚úàÔ∏è**–ê–≤–∏–∞–±–∏–ª–µ—Ç—ã –º–æ–≥—É—Ç –ø–æ–¥–æ—Ä–æ–∂–∞—Ç—å

**–ú–∏–Ω—Ç—Ä–∞–Ω—Å –≤–µ—Ä–Ω—É–ª—Å—è –∫ –ø—Ä–µ–¥–ª–æ–∂–µ–Ω–Ω–æ–π –†–æ—Å—Ç–µ—Ö–æ–º –∏–¥–µ–µ –¥–æ–ø–æ–ª–Ω–∏—Ç–µ–ª—å–Ω–æ–≥–æ —Å–±–æ—Ä–∞ —Å –∞–≤–∏–∞–ø–∞—Å—Å–∞–∂–∏—Ä–æ–≤ –ø—Ä–∏ –æ—Ñ–æ—Ä–º–ª–µ–Ω–∏–∏ –±–∏–ª–µ—Ç–æ–≤ –∑–∞ –≤–æ–∑–º–æ–∂–Ω—ã–π –¥–µ—Ñ–æ–ª—Ç –∞–≤–∏–∞–∫–æ–º–ø–∞–Ω–∏–∏ –∏–ª–∏ –æ—Ç–º–µ–Ω—É —Ä–µ–π—Å–∞. –†–µ—á—å –∏–¥–µ—Ç –æ —Å–æ–∑–¥–∞–Ω–∏–∏ –Ω–∞—Ü–∏–æ–Ω–∞–ª—å–Ω–æ–π —Å–∏—Å—Ç–µ–º—ã –≤–∑–∞–∏–º–æ—Ä–∞—Å—á–µ—Ç–æ–≤ –Ω–∞ –≤–æ–∑–¥—É—à–Ω–æ–º —Ç—Ä–∞–Ω—Å–ø–æ—Ä—Ç–µ –Ω–∞ –±–∞–∑–µ –ê–û ¬´–ê–≤–∏–∞–≥–∞—Ä–∞–Ω—Ç¬ª. 

üëâüèª–°–∏—Å—Ç–µ–º–∞ –≤–∑–∞–∏–º–æ—Ä–∞—Å—á–µ—Ç–æ–≤ –Ω–∞ –≤–æ–∑–¥—É—à–Ω–æ–º —Ç—Ä–∞–Ω—Å–ø–æ—Ä—Ç–∞ —É–∂–µ —Å—É—â–µ—Å—Ç–≤—É–µ—Ç ‚Äî —ç—Ç–æ –°–í–í–¢ –ø–æ–¥ —É–ø—Ä–∞–≤–ª–µ–Ω–∏–µ–º –¢—Ä–∞—Å–ø–æ—Ä—Ç–Ω–æ-–∫–ª–∏—Ä–∏–Ω–≥–æ–≤–æ–π –ø–∞–ª–∞—Ç—ã (–¢–ö–ü), —Ä–∞–∑–º–µ—Ä —Å–±–æ—Ä–∞ –≤ –∫–æ—Ç–æ—Ä–æ–π —Å–æ—Å—Ç–∞–≤–ª—è–µ—Ç 185 —Ä—É–±. –ò–Ω–∏—Ü–∏–∞—Ç–∏–≤–∞ –∫–∞—Å–∞–µ—Ç—Å—è –≤–≤–µ–¥–µ–Ω–∏—è –¥–æ–ø—Å–±–æ—Ä–∞ –ø—Ä–∏ –æ—Ñ–æ—Ä–º–ª–µ–Ω–∏–∏ –±–∏–ª–µ—Ç–∞, –∫–æ—Ç–æ—Ä—ã–µ –±—É–¥–µ—Ç –≥–∞—Ä–∞–Ω—Ç–∏—Ä–æ–≤–∞—Ç—å –≤–æ–∑–≤—Ä–∞—Ç –¥–µ–Ω–µ–≥. –°—É–º–º–∞ –Ω–æ–≤–æ–≥–æ —Å–±–æ—Ä–∞ –æ—Ü–µ–Ω–∏–≤–∞–µ—Ç—Å—è –≤ 150-300 —Ä—É–±–ª–µ–π. –ö–æ–º–ø–∞–Ω–∏–∏ –∏–∑ —Ç–æ–ø-5 —É—Ç–≤–µ—Ä–∂–¥–∞—é—Ç, —á—Ç–æ –¢–ö–ü –∏ —Ç–∞–∫ –æ–±–µ—Å–ø–µ—á–∏–≤–∞–µ—Ç —Ç–∞–∫–∏–µ –≥–∞—Ä–∞–Ω—Ç–∏–∏, –∞ —Å–±–æ—Ä –ø—Ä–∏–≤–µ–¥–µ—Ç –∫ —É–≤–µ–ª–∏—á–µ–Ω–∏—é —Ü–µ–Ω—ã –¥–ª—è –ø–∞—Å—Å–∞–∂–∏—Ä–∞. –ö—Ä–æ–º–µ —ç—Ç–æ–≥–æ, —Å–æ–∑–¥–∞–Ω–∏–µ —Ñ–æ–Ω–¥–∞ –ø—Ä–∏–≤–µ–¥–µ—Ç –∫ —Ä–æ—Å—Ç—É —Ü–µ–Ω—ã –∞–≤–∏–∞–±–∏–ª–µ—Ç–æ–≤ –∏ —Å–æ–∫—Ä–∞—â–µ–Ω–∏—é –ø–∞—Å—Å–∞–∂–∏—Ä–æ–ø–æ—Ç–æ–∫–∞. 

‚úñÔ∏è–û–¥–Ω–∞–∫–æ, –≤ –†–æ—Å—Ç–µ—Ö–µ –≤–æ–∑—Ä–∞–∂–∞—é—Ç ‚Äî —Ü–µ–ª—å —Å–±–æ—Ä–∞ –≤ –¥–æ–ø–æ–ª–Ω–∏—Ç–µ–ª—å–Ω–æ–º –≤–æ–∑–º–µ—â–µ–Ω–∏–∏ –∑–∞ —Å—á–µ—Ç —Å—Ä–µ–¥—Å—Ç–≤ —Ä–µ–∑–µ—Ä–≤–Ω–æ–≥–æ —Ñ–æ–Ω–¥–∞ –≤ —Å–ª—É—á–∞–µ –æ—Ç–º–µ–Ω—ã —Ä–µ–π—Å–∞ –∏–ª–∏ –±–∞–Ω–∫—Ä–æ—Ç—Å—Ç–≤–∞ –ø–µ—Ä–µ–≤–æ–∑—á–∏–∫–∞. –í –ú–∏–Ω—Ç—Ä–∞–Ω—Å–µ —É—Ç–æ—á–Ω—è—é—Ç, —á—Ç–æ –≤ –¥–µ–π—Å—Ç–≤—É—é—â–µ–º –§–ê–ü-82 –Ω–µ –ø—Ä–µ–¥—É—Å–º–æ—Ç—Ä–µ–Ω –ø–æ—Ä—è–¥–æ–∫ –¥–µ–π—Å—Ç–≤–∏–π –≤ —Å–ª—É—á–∞–µ —Ñ–∏–Ω–∞–Ω—Å–æ–≤—ã—Ö –∑–∞—Ç—Ä—É–¥–Ω–µ–Ω–∏–π —É –∞–≤–∏–∞–∫–æ–º–ø–∞–Ω–∏–∏. –°—Ö–æ–¥–Ω—ã–π –º–µ—Ö–∞–Ω–∏–∑–º –µ—Å—Ç—å —É –†–æ—Å—Å–∏–π—Å–∫–æ–≥–æ —Å–æ—é–∑–∞ –∞–≤—Ç–æ—Å—Ç—Ä–∞—Ö–æ–≤—â–∏–∫–æ–≤. –°—Ä–µ–¥—Å—Ç–≤–∞ —Ñ–æ–Ω–¥–∞ –ø–æ–ø–æ–ª–Ω—è—é—Ç—Å—è –∑–∞ —Å—á–µ—Ç —Å–ø–µ—Ü–∏–∞–ª—å–Ω–æ–π –Ω–∞–¥–±–∞–≤–∫–∏, –≤–∫–ª—é—á–∞–µ–º–æ–π –≤ —Ü–µ–Ω—É –∫–∞–∂–¥–æ–≥–æ –ø–æ–ª–∏—Å–∞ –û–°–ê–ì–û. –ù–æ –æ–ø—ã—Ç –ø–æ–∫–∞–∑—ã–≤–∞–µ—Ç, —á—Ç–æ –ø—Ä–∏ –º–∞—Å—Å–æ–≤—ã—Ö –æ—Ç–º–µ–Ω–∞—Ö —Ä–µ–π—Å–æ–≤ –æ—Ç—Ä–∞—Å–ª—å –Ω–µ —Å–ø—Ä–∞–≤–ª—è–µ—Ç—Å—è —Å–∏–ª–∞–º–∏ —Ä–µ–∑–µ—Ä–≤–Ω—ã—Ö —Ñ–æ–Ω–¥–æ–≤. –ò–¥–µ—é ¬´—Å–±–æ—Ä–∞ –∑–∞ –±–∞–Ω–∫—Ä–æ—Ç—Å—Ç–≤–æ¬ª –º–æ–∂–Ω–æ —Å—á–∏—Ç–∞—Ç—å —É–¥–æ–±–Ω–æ–π, –Ω–æ —Ç–æ–ª—å–∫–æ –ø—Ä–∏ —É—Å–ª–æ–≤–∏–∏ —á–µ—Ç–∫–æ–≥–æ –æ–ø—Ä–µ–¥–µ–ª–µ–Ω–∏—è —É—Å–ª–æ–≤–∏–π –≤—ã–Ω—É–∂–¥–µ–Ω–Ω—ã—Ö –≤–æ–∑–≤—Ä–∞—Ç–æ–≤. 

–≠–∫—Å–ø–µ—Ä—Ç—ã –≥–æ–≤–æ—Ä—è—Ç, —á—Ç–æ –ø—Ä–∏ —Ç–µ–∫—É—â–µ–º –ø–∞—Å—Å–∞–∂–∏—Ä–æ–ø–æ—Ç–æ–∫–µ –≥–æ–¥–æ–≤–æ–π —Å–±–æ—Ä —Ñ–æ–Ω–¥–∞ –º–æ–∂–µ—Ç —Å–æ—Å—Ç–∞–≤–∏—Ç—å –æ–∫–æ–ª–æ 15‚Äì30 –º–ª—Ä–¥ —Ä—É–±. –î–ª—è —Å–ª—É—á–∞–µ–≤ –±–∞–Ω–∫—Ä–æ—Ç—Å—Ç–≤ –∞–≤–∏–∞–∫–æ–º–ø–∞–Ω–∏–π –æ–±—ä–µ–º —Ñ–æ–Ω–¥–∞ –∏–∑–±—ã—Ç–æ—á–µ–Ω, –æ–¥–Ω–∞–∫–æ –µ—Å–ª–∏ —Å—É–º–º—É —Å–±–æ—Ä–∞ —Å–Ω–∏–∑–∏—Ç—å –¥–æ 50 —Ä—É–±. –∏ –ø—É–±–ª–∏–∫–æ–≤–∞—Ç—å —Ä–∞—Å—Ö–æ–¥—ã —Å–∞–º–æ–≥–æ ¬´–ê–≤–∏–∞–≥–∞—Ä–∞–Ω—Ç–∞¬ª, –∏–¥–µ—è –º–æ–∂–µ—Ç –±—ã—Ç—å –ø–æ–ª–µ–∑–Ω–æ–π.

__–ö–∞–∫ –≤–∞–º –Ω–æ–≤—ã–π –Ω–∞–ª–æ–≥?__

[–™](https://www.kommersant.ru/doc/6083539) | @MarketOverview",2023-07-12
MarketOverview,"**USD 90,4275; EUR 99,7925**

–ü—Ä–∏–≤–µ—Ç –∏–∑ –ø—Ä–æ—à–ª–æ–≥–æ @MarketOverview",2023-07-12
MarketOverview,"**15-16 –∏—é–ª—è –ø—Ä–µ–∑–µ–Ω—Ç–∞—Ü–∏—è –Ω–æ–≤–æ—Å—Ç—Ä–æ–µ–∫ –î—É–±–∞—è –æ—Ç –∑–∞—Å—Ç—Ä–æ–π—â–∏–∫–∞ Sobha –≤ –ú–æ—Å–∫–≤–µ
** 
Whitewill –ø—Ä–æ–¥–æ–ª–∂–∞–µ—Ç –∑–Ω–∞–∫–æ–º–∏—Ç—å –º–æ—Å–∫–æ–≤—Å–∫—É—é –∏–Ω–≤–µ—Å—Ç-—Ç—É—Å–æ–≤–∫—É —Å –ª—É—á—à–∏–º–∏ –±–ª–∏–∂–Ω–µ–≤–æ—Å—Ç–æ—á–Ω—ã–º–∏ –∑–∞—Å—Ç—Ä–æ–π—â–∏–∫–∞–º–∏. –ú—ã —É–∂–µ –ø—Ä–∏–≤–µ–∑–ª–∏ –ø—Ä–µ–¥—Å—Ç–∞–≤–∏—Ç–µ–ª–µ–π Damac –∏ Nine Yards. –ê —Ç–µ–ø–µ—Ä—å –ø—Ä–∏–≥–ª–∞—à–∞–µ–º –≤–∞—Å –Ω–∞ –≤—Å—Ç—Ä–µ—á—É —Å –º–µ–Ω–µ–¥–∂–µ—Ä–∞–º–∏ –∑–∞—Å—Ç—Ä–æ–π—â–∏–∫–∞ Sobha.
 
15-16 –∏—é–ª—è –≤ –æ—Ç–µ–ª–µ St.Regis –Ω–∞ –ù–∏–∫–æ–ª—å—Å–∫–æ–π —Å–æ—Å—Ç–æ–∏—Ç—Å—è –ø—Ä–µ–∑–µ–Ω—Ç–∞—Ü–∏—è –ø—Ä–æ–µ–∫—Ç–æ–≤ Sobha, –æ–¥–Ω–æ–≥–æ –∏–∑ –≤–µ–¥—É—â–∏—Ö –∑–∞—Å—Ç—Ä–æ–π—â–∏–∫–æ–≤ –î—É–±–∞—è. –û–Ω–∏ –Ω–µ –ø—Ä–æ—Å—Ç–æ —Å—Ç—Ä–æ—è—Ç –¥–æ–º–∞ –∏ –∏–Ω—Ñ—Ä–∞—Å—Ç—Ä—É–∫—Ç—É—Ä—É, –∞ —Ä–∞–∑—Ä–∞–±–∞—Ç—ã–≤–∞—é—Ç —Ü–µ–ª—ã–µ —Ä–∞–π–æ–Ω—ã, –∫–æ—Ç–æ—Ä—ã–µ –ø–æ—Ç–æ–º –Ω–æ—Å—è—Ç –∏–º—è –¥–µ–≤–µ–ª–æ–ø–µ—Ä–∞, –Ω–∞–ø—Ä–∏–º–µ—Ä, Sobha Hartland.
 
**–ß—Ç–æ –≤–∞—Å –∂–¥—ë—Ç:
**‚Ä¢ –≤–∞—Å –ø—Ä–æ–∫–æ–Ω—Å—É–ª—å—Ç–∏—Ä—É—é—Ç –ø–æ —Å–∞–º—ã–º —Å–≤–µ–∂–∏–º –ø—Ä–æ–µ–∫—Ç–∞–º;
‚Ä¢ –≤–∞–º —Ä–∞—Å—Å—á–∏—Ç–∞—é—Ç –¥–æ—Ö–æ–¥–Ω–æ—Å—Ç—å –∏ –æ–∫—É–ø–∞–µ–º–æ—Å—Ç—å –ø–æ –≤–∞—à–µ–º—É –±—é–¥–∂–µ—Ç—É;
‚Ä¢ —Ä–∞—Å—Å–∫–∞–∂—É—Ç –æ –≤–æ–∑–º–æ–∂–Ω–æ—Å—Ç–∏ –ø–æ–ª—É—á–µ–Ω–∏—è –í–ù–ñ;
‚Ä¢ –≤–∞–º –ø—Ä–µ–¥–ª–æ–∂–∞—Ç –∑–∞–±—Ä–æ–Ω–∏—Ä–æ–≤–∞—Ç—å –∫–≤–∞—Ä—Ç–∏—Ä—É –ø—Ä—è–º–æ –Ω–∞ –º–µ—Å—Ç–µ;
‚Ä¢ –æ—Ç–≤–µ—Ç—è—Ç –Ω–∞ –ª—é–±—ã–µ –≤–∞—à–∏ –≤–æ–ø—Ä–æ—Å—ã: –∫–∞–∫ –æ–ø–ª–∞—á–∏–≤–∞—Ç—å –∏–∑ –†–æ—Å—Å–∏–∏? –∫–∞–∫ –∑–∞–≤–µ—Å—Ç–∏ —Å—á—ë—Ç? –∏ –¥—Ä—É–≥–∏–µ.
 
**–ö–∞–∫ –ø—Ä–∏–Ω—è—Ç—å —É—á–∞—Å—Ç–∏–µ:
**1. [–ù–∞–ø–∏—Å–∞—Ç—å —ç–∫—Å–ø–µ—Ä—Ç—É –≤ —á–∞—Ç.](https://t.me/whitewillestatebot?start=5)
2. –í—ã –ø–æ–ª—É—á–∏—Ç–µ –∫–æ–Ω—Å—É–ª—å—Ç–∞—Ü–∏—é –∏ –ø—Ä–∏–≥–ª–∞—à–µ–Ω–∏–µ.
3. –í—ã–±–µ—Ä–∏—Ç–µ —É–¥–æ–±–Ω—ã–π –¥–µ–Ω—å –∏ –≤—Ä–µ–º—è —Å 10:00 –¥–æ 22:00.
4. –ñ–¥—ë–º –≤–∞—Å –≤ –æ—Ç–µ–ª–µ St.Regis –Ω–∞ –ù–∏–∫–æ–ª—å—Å–∫–æ–π.",2023-07-12
MarketOverview,"üì¢Banking news

üîª–¶–ë –≤—ã–ø–∏—Å–∞–ª 5 —à—Ç—Ä–∞—Ñ–æ–≤ –ø–æ 50 —Ç—ã—Å. —Ä—É–± **–û–±—ä–µ–¥–∏–Ω–µ–Ω–Ω–æ–º—É –∫—Ä–µ–¥–∏—Ç–Ω–æ–º—É –±—é—Ä–æ** –∑–∞ –Ω–µ–ø—Ä–µ–¥–æ—Å—Ç–∞–≤–ª–µ–Ω–∏–µ –∫—Ä–µ–¥–∏—Ç–Ω—ã—Ö –æ—Ç—á–µ—Ç–æ–≤
üîª–§–°–ü–ü –æ—à—Ç—Ä–∞—Ñ–æ–≤–∞–ª **–±–∞–Ω–∫ –†—É—Å—Å–∫–∏–π –°—Ç–∞–Ω–¥–∞—Ä—Ç** –∑–∞ –ø—Å–∏—Ö–æ–ª–æ–≥–∏—á–µ—Å–∫–æ–µ –¥–∞–≤–ª–µ–Ω–∏–µ –Ω–∞ –¥–æ–ª–∂–Ω–∏–∫–∞. –ö–ª–∏–µ–Ω—Ç–∫–µ –ø–æ–∑–≤–æ–Ω–∏–ª–∞ –∂–µ–Ω—â–∏–Ω–∞, –∫–æ—Ç–æ—Ä–∞—è –ø—Ä–µ–¥—Å—Ç–∞–≤–∏–ª–∞—Å—å —É—á–∞—Å—Ç–∫–æ–≤–æ–π –°–≤–µ—Ä–¥–ª–æ–≤—Å–∫–æ–≥–æ —Ä–∞–π–æ–Ω–∞ –∏ –≤ –≥—Ä—É–±–æ–π —Ñ–æ—Ä–º–µ —Ç—Ä–µ–±–æ–≤–∞–ª–∞ –ø–æ–≥–∞—à–µ–Ω–∏—è –¥–æ–ª–≥–∞ –ø–µ—Ä–µ–¥ –±–∞–Ω–∫–æ–º. –¢–∞–∫–∂–µ –∫–ª–∏–µ–Ω—Ç –ø–æ–ª—É—á–∞–ª –æ—Ç —Å–æ—Ç—Ä—É–¥–Ω–∏–∫–æ–≤ –±–∞–Ω–∫–∞ —É–≥—Ä–æ–∑—ã –∞—Ä–µ—Å—Ç–∞ —Å—á–µ—Ç–∞ –∏ –∏–º—É—â–µ—Å—Ç–≤–∞, —Ç—Ä–µ–±–æ–≤–∞–Ω–∏–µ –æ–±–µ—Å–ø–µ—á–∏—Ç—å –ø—Ä–∏—Å—É—Ç—Å—Ç–≤–∏–µ –ø–æ –º–µ—Å—Ç—É —Ä–µ–≥–∏—Å—Ç—Ä–∞—Ü–∏–∏, –≤–∑–ª–æ–º–∞ –¥–≤–µ—Ä–Ω—ã—Ö –∑–∞–º–∫–æ–≤ —Å –ø–æ–º–æ—â—å—é –ú–ß–°.
`–ü–æ—Ö–æ–∂–µ –Ω–æ–≤—ã–µ –ø–æ–ø—Ä–∞–≤–∫–∏ –æ–± —É–≥–æ–ª–æ–≤–Ω–æ–º –Ω–∞–∫–∞–∑–∞–Ω–∏–∏ –¥–ª—è –∫–æ–ª–ª–µ–∫—Ç–æ—Ä–æ–≤ –æ—Ö–ª–∞–¥—è—Ç –∏—Ö –ø—Ä–∏—ë–º—á–∏–∫–∏`

üî∏–ì–∞–∑–ø—Ä–æ–º–Ω–µ—Ñ—Ç—å-–ú–æ—Å–∫–æ–≤—Å–∫–∏–π –ù–ü–ó –ø–æ–ø—Ä–æ—Å–∏–ª –Ω–∞–ª–æ–∂–∏—Ç—å –æ–±–µ—Å–ø–µ—á–∏—Ç–µ–ª—å–Ω—ã–µ –º–µ—Ä—ã (–∞—Ä–µ—Å—Ç–æ–≤–∞—Ç—å) –¥–µ–Ω—å–≥–∏, —Ü–µ–Ω–Ω—ã–µ –±—É–º–∞–≥–∏, —Ñ–∏–Ω–∞–Ω—Å–æ–≤—ã–µ –∏–Ω—Å—Ç—Ä—É–º–µ–Ω—Ç—ã –∏ –¥—Ä—É–≥–∏–µ –∞–∫—Ç–∏–≤—ã —Ñ—Ä–∞–Ω—Ü—É–∑—Å–∫–æ–≥–æ Credit Agricole Corporate and Investment Bank. –ì–ü–ù-–ú–æ—Å–∫–æ–≤—Å–∫–∏–π –ù–ü–ó –ø–µ—Ä–µ–≤–µ–ª –¥–µ–ª–æ –æ –ø—Ä–∏–∑–Ω–∞–Ω–∏–∏ –Ω–µ–¥–µ–π—Å—Ç–≤–∏—Ç–µ–ª—å–Ω–æ–π –±–∞–Ω–∫–æ–≤—Å–∫–æ–π –≥–∞—Ä–∞–Ω—Ç–∏–∏ –∏–∑ –∑–∞—Ä—É–±–µ–∂–Ω–æ–π —é—Ä–∏—Å–¥–∏–∫—Ü–∏–∏ –≤ —Ä–æ—Å—Å–∏–π—Å–∫–∏–π —Å—É–¥ –∏ –ø—Ä–µ–¥—ä—è–≤–∏–ª —Ç—Ä–µ–±–æ–≤–∞–Ω–∏–µ –≤–µ—Ä–Ω—É—Ç—å ‚Ç¨5,34 –º–ª–Ω –æ—Å–Ω–æ–≤–Ω–æ–≥–æ –¥–æ–ª–≥–∞ –∏ —á—É—Ç—å –±–æ–ª—å—à–µ ‚Ç¨200 —Ç—ã—Å. –∑–∞ –ø–æ–ª—å–∑–æ–≤–∞–Ω–∏–µ —á—É–∂–∏–º–∏ –¥–µ–Ω—å–≥–∞–º–∏. 
–£ Credit Agricole –≤ –†–æ—Å—Å–∏–∏ –æ—Å—Ç–∞–ª—Å—è **–ö—Ä–µ–¥–∏ –ê–≥—Ä–∏–∫–æ–ª—å –ö–æ—Ä–ø–æ—Ä–∞—Ç–∏–≤–Ω—ã–π –∏ –ò–Ω–≤–µ—Å—Ç–∏—Ü–∏–æ–Ω–Ω—ã–π –ë–∞–Ω–∫**, –Ω–∞ –∞–∫—Ç–∏–≤—ã –∫–æ—Ç–æ—Ä–æ–≥–æ –∏ –ø—Ä–µ—Ç–µ–Ω–¥—É–µ—Ç –ì–ü–ù.

üîπ–≠–∫—Å–ø–µ—Ä—Ç –†–ê –ø–æ–≤—ã—Å–∏–ª —Ä–µ–π—Ç–∏–Ω–≥ **–±–∞–Ω–∫–∞ –†–ë–ê** (–ú–æ—Å–∫–≤–∞) —Å ruB- –¥–æ ru–í, –ø—Ä–æ–≥–Ω–æ–∑ —Å–æ—Ö—Ä–∞–Ω–µ–Ω —Å—Ç–∞–±–∏–ª—å–Ω—ã–π.
–î–æ–ª—è –∞–∫—Ç–∏–≤–æ–≤, –ø—Ä–∏—Ö–æ–¥—è—â–∏—Ö—Å—è –Ω–∞ –∫—Ä–µ–¥–∏—Ç–æ–≤–∞–Ω–∏–µ —Å–≤—è–∑–∞–Ω–Ω—ã—Ö –∫–æ–º–ø–∞–Ω–∏–π, –∑–∞ –ø–æ—Å–ª–µ–¥–Ω–∏–µ 2 –≥–æ–¥–∞ –∑–∞–º–µ—Ç–Ω–æ —Å–Ω–∏–∑–∏–ª–∞—Å—å. –í –ø–µ—Ä–≤–æ–º –ø–æ–ª—É–≥–æ–¥–∏–∏ 2022 –ø–æ—Å–ª–µ —Ä–æ—Å—Ç–∞ –∫–ª—é—á–µ–≤–æ–π —Å—Ç–∞–≤–∫–∏ –±–∞–Ω–∫ –ø—Ä–∏–≤–ª–µ–∫ –æ—Ç —Å–≤—è–∑–∞–Ω–Ω–æ–π –≥—Ä—É–ø–ø—ã –∑–Ω–∞—á–∏—Ç–µ–ª—å–Ω—ã–µ —Ä–µ—Å—É—Ä—Å—ã –∏ –ø–µ—Ä–µ—Ä–∞–∑–º–µ—Å—Ç–∏–ª –Ω–∞ –¥–µ–ø–æ–∑–∏—Ç–∞—Ö –≤ –¶–ë. –ó–∞ –ø–æ—Å–ª–µ–¥–Ω–∏–π –≥–æ–¥ –æ–±—ä—ë–º –∫—Ä–µ–¥–∏—Ç–Ω–æ–≥–æ –ø–æ—Ä—Ç—Ñ–µ–ª—è –≤—ã—Ä–æ—Å –Ω–∞ 20%, –ø—Ä–∏ —ç—Ç–æ–º —Å 2014 –ø–æ 2020 –æ–Ω —Å–æ–∫—Ä–∞—â–∞–ª—Å—è.
üîπ–≠–∫—Å–ø–µ—Ä—Ç –†–ê –ø–æ–≤—ã—Å–∏–ª —Ä–µ–π—Ç–∏–Ω–≥ **–ë–∞–Ω–∫–∞ –°–∞–Ω–∫—Ç-–ü–µ—Ç–µ—Ä–±—É—Ä–≥** —Å ruA –¥–æ ruA+, –ø—Ä–æ–≥–Ω–æ–∑ —Å–æ—Ö—Ä–∞–Ω–µ–Ω —Å—Ç–∞–±–∏–ª—å–Ω—ã–π.
`–ø—Ä–∏—á–∏–Ω–∞: —É—Å–∏–ª–µ–Ω–∏–µ –∫–∞–ø–∏—Ç–∞–ª—å–Ω–æ–π –ø–æ–∑–∏—Ü–∏–∏, —Ä–æ—Å—Ç —Ä–µ–Ω—Ç–∞–±–µ–ª—å–Ω–æ—Å—Ç–∏, –º–∞—Å—à—Ç–∞–±–∏—Ä–æ–≤–∞–Ω–∏–µ –±–∏–∑–Ω–µ—Å–∞, —Å–Ω–∏–∂–µ–Ω–∏–µ –æ–±—ä—ë–º–∞ –ø—Ä–æ–±–ª–µ–º–Ω—ã—Ö –∫—Ä–µ–¥–∏—Ç–æ–≤`
–ö–∞–ø–∏—Ç–∞–ª—å–Ω–∞—è –ø–æ–∑–∏—Ü–∏—è —É—Å–∏–ª–∏–ª–∞—Å—å –∑–∞ —Å—á–µ—Ç –≤–∫–ª—é—á–µ–Ω–∏—è —Ä–µ–∫–æ—Ä–¥–Ω–æ–π –ø—Ä–∏–±—ã–ª–∏ –∑–∞ 2022 –≥–æ–¥. –†–µ–Ω—Ç–∞–±–µ–ª—å–Ω–æ—Å—Ç—å –≤—ã—Ä–æ—Å–ª–∞ –∏–∑-–∑–∞ –ø–æ–≤—ã—à–µ–Ω–∏—è –ø—Ä–æ—Ü–µ–Ω—Ç–Ω—ã—Ö –¥–æ—Ö–æ–¥–æ–≤ –ø—Ä–∏ —Å–æ—Ö—Ä–∞–Ω–µ–Ω–∏–∏ —Å—Ç–æ–∏–º–æ—Å—Ç–∏ —Ñ–æ–Ω–¥–∏—Ä–æ–≤–∞–Ω–∏—è (–ø—Ä–æ—Å—Ç—ã–º–∏ —Å–ª–æ–≤–∞–º–∏ –ø–æ –¥–µ–ø–æ–∑–∏—Ç–∞–º —Å—Ç–∞–≤–∫–∏ –Ω–µ –≤—ã—Ä–æ—Å–ª–∏ —Ç–∞–∫ —Å–∏–ª—å–Ω–æ, –∫–∞–∫ –ø–æ –∫—Ä–µ–¥–∏—Ç–∞–º)

@MarketOverview",2023-07-12
MarketOverview,"üîπ **–Æ–Ω–∏–∫—Ä–µ–¥–∏—Ç–±–∞–Ω–∫ –≥–æ—Ç–æ–≤–∏—Ç –±–µ—Å–∫–∞—Ä—Ç–æ—á–Ω—ã–π –¥–æ—Å—Ç—É–ø –∫ –±–∞–Ω–∫–æ–º–∞—Ç–∞–º**

–° 12 –∏—é–ª—è –Æ–Ω–∏–ö—Ä–µ–¥–∏—Ç –ë–∞–Ω–∫ –∑–∞–ø—É—Å–∫–∞–µ—Ç –≤–æ–∑–º–æ–∂–Ω–æ—Å—Ç—å –∞–≤—Ç–æ—Ä–∏–∑–∞—Ü–∏–∏ –≤ –±–∞–Ω–∫–æ–º–∞—Ç–µ –±–µ–∑ –∫–∞—Ä—Ç—ã, —Å –ø–æ–º–æ—â—å—é –º–æ–±–∏–ª—å–Ω–æ–≥–æ –ø—Ä–∏–ª–æ–∂–µ–Ω–∏—è Mobile.UniCredit. –ö–ª–∏–µ–Ω—Ç —Ñ–æ—Ä–º–∏—Ä—É–µ—Ç –æ–¥–Ω–æ—Ä–∞–∑–æ–≤—ã–π –ª–æ–≥–∏–Ω –≤ –ø—Ä–∏–ª–æ–∂–µ–Ω–∏–∏ –∏ –ø–æ–¥—Ç–≤–µ—Ä–∂–¥–∞–µ—Ç –µ–≥–æ –∫–æ–¥–æ–º –∏–∑ —Å–º—Å. –ü–æ—Å–ª–µ –∞–≤—Ç–æ—Ä–∏–∑–∞—Ü–∏–∏ –∫–ª–∏–µ–Ω—Ç –º–æ–∂–µ—Ç —Å–æ–≤–µ—Ä—à–∞—Ç—å –≤—Å–µ –æ–ø–µ—Ä–∞—Ü–∏–∏ (__""–ø—Ä–µ–¥—É—Å–º–æ—Ç—Ä–µ–Ω–Ω—ã–µ —Ç–µ—Ö–Ω–∏—á–µ—Å–∫–∏–º–∏ –≤–æ–∑–º–æ–∂–Ω–æ—Å—Ç—è–º–∏ –±–∞–Ω–∫–æ–º–∞—Ç–∞""__), –∫–∞–∫ –µ—Å–ª–∏ –±—ã –≤—Å—Ç–∞–≤–∏–ª —Ñ–∏–∑–∏—á–µ—Å–∫—É—é –∫–∞—Ä—Ç—É, –∑–∞ –∏—Å–∫–ª—é—á–µ–Ω–∏–µ–º —Å–º–µ–Ω—ã –ü–ò–ù-–∫–æ–¥–∞ –∫ –∫–∞—Ä—Ç–µ. 
–ó–∞–ø—Ä–æ—Å–∏–ª–∏ —É –±–∞–Ω–∫–∞ –∏–Ω—Ñ–æ—Ä–º–∞—Ü–∏—é, –∫–∞–∫–∏–µ __–≤–æ–∑–º–æ–∂–Ω–æ—Å—Ç–∏__ –±—É–¥—É—Ç –≤ –Ω–æ–≤–æ–º —Ñ—É–Ω–∫—Ü–∏–æ–Ω–∞–ª–µ.

–°–µ–≥–æ–¥–Ω—è –∏–∑ –∏–∑–≤–µ—Å—Ç–Ω—ã—Ö –±–∞–Ω–∫–æ–≤ —Ç–∞–∫–æ–π –±–µ—Å–∫–∞—Ä—Ç–æ—á–Ω—ã–π —Ñ—É–Ω–∫—Ü–∏–æ–Ω–∞–ª –∏–º–µ–µ—Ç—Å—è —Ç–æ–ª—å–∫–æ —É —Ç—Ä–µ—Ö, –Ω–æ —Å –æ–±—Ä–µ–∑–∞–Ω–Ω—ã–º —Ñ—É–Ω—Ü–∏–æ–Ω–∞–ª–æ–º - —á–µ—Ä–µ–∑ qr-–∫–æ–¥: –°–±–µ—Ä–±–∞–Ω–∫, –í–¢–ë - –º–æ–∂–Ω–æ –≤–Ω–µ—Å—Ç–∏ –∏ —Å–Ω—è—Ç—å –¥–µ–Ω—å–≥–∏, –¢–∏–Ω—å–∫–æ—Ñ—Ñ - —Ç–æ–ª—å–∫–æ —Å–Ω—è—Ç—å.
UPD: —Å 5 –∏—é–Ω—è —Ñ—É–Ω–∫—Ü–∏–æ–Ω–∞–ª –≤–Ω–µ—Å–µ–Ω–∏—è –∏ —Å–Ω—è—Ç–∏ –ø–æ qr-–∫–æ–¥—É —Ç–∞–∫–∂–µ –ø–æ—è–≤–∏–ª—Å—è –≤ –ö—Ä–µ–¥–∏—Ç –ï–≤—Ä–æ–ø–∞ –ë–∞–Ω–∫–µ

@MarketOverview",2023-07-12
MarketOverview,"**–ì—Ä—É—Å—Ç–Ω—ã–π —Ñ–∞–∫—Ç: 90% –∏–Ω–≤–µ—Å—Ç–æ—Ä–æ–≤ –≤ –ª—É—á—à–µ–º —Å–ª—É—á–∞–µ –∑–∞—Ä–∞–±–∞—Ç—ã–≤–∞—é—Ç –º–µ–Ω—å—à–µ, —á–µ–º –º–æ–≥–ª–∏ –±—ã**

–ü–æ—Ç–æ–º—É —á—Ç–æ –∏–Ω–≤–µ—Å—Ç–∏—Ä—É—é—Ç –≤ –∏–Ω—Å—Ç—Ä—É–º–µ–Ω—Ç—ã, –∫–æ—Ç–æ—Ä—ã–µ –Ω–µ —Ä–∞–±–æ—Ç–∞—é—Ç, –Ω–∞–ø—Ä–∏–º–µ—Ä, –≤ –∞–∫—Ü–∏–∏. –ò –∂–¥—É—Ç 20-30 –ª–µ—Ç –∑–∞–≤–µ—Ç–Ω–æ–π —Ñ–∏–Ω–∞–Ω—Å–æ–≤–æ–π —Å–≤–æ–±–æ–¥—ã. –ù–æ –¥–∞–∂–µ –£–æ—Ä—Ä–µ–Ω –ë–∞—Ñ—Ñ–µ—Ç —É–∂–µ –Ω–µ –∏—Å–ø–æ–ª—å–∑—É–µ—Ç —ç—Ç—É —Å—Ç—Ä–∞—Ç–µ–≥–∏—é, —Ö–æ—Ç—è –∏ –ø—Ä–æ–¥–æ–ª–∂–∞–µ—Ç –µ–π —É—á–∏—Ç—å :)

–¢–≤–µ—Ä–¥—ã–µ –≤–µ–Ω—á—É—Ä–Ω—ã–µ —Å–¥–µ–ª–∫–∏ ‚Äî —Ç–æ—Ç –∞–∫—Ç–∏–≤, –∫–æ—Ç–æ—Ä—ã–π –≤—ã–±–∏—Ä–∞–µ—Ç –º–∏–ª–ª–∏–∞—Ä–¥–µ—Ä. –ò–º–µ–Ω–Ω–æ –æ–Ω–∏ –ø–æ–∑–≤–æ–ª—è—é—Ç —É–≤–µ–ª–∏—á–∏—Ç—å –∫–∞–ø–∏—Ç–∞–ª –≤ 2-5 —Ä–∞–∑ –∑–∞ –ø–∞—Ä—É –ª–µ—Ç. –ü—Ä–∏ —ç—Ç–æ–º —Ä–∏—Å–∫–∏ –º–µ–Ω—å—à–µ 2% ‚Äî –Ω–∏–∂–µ, —á–µ–º –≤ –Ω–µ–¥–≤–∏–∂–∏–º–æ—Å—Ç–∏.

[–ê–Ω–¥—Ä–µ–π –ú–µ—Ä–∫—É–ª–æ–≤](https://t.me/+INlin1SXNGI2MDFi) ‚Äî —É—á—Ä–µ–¥–∏—Ç–µ–ª—å –∏–Ω–≤–µ—Å—Ç–∏—Ü–∏–æ–Ω–Ω–æ–≥–æ —Ñ–æ–Ω–¥–∞ –∏ –ø—Ä–∞–∫—Ç–∏–∫, –∫–æ—Ç–æ—Ä—ã–π –≤—Å–µ —Å—Ç—Ä–∞—Ç–µ–≥–∏–∏ —Ç–µ—Å—Ç–∏—Ä—É–µ—Ç —Å–æ–±—Å—Ç–≤–µ–Ω–Ω—ã–º–∏ –¥–µ–Ω—å–≥–∞–º–∏. –í —Å–≤–æ–µ–º –∫–∞–Ω–∞–ª–µ –æ–Ω —á–µ—Å—Ç–Ω–æ –¥–µ–ª–∏—Ç—Å—è —Ä–µ–∑—É–ª—å—Ç–∞—Ç–∞–º–∏ –∏ —Ä–∞—Å—Å–∫–∞–∑—ã–≤–∞–µ—Ç –æ —Ä–∞–±–æ—á–∏—Ö –∏–Ω—Å—Ç—Ä—É–º–µ–Ω—Ç–∞—Ö –¥–ª—è –≤—ã—Å–æ–∫–∏—Ö %: –æ –≤–µ–Ω—á—É—Ä–Ω—ã—Ö —Å–¥–µ–ª–∫–∞—Ö, —Ç–æ–∫–µ–Ω–∏–∑–∞—Ü–∏–∏, –Ω–∞ –∫–æ—Ç–æ—Ä–æ–π –º–æ–≥—É—Ç –∑–∞—Ä–∞–±–∞—Ç—ã–≤–∞—Ç—å –¥–∞–∂–µ –Ω–æ–≤–∏—á–∫–∏, –∏ —Ä–∞–Ω–Ω–∏—Ö –∏–Ω–≤–µ—Å—Ç–∏—Ü–∏—è—Ö –≤ –±–ª–æ–∫—á–µ–π–Ω-—Å—Ç–∞—Ä—Ç–∞–ø—ã.¬† ¬†

–î–ª—è —Ä–æ—Å—Ç–∞ –∫–∞–ø–∏—Ç–∞–ª–∞:¬†
[https://t.me/+INlin1SXNGI2MDFi](https://t.me/+INlin1SXNGI2MDFi)¬†

__–∏–Ω—Ç–µ–≥—Ä–∞—Ü–∏—è__",2023-07-12
MarketOverview,"üîπ** –¢–∏–Ω—å–∫–æ—Ñ—Ñ –¥–µ–≤–∞–ª—é—Ç–∏–∑–∏—Ä—É–µ—Ç –∫–ª–∏–µ–Ω—Ç–æ–≤**
–ù–∞ –¥–Ω—è—Ö –º—ã –ø–∏—Å–∞–ª–∏ –ø—Ä–æ [—Å–º—è–≥—á–µ–Ω–∏–µ](https://t.me/MarketOverview/11113) —É—Å–ª–æ–≤–∏–π –Ω–∞ –≤–Ω–µ—Å–µ–Ω–∏–µ –Ω–∞–ª–∏—á–Ω—ã—Ö –¥–æ–ª–ª–∞—Ä–æ–≤ –∏ –µ–≤—Ä–æ –≤ –±–∞–Ω–∫–æ–º–∞—Ç—ã –¢–∏–Ω—å–∫–æ—Ñ—Ñ –±–∞–Ω–∫–∞, –æ–¥–Ω–∞–∫–æ –ø–æ—Å–ª–µ –±–∞–Ω–∫ —É—Å–ø–µ–ª –ø–µ—Ä–µ–æ–±—É—Ç—å—Å—è –∏ —Ç–µ–ø–µ—Ä—å **–∑–∞ –≤–Ω–µ—Å–µ–Ω–∏–µ –±—É–¥–µ—Ç –≤–∑–∏–º–∞—Ç—å—Å—è –∫–æ–º–∏—Å—Å–∏—è –¥–æ 10% **–æ—Ç —Å—É–º–º—ã. –¢–æ—á–Ω–∞—è –∫–æ–º–∏—Å—Å–∏—è –±—É–¥–µ—Ç –æ—Ç–æ–±—Ä–∞–∂–∞—Ç—å—Å—è –≤ –º–æ–º–µ–Ω—Ç –≤–Ω–µ—Å–µ–Ω–∏—è –Ω–∞ —ç–∫—Ä–∞–Ω–µ –±–∞–Ω–∫–æ–º–∞—Ç–∞. 
__–±—ã–ª–æ:__
__‚Ä¢ 2% min $/‚Ç¨0,01 - –ø—Ä–∏ –ø–æ–ø–æ–ª–Ω–µ–Ω–∏–∏ –º–µ–Ω–µ–µ 2 USD –∏–ª–∏ EUR
‚Ä¢ –±–µ—Å–ø–ª–∞—Ç–Ω–æ - –ø—Ä–∏ –ø–æ–ø–æ–ª–Ω–µ–Ω–∏–∏ –æ—Ç 2 –¥–æ 10.000 USD –∏–ª–∏ EUR
‚Ä¢ 2% min $/‚Ç¨0,01 - –ø—Ä–∏ –ø–æ–ø–æ–ª–Ω–µ–Ω–∏–∏ —Å–≤—ã—à–µ 10.000 USD –∏–ª–∏ EUR__

–ö–ª–∏–µ–Ω—Ç—ã –≤–Ω–æ—Å–∏–ª–∏ –¥–æ–ª–ª–∞—Ä—ã, —á—Ç–æ–±—ã –ø—Ä–æ–¥–∞—Ç—å –∏—Ö –Ω–∞ –±–∏—Ä–∂–µ –∏–ª–∏ —Å–Ω–∏–º–∞—Ç—å/—Ä–∞—Å–ø–ª–∞—á–∏–≤–∞—Ç—å—Å—è –∑–∞–≥—Ä–∞–Ω–∏—Ü–µ–π –ø–æ –∫–∞—Ä—Ç–∞–º UnionPay. –î–ª—è —á–µ–≥–æ –≤–Ω–æ—Å–∏—Ç—å –µ–≤—Ä–æ, –∏ —Å–æ–æ—Ç–≤–µ—Ç—Å—Ç–≤–µ–Ω–Ω–æ –≤–≤–æ–¥–∏—Ç—å –∫–æ–º–∏—Å—Å–∏—é - –Ω–µ–ø–æ–Ω—è—Ç–Ω–æ. –í –¢–∏–Ω—å–∫–æ—Ñ—Ñ –ò–Ω–≤–µ—Å—Ç–∏—Ü–∏—è—Ö —Ç–æ—Ä–≥–æ–≤–ª—è –≤ –µ–≤—Ä–æ –∑–∞–∫—Ä—ã—Ç–∞, –∫–∞—Ä—Ç–∞ UP –¢–∏–Ω—å–∫–æ—Ñ—Ñ –≤ –ï–≤—Ä–æ–ø–µ –Ω–µ —Ä–∞–±–æ—Ç–∞–µ—Ç. –° –Ω–∞–ª–∏—á–∫–æ–π –ª—É—á—à–µ –∏–¥—Ç–∏ –≤ –æ–±–º–µ–Ω–Ω–∏–∫, —á—Ç–æ–±—ã –Ω–µ –ø–ª–∞—Ç–∏—Ç—å –¢–∏–Ω—å–∫–æ—Ñ—Ñ –ª–∏—à–Ω—é—é –∫–æ–º–∏—Å—Å–∏—é.

pdf –¢–ü–° 3.0 [USD](https://acdn.tinkoff.ru/static/documents/debit-tariffs-tps_3_0_usd.pdf) | [EUR](https://acdn.tinkoff.ru/static/documents/debit-tariffs-tps_3_0_eur.pdf) | @MarketOverview",2023-07-12
MarketOverview,"üí∏** –í –ø—è—Ç–Ω–∏—Ü—É 14 –∏—é–ª—è –Ω–∞ –æ–¥–∏–Ω –¥–µ–Ω—å –†–∞–π—Ñ—Ñ–∞–π–∑–µ–Ω–±–∞–Ω–∫ –ø–æ–≤—ã—à–∞–µ—Ç –∫—ç—à–±–µ–∫ –Ω–∞ 1,5% –ø–æ –¥–µ–±–µ—Ç–æ–≤—ã–º –∫–∞—Ä—Ç–∞–º —Å –∫—ç—à–±–µ–∫–æ–º **–ø–æ—Å–ª–µ –º–∞—Å—à—Ç–∞–±–Ω–æ–≥–æ [—Å–±–æ—è](https://t.me/MarketOverview/11123) –≤ —Ä–∞–±–æ—Ç–µ –º–æ–±–∏–ª—å–Ω–æ–≥–æ –ø—Ä–∏–ª–æ–∂–µ–Ω–∏—è –∏ –∏–Ω—Ç–µ—Ä–Ω–µ—Ç-–±–∞–Ω–∫–∞ –≤ –Ω–∞—á–∞–ª–µ –Ω–µ–¥–µ–ª–∏

–õ–∏–º–∏—Ç - –±–µ–∑ –æ–≥—Ä–∞–Ω–∏—á–µ–Ω–∏–π, —Å–æ–æ—Ç–≤–µ—Ç—Å—Ç–≤–µ–Ω–Ω–æ –∫—ç—à–±–µ–∫ —Å–æ—Å—Ç–∞–≤–∏—Ç:
**‚Ä¢** 3% –Ω–∞ –≤—Å–µ –ø–æ–∫—É–ø–∫–∏ = 1,5% —Å—Ç–∞–Ω–¥–∞—Ä—Ç–Ω—ã–π + 1,5% –∑–∞ —Å–±–æ–π;
**‚Ä¢** 31,5% –Ω–∞ [—Ç–∞–∫—Å–∏ –∏ –∫–∞—Ä—à–µ—Ä–∏–Ω–≥](https://t.me/MarketOverview/11020) = 1,5% —Å—Ç–∞–Ω–¥–∞—Ä—Ç–Ω—ã–π + 28,5% –¥–æ–ø–æ–ª–Ω–∏—Ç–µ–ª—å–Ω—ã–π + 1,5% –∑–∞ —Å–±–æ–π.
–¢–µ–º, –∫—Ç–æ –Ω–µ —Å–æ–±–∏—Ä–∞–µ—Ç—Å—è –ø–æ–∫—É–ø–∞—Ç—å –∫–≤–∞—Ä—Ç–∏—Ä—ã, –º–∞—à–∏–Ω—ã, —è—Ö—Ç—ã –∏–ª–∏ —Å–æ–≤–µ—Ä—à–∞—Ç—å –¥—Ä—É–≥–∏–µ –¥–æ—Ä–æ–≥–æ—Å—Ç–æ—è—â–∏–µ –ø–æ–∫—É–ø–∫–∏, –º–æ–∂–Ω–æ –∑–∞–ø–∞—Å—Ç–∏—Å—å —Å–µ—Ä—Ç–∏—Ñ–∏–∫–∞—Ç–∞–º–∏ –Ω–∞ Ozon –∏–ª–∏ –≤ —Å—É–ø–µ—Ä–º–∞—Ä–∫–µ—Ç–∞—Ö.

""–ö–∞–∫ —Å–æ—Ö—Ä–∞–Ω–∏—Ç—å –ª–æ—è–ª—å–Ω–æ—Å—Ç—å –∫–ª–∏–µ–Ω—Ç–æ–≤ –ø–æ—Å–ª–µ —Å–±–æ—è –≤ –º–æ–±–∏–ª—å–Ω–æ–º –ø—Ä–∏–ª–æ–∂–µ–Ω–∏–∏"": –∏–Ω—Å—Ç—Ä—É–∫—Ü–∏—è –¥–ª—è –º–∞—Ä–∫–µ—Ç–æ–ª–æ–≥–æ–≤ —Ä–æ—Å—Å–∏–π—Å–∫–∏—Ö –±–∞–Ω–∫–æ–≤ - –±–µ—Ä–µ–º –Ω–∞ –∑–∞–º–µ—Ç–∫—É!

@MarketOverview",2023-07-12
MarketOverview,"**–ë–∞–Ω–∫ –Æ–Ω–∏—Å—Ç—Ä–∏–º –æ—Ç–º–µ–Ω—è–µ—Ç –∫–æ–º–∏—Å—Å–∏–∏ –ø–æ –í–≠–î!**

–¢–∞—Ä–∏—Ñ ¬´–¢–£–†–ë–û –í–≠–î¬ª:

–í–∞–ª—é—Ç–Ω—ã–π –∫–æ–Ω—Ç—Ä–æ–ª—å - 0 —Ä—É–±
–ü–µ—Ä–µ–≤–æ–¥ –≤ –∏–Ω.–≤–∞–ª—é—Ç–µ - 0 —Ä—É–±
–ö–æ–Ω–≤–µ—Ä—Ç–∞—Ü–∏—è - –æ—Ç 0,8% –¥–æ 0,3%

–ú—ã –ø–æ–º–æ–∂–µ–º:
- –ó–Ω–∞—á–∏—Ç–µ–ª—å–Ω–æ —Å–æ–∫—Ä–∞—Ç–∏—Ç—å —Ä–∞—Å—Ö–æ–¥—ã;
- –û—Ç–∫—Ä—ã—Ç—å –≤–∞–ª—é—Ç–Ω—ã–π —Å—á–µ—Ç –∑–∞ 1 —Ä–∞–±–æ—á–∏–π –¥–µ–Ω—å;
- –ì—Ä–∞–º–æ—Ç–Ω–æ —Å–æ—Å—Ç–∞–≤–∏—Ç—å –∫–æ–Ω—Ç—Ä–∞–∫—Ç.

12 –≤–∞–ª—é—Ç –¥–ª—è –ø–ª–∞—Ç–µ–∂–µ–π, 10 —Å—Ç—Ä–∞–Ω –º–∏—Ä–∞:

üá¶üá≤–ê—Ä–º–µ–Ω–∏—è 
üáπüá∑–¢—É—Ä—Ü–∏—è 
üá®üá≥–ö–∏—Ç–∞–π
üáßüáæ–ë–µ–ª–∞—Ä—É—Å—å
üá¨üá™–ì—Ä—É–∑–∏—è
üá∞üáø–ö–∞–∑–∞—Ö—Å—Ç–∞–Ω
üá∫üáø–£–∑–±–µ–∫–∏—Å—Ç–∞–Ω 
üá∞üá¨–ö—ã—Ä–≥—ã–∑—Å—Ç–∞–Ω
üáπüáØ–¢–∞–¥–∂–∏–∫–∏—Å—Ç–∞–Ω 
üá≤üá≥–ú–æ–Ω–≥–æ–ª–∏—è 

[–û—Ç–∫—Ä–æ–π—Ç–µ —Å—á–µ—Ç –ø–æ —Å—Å—ã–ª–∫–µ](https://unistream.onelink.me/8j4B/to5y02z6)",2023-07-12
MarketOverview,"üèó–ü–æ–º–Ω–∏—Ç–µ, –∫–∞–∫ –¶–ë –≤–æ–µ–≤–∞–ª —Å –±–∞–Ω–∫–∞–º–∏ –∏ –∑–∞—Å—Ç—Ä–æ–π—â–∏–∫–∞–º–∏ –∑–∞ —á–µ—Å—Ç–Ω—É—é —Å—Ç–∞–≤–∫—É –ø–æ –∏–ø–æ—Ç–µ–∫–µ, —á—Ç–æ–±—ã —Ä–µ–∞–ª—å–Ω–∞—è —Å—Ç–∞–≤–∫–∞ –Ω–µ –≤—à–∏–≤–∞–ª–∞—Å—å –≤ —Ü–µ–Ω—É –Ω–µ–¥–≤–∏–∂–∏–º–æ—Å—Ç–∏? –í —ç—Ç–æ –≤—Ä–µ–º—è **–±–∞–Ω–∫ –õ–µ–≤–æ–±–µ—Ä–µ–∂–Ω—ã–π** –Ω–∞–ø—Ä—è–º—É—é –±—Ä–∞–ª —Å –∫–ª–∏–µ–Ω—Ç–æ–≤ –ø–ª–∞—Ç—É –∑–∞ —Å–∫–∏–¥–∫—É –ø–æ —Å—Ç–∞–≤–∫–µ: –º–æ–∂–Ω–æ –±—ã–ª–æ —Å–Ω–∏–∑–∏—Ç—å –Ω–∞ 0,5%, –Ω–∞ 1% –∏ –Ω–∞ 1,5%. –ê —Å 17 –∏—é–ª—è –õ–µ–≤–æ–±–µ—Ä–µ–∂–Ω—ã–π —Ä–µ—à–∏–ª –æ—Ç–æ—Ä–≤–∞—Ç—å—Å—è –ø–æ –ø–æ–ª–Ω–æ–π –∏ —Ä–∞—Å—à–∏—Ä–∏–ª–∏ –¥–∏–ø–∞–∑–æ–Ω ""—Å–∫–∏–¥–æ–∫"".

–ù–∞–ø—Ä–∏–º–µ—Ä, –µ—Å–ª–∏ –≤—ã –≤–∑—è–ª–∏ –∏–ø–æ—Ç–µ–∫—É –∏ —Ö–æ—Ç–∏—Ç–µ –ø–æ –º–∞–∫—Å–∏–º—É–º—É —Å–Ω–∏–∑–∏—Ç—å –ø—Ä–æ—Ü–µ–Ω—Ç–Ω—É—é —Å—Ç–∞–≤–∫—É - –Ω–∞ 4,5%, —Ç–æ –∑–∞–ø–ª–∞—Ç–∏—Ç–µ –∑–∞ ""—Å–∫–∏–¥–∫—É"" **22,35%** –æ—Ç —Å—É–º–º—ã –∫—Ä–µ–¥–∏—Ç–∞. –ü–æ–ª–Ω–∞—è –ª–∏–Ω–µ–π–∫–∞ ""—Å–∫–∏–¥–æ–∫"" - –Ω–∞ —Ñ–æ—Ç–æ.

–ò –≤–µ–¥—å –±—É–¥—É—Ç –ø—Ä–æ–¥–∞–≤–∞—Ç—å —ç—Ç—É —É—Å–ª—É–≥—É –∫–∞–∫ –≤—ã–≥–æ–¥–Ω—É—é –¥–ª—è –∫–ª–∏–µ–Ω—Ç–∞.

[—Ç–∞—Ä–∏—Ñ](https://www.nskbl.ru/upload/iblock/b67/q4ps5de9kii8uvex4tg19o4nio4gghym/20230717_Tarify-_komplekt_.pdf) (pdf) | @MarketOverview",2023-07-13
MarketOverview,"–°–æ–≤–∫–æ–º–±–∞–Ω–∫ –æ–ø—É–±–ª–∏–∫–æ–≤–∞–ª –æ—Ç—á–µ—Ç–Ω–æ—Å—Ç—å –ø–æ –ú–°–§–û
–ß–∏—Å—Ç–∞—è –ø—Ä–∏–±—ã–ª—å –°–æ–≤–∫–æ–º–±–∞–Ω–∫–∞ –∑–∞ l –∫–≤–∞—Ä—Ç–∞–ª 2023 –≥–æ–¥–∞ —Å–æ—Å—Ç–∞–≤–∏–ª–∞ 23 –º–ª—Ä–¥ —Ä—É–±. –ó–∞ –ø–æ—Å–ª–µ–¥–Ω–∏–µ 9 –º–µ—Å—è—Ü–µ–≤ –±–∞–Ω–∫ —Å–º–æ–≥ –∫–æ–º–ø–µ–Ω—Å–∏—Ä–æ–≤–∞—Ç—å –æ—Å–Ω–æ–≤–Ω—ã–µ –ø–æ—Ç–µ—Ä–∏, –≤—ã–∑–≤–∞–Ω–Ω—ã–µ —Å–∞–Ω–∫—Ü–∏—è–º–∏, –∏ –∑–∞—Ä–∞–±–æ—Ç–∞—Ç—å —Ö–æ—Ä–æ—à—É—é –ø—Ä–∏–±—ã–ª—å –ø–æ –∏—Ç–æ–≥–∞–º I –∫–≤–∞—Ä—Ç–∞–ª–∞ 2023 –≥–æ–¥–∞. 
–° –Ω–∞—á–∞–ª–∞ –≥–æ–¥–∞ –∞–∫—Ç–∏–≤—ã –≤—ã—Ä–æ—Å–ª–∏ –¥–æ 2,3 —Ç—Ä–ª–Ω —Ä—É–±., –∫–∞–ø–∏—Ç–∞–ª —É–≤–µ–ª–∏—á–∏–ª—Å—è –Ω–∞ 12% –¥–æ 214 –º–ª—Ä–¥ —Ä—É–±. –†–æ–∑–Ω–∏—á–Ω—ã–π –∫—Ä–µ–¥–∏—Ç–Ω—ã–π –ø–æ—Ä—Ç—Ñ–µ–ª—å –∑–∞ —Ç—Ä–∏ –º–µ—Å—è—Ü–∞ –ø—Ä–∏—Ä–æ—Å –Ω–∞ 5% –¥–æ 611 –º–ª—Ä–¥ —Ä—É–±. –ü–æ—Ä—Ç—Ñ–µ–ª—å –∫–æ—Ä–ø–æ—Ä–∞—Ç–∏–≤–Ω—ã—Ö –∫—Ä–µ–¥–∏—Ç–æ–≤ –∑–∞ l –∫–≤–∞—Ä—Ç–∞–ª –≤—ã—Ä–æ—Å –Ω–∞ 4% –∏ —Å–æ—Å—Ç–∞–≤–∏–ª 828 –º–ª—Ä–¥ —Ä—É–±. –ß–∏—Å—Ç—ã–π –ø—Ä–æ—Ü–µ–Ω—Ç–Ω—ã–π –¥–æ—Ö–æ–¥ –±–∞–Ω–∫–∞ —Å–æ—Å—Ç–∞–≤–∏–ª 32 –º–ª—Ä–¥ —Ä—É–±., —á–∏—Å—Ç—ã–π –∫–æ–º–∏—Å—Å–∏–æ–Ω–Ω—ã–π –¥–æ—Ö–æ–¥ - 6 –º–ª—Ä–¥ —Ä—É–±. 
¬´–ó–∞ —Å—á–µ—Ç —Ä–µ–≥—É–ª—è—Ä–Ω–æ–π –ø—Ä–∏–±—ã–ª–∏ –∏ —Ä–∞–∑–æ–≤—ã—Ö –¥–æ—Ö–æ–¥–æ–≤ –±–∞–Ω–∫ –≤–¥–≤–æ–µ –ø—Ä–µ–≤—ã—Å–∏–ª —Ä–µ–∑—É–ª—å—Ç–∞—Ç 2021 –≥–æ–¥–∞. –ë–∞–Ω–∫ –∞–¥–∞–ø—Ç–∏—Ä–æ–≤–∞–ª—Å—è –∫ —Ç–µ–∫—É—â–µ–π —Å—Ä–µ–¥–µ –∏ —Å—Ñ–æ–∫—É—Å–∏—Ä–æ–≤–∞–Ω –Ω–∞ –Ω–∞–∏–±–æ–ª–µ–µ –ø—Ä–∏–±—ã–ª—å–Ω—ã—Ö –Ω–∏—à–∞—Ö¬ª, - –ø—Ä–æ–∫–æ–º–º–µ–Ω—Ç–∏—Ä–æ–≤–∞–ª –ø–µ—Ä–≤—ã–π –∑–∞–º–ø—Ä–µ–¥ –ø—Ä–∞–≤–ª–µ–Ω–∏—è –°–æ–≤–∫–æ–º–±–∞–Ω–∫–∞ –°–µ—Ä–≥–µ–π –•–æ—Ç–∏–º—Å–∫–∏–π

@MarketOverview",2023-07-13
MarketOverview,"üü£** –£—Ä–∞–ª—Å–∏–± —Å–Ω–∏–∂–∞–µ—Ç –∫–æ–º–∏—Å—Å–∏—é –Ω–∞ –ø–µ—Ä–µ–≤–æ–¥—ã –≤ –∫–∏—Ç–∞–π—Å–∫–∏—Ö —é–∞–Ω—è—Ö**

–ü–æ—Ö–æ–∂–µ –±–∞–Ω–∫ —Ä–µ—à–∏–ª –≤–µ—Ä–Ω—É—Ç—å—Å—è –Ω–∞ —Ä—ã–Ω–æ–∫ –º–µ–∂–¥—É–Ω–∞—Ä–æ–¥–Ω—ã—Ö –ø–µ—Ä–µ–≤–æ–¥–æ–≤, —Ä–∞–Ω—å—à–µ —É –Ω–∏—Ö –±—ã–ª–∏ –æ—á–µ–Ω—å –Ω–µ—Ä—ã–Ω–æ—á–Ω—ã–µ —É—Å–ª–æ–≤–∏—è. –°–Ω–∏–∂–µ–Ω–∏–µ –±—É–¥–µ—Ç –ø—Ä–æ—Ö–æ–¥–∏—Ç—å –≤ –¥–≤–∞ —ç—Ç–∞–ø–∞:

1) c 17 –∏—é–ª—è
__–∏–Ω—Ç–µ—Ä–Ω–µ—Ç-–±–∞–Ω–∫__
**‚Ä¢ —Ñ–∏–∫—Å ‚Ç¨45** __- –±—ã–ª–æ 0,7% min ‚Ç¨60 max ‚Ç¨600__
–æ—Ç–¥–µ–ª–µ–Ω–∏–µ
**‚Ä¢ 1% min ‚Ç¨60 max ‚Ç¨200** __- –±—ã–ª–æ 1% min ‚Ç¨100 max ‚Ç¨750__

2) —Å 20 –∏—é–ª—è
__–∏–Ω—Ç–µ—Ä–Ω–µ—Ç-–±–∞–Ω–∫__
**‚Ä¢** **—Ñ–∏–∫—Å ¬•350**
__–æ—Ç–¥–µ–ª–µ–Ω–∏–µ__
**‚Ä¢** **1% min ¬•450 max ¬•1500**

–í –£—Ä–∞–ª—Å–∏–±–µ —Ä–∞–Ω—å—à–µ –±—ã–ª —Å–≤–æ–π –±—Ä–æ–∫–µ—Ä, –Ω–æ –µ–≥–æ [–ø—Ä–æ–¥–∞–ª–∏](https://t.me/MarketOverview/10648) –∏ [–ø–µ—Ä–µ–∏–º–µ–Ω–æ–≤–∞–ª–∏](https://t.me/MarketOverview/10648) –≤ ""–¢–≤–æ–π –±—Ä–æ–∫–µ—Ä"". –í—ã–≤–æ–¥ CNY —Å –±—Ä–æ–∫–µ—Ä—Å–∫–æ–≥–æ —Å—á–µ—Ç–∞ –Ω–∞ –£—Ä–∞–ª—Å–∏–± –±–µ—Å–ø–ª–∞—Ç–Ω—ã–π, –Ω–æ –Ω–µ–º–Ω–æ–≥–æ –Ω–∞–ø—Ä—è–≥–∞–µ—Ç –∫–æ–º–∏—Å—Å–∏—è –Ω–∞ –∫—É–ø–ª—é-–ø—Ä–æ–¥–∞–∂—É, –∑–∞–≤–∏—Å–∏—Ç –æ—Ç –¥–Ω–µ–≤–Ω–æ–≥–æ –æ–±–æ—Ä–æ—Ç–∞:
‚Ä¢ 1% –¥–ª—è –æ–±–æ—Ä–æ—Ç–∞ –¥–æ 2,5 –º–ª–Ω —Ä—É–± 
‚Ä¢ 0,5% –¥–ª—è –æ–±–æ—Ä–æ—Ç–∞ 2,5-20 –º–ª–Ω —Ä—É–±
‚Ä¢ 0,15% –¥–ª—è –æ–±–æ—Ä–æ—Ç–∞ 20-200 –º–ª–Ω —Ä—É–±
‚Ä¢ 0,05% –¥–ª—è –æ–±–æ—Ä–æ—Ç–∞ —Å–≤—ã—à–µ 200 –º–ª–Ω —Ä—É–±
–í –º–æ–º–µ–Ω—Ç –ø–æ–∫—É–ø–∫–∏ –ª—É—á—à–µ —Å—Ä–∞–≤–Ω–∏—Ç—å —Å –≤–Ω—É—Ç—Ä–∏–±–∞–Ω–∫–æ–≤—Å–∫–∏–º –∫—É—Ä—Å–æ–º uralsib.ru/kursy-valyut - –º–æ–∂–µ—Ç –æ–∫–∞–∑–∞—Ç—å—Å—è –≤—ã–≥–æ–¥–Ω–µ–µ –∏ –±—ã—Å—Ç—Ä–µ–µ.

–í—Ä–µ–º–µ–Ω–Ω–æ —Å–≤–æ–±–æ–¥–Ω—ã–µ —é–∞–Ω–∏ –º–æ–∂–Ω–æ —Ö—Ä–∞–Ω–∏—Ç—å –Ω–∞ –Ω–∞–∫–æ–ø–∏—Ç–µ–ª—å–Ω–æ–º —Å—á—ë—Ç–µ (new!), —Å—Ç–∞–≤–∫–∞ –∑–∞–≤–∏—Å–∏—Ç –æ—Ç –ø–∞–∫–µ—Ç–∞ —É—Å–ª—É–≥:
- 0,01% –≥–æ–¥–æ–≤—ã—Ö –Ω–∞ —Å—É–º–º—ã –¥–æ 49.999 CNY;
- –æ—Ç 0,6% –¥–æ 0,9% –≥–æ–¥–æ–≤—ã—Ö –Ω–∞ —Å—É–º–º—ã —Å–≤—ã—à–µ 50.000 CNY
–ü—Ä–æ—Ü–µ–Ω—Ç—ã –Ω–∞—á–∏—Å–ª—è—é—Ç—Å—è –Ω–∞ –º–∏–Ω–∏–º–∞–ª—å–Ω—ã–π –æ—Å—Ç–∞—Ç–æ–∫ –≤ —Ç–µ—á–µ–Ω–∏–µ –º–µ—Å—è—Ü–∞, –ø–æ—ç—Ç–æ–º—É –≤–∞–∂–Ω–æ –ø–æ–ø–æ–ª–Ω–∏—Ç—å –ù–° –≤ –¥–µ–Ω—å –æ—Ç–∫—Ä—ã—Ç–∏—è.

üí≥ –°—Ç–∞—Ç—å –∫–ª–∏–µ–Ω—Ç–æ–º –£—Ä–∞–ª—Å–∏–±–∞ –º–æ–∂–Ω–æ, –∑–∞–∫–∞–∑–∞–≤ –¥–µ–±–µ—Ç–æ–≤—É—é –∫–∞—Ä—Ç—É ""–ü—Ä–∏–±—ã–ª—å"" [–ø–æ —Å–ø–µ—Ü–∏–∞–ª—å–Ω–æ–π —Å—Å—ã–ª–∫–µ:](https://go.liknot.ru/?offer_id=872&wmid=10604&source_id=7206&sub1=MO130723)
- –¥–æ—Å—Ç–∞–≤–∫–∞ –∏ –≤—ã–ø—É—Å–∫ –±–µ—Å–ø–ª–∞—Ç–Ω–æ;
- –±–µ—Å–ø–ª–∞—Ç–Ω–æ–µ –æ–±—Å–ª—É–∂–∏–≤–∞–Ω–∏–µ –ø—Ä–∏ –ø–æ–∫—É–ø–∫–∞—Ö –æ—Ç 10 —Ç—ã—Å. —Ä—É–±/–º–µ—Å –∏–ª–∏ –∫–æ–º–∏—Å—Å–∏—è 99 —Ä—É–±/–º–µ—Å;
- –Ω–æ–≤—ã–º –∫–ª–∏–µ–Ω—Ç–∞–º –Ω–∞—á–∏—Å–ª—è—é—Ç 11% –≥–æ–¥–æ–≤—ã—Ö –Ω–∞ –æ—Å—Ç–∞—Ç–æ–∫ –¥–æ 500 —Ç—ã—Å. —Ä—É–± –≤ —Ç–µ—á–µ–Ω–∏–µ –ø–µ—Ä–≤—ã—Ö 2 –º–µ—Å—è—Ü–µ–≤ –ø—Ä–∏ —Ç—Ä–∞—Ç–∞—Ö –æ—Ç 10 —Ç—ã—Å. —Ä—É–±/–º–µ—Å.

[–ó–∞–∫–∞–∑–∞—Ç—å –∫–∞—Ä—Ç—É](https://go.liknot.ru/?offer_id=872&wmid=10604&source_id=7206&sub1=MO130723) | [—Ä–µ–ª–∏–∑](https://www.uralsib.ru/blog/ob-izmenenii-tarifov-obsluzhivaniya-fizicheskikh-lits-s-17-iyulya-2023) | pdf: [—Ç–∞—Ä–∏—Ñ –ü—Ä–∏–±—ã–ª—å](https://www.uralsib.ru/api/directory-engine/files/rates/pribyl_160123_e1vbz0sx.pdf) | [–ù–° –≤ CNY](https://www.uralsib.ru/api/directory-engine/files/rates/tek_s_nakopit_cny_120723_2a952vz1.pdf) | @MarketOverview",2023-07-13
MarketOverview,"–ú–µ—Å—Ç–æ, –≥–¥–µ –º—ã –∂–∏–≤—ë–º, –≤–ª–∏—è–µ—Ç –Ω–∞ –Ω–∞—à–µ –Ω–∞—Å—Ç—Ä–æ–µ–Ω–∏–µ, —á—É–≤—Å—Ç–≤–∞ –∏ —ç–º–æ—Ü–∏–æ–Ω–∞–ª—å–Ω–æ–µ —Å–æ—Å—Ç–æ—è–Ω–∏–µ. –û–Ω–æ –¥–æ–ª–∂–Ω–æ –æ—Ç—Ä–∞–∂–∞—Ç—å –Ω–∞—à —Å—Ç–∏–ª—å –∂–∏–∑–Ω–∏, –∞ –µ—â—ë –≤ –Ω—ë–º –¥–æ–ª–∂–Ω–æ –±—ã—Ç—å –∫–æ–º—Ñ–æ—Ä—Ç–Ω–æ –∏ –ø—Ä–∏—è—Ç–Ω–æ –Ω–∞—Ö–æ–¥–∏—Ç—å—Å—è. –° —ç—Ç–æ–π —Ü–µ–ª—å—é –≤ –∞—Ä—Ö–∏—Ç–µ–∫—Ç—É—Ä—É –ø—Ä–∏—à–ª–∞ –±–∏–æ–Ω–∏–∫–∞, –≤–Ω–æ—Å—è –≤ –æ–±–ª–∏–∫ –≥–æ—Ä–æ–¥–æ–≤ –ø—Ä–∏—Ä–æ–¥–Ω—ã–µ –º–æ—Ç–∏–≤—ã, –ø–ª–∞–≤–Ω—ã–µ –∏ –æ–±—Ç–µ–∫–∞–µ–º—ã–µ —Ñ–æ—Ä–º—ã –∏ —Å–æ–∑–¥–∞–≤–∞—è —É–Ω–∏–∫–∞–ª—å–Ω—ã–µ –ø—Ä–æ—Å—Ç—Ä–∞–Ω—Å—Ç–≤–∞, –≤ –∫–æ—Ç–æ—Ä—ã—Ö —Ö–æ—á–µ—Ç—Å—è –∂–∏—Ç—å.

–Ø—Ä–∫–∏–π –ø—Ä–∏–º–µ—Ä ‚Äî –∫–≤–∞—Ä—Ç–∞–ª **¬´–°–∏–º–≤–æ–ª¬ª**, —Ä–∞—Å–ø–æ–ª–æ–∂–µ–Ω–Ω—ã–π —Ä—è–¥–æ–º —Å —Ü–µ–Ω—Ç—Ä–æ–º —Å—Ç–æ–ª–∏—Ü—ã, –Ω–∞ –ø–µ—Ä–µ—Å–µ—á–µ–Ω–∏–∏ –¢–¢–ö –∏ —à–æ—Å—Å–µ –≠–Ω—Ç—É–∑–∏–∞—Å—Ç–æ–≤. –ê—Ä—Ö–∏—Ç–µ–∫—Ç–æ—Ä—ã –±—é—Ä–æ ATRIUM —Ä–∞–∑—Ä–∞–±–æ—Ç–∞–ª–∏ –∫–æ–Ω—Ü–µ–ø—Ü–∏—é ¬´—Ç–∞–Ω—Ü—É—é—â–∏—Ö –¥–æ–º–æ–≤¬ª: –∫—Ä–∏–≤–æ–ª–∏–Ω–µ–π–Ω—ã–µ –ø–æ–≤–µ—Ä—Ö–Ω–æ—Å—Ç–∏, —Å–≤–æ–±–æ–¥–Ω—ã–π –ø–ª–∞–Ω –∏ –≤–∑–∞–∏–º–æ–¥–µ–π—Å—Ç–≤–∏–µ —Ä–∞–∑–Ω—ã—Ö –æ–±—ä—ë–º–æ–≤. –û–Ω–∏ –æ—Ç—Ä–∞–∂–∞—é—Ç –æ—Å–æ–±—É—é —ç–Ω–µ—Ä–≥–µ—Ç–∏–∫—É –ú–æ—Å–∫–≤—ã ‚Äî –¥–∏–Ω–∞–º–∏—á–Ω—É—é –∂–∏–∑–Ω—å, –Ω–∞—Å—ã—â–µ–Ω–Ω—É—é —Å–æ–±—ã—Ç–∏—è–º–∏.

–í —Ç–µ–ª–µ–≥—Ä–∞–º-–∫–∞–Ω–∞–ª–µ [¬´–°–∏–º–≤–æ–ª–∞¬ª](https://t.me/Simvol_Donstroy_official) –º–æ–∂–Ω–æ —É–∑–Ω–∞—Ç—å –≤—Å—ë —Å–∞–º–æ–µ –∏–Ω—Ç–µ—Ä–µ—Å–Ω–æ–µ –∏ –≤–∞–∂–Ω–æ–µ –æ –ø—Ä–æ–µ–∫—Ç–µ:

‚Äî —É–≤–∏–¥–µ—Ç—å [–¥–∏–Ω–∞–º–∏–∫—É](https://t.me/Simvol_Donstroy_official/1639) —Å—Ç—Ä–æ–∏—Ç–µ–ª—å—Å—Ç–≤–∞ –≤ —Ñ–æ—Ç–æ- –∏ –≤–∏–¥–µ–æ–æ—Ç—á—ë—Ç–∞—Ö;
‚Äî –ø—Ä–æ—á–∏—Ç–∞—Ç—å —Å–≤–µ–∂–∏–µ [–Ω–æ–≤–æ—Å—Ç–∏](https://t.me/Simvol_Donstroy_official/1544) –æ —Ç—Ä–∞–Ω—Å–ø–æ—Ä—Ç–Ω–æ–º —Ä–∞–∑–≤–∏—Ç–∏–∏ –∏ –∏–Ω—Ñ—Ä–∞—Å—Ç—Ä—É–∫—Ç—É—Ä–µ;
‚Äî –ø–æ—Å–º–æ—Ç—Ä–µ—Ç—å, —á—Ç–æ –Ω–∞—Ö–æ–¥–∏—Ç—Å—è [—Ä—è–¥–æ–º](https://t.me/Simvol_Donstroy_official/1456);
‚Äî –ø–æ–ª—É—á–∏—Ç—å [—Å–∫–∏–¥–∫–∏](https://t.me/Simvol_Donstroy_official/1550) –æ—Ç –ø–∞—Ä—Ç–Ω—ë—Ä–æ–≤;
‚Äî —É–∑–Ω–∞—Ç—å –æ –≤—ã–≥–æ–¥–Ω—ã—Ö [—É—Å–ª–æ–≤–∏—è—Ö](https://t.me/Simvol_Donstroy_official/1447) –ø–æ–∫—É–ø–∫–∏.

–ü–æ–¥–ø–∏—Å—ã–≤–∞–π—Ç–µ—Å—å –Ω–∞ [–∫–∞–Ω–∞–ª](https://t.me/Simvol_Donstroy_official) –∏ –±—É–¥—å—Ç–µ –≤ –∫—É—Ä—Å–µ –≤—Å–µ—Ö —Å–æ–±—ã—Ç–∏–π ¬´–°–∏–º–≤–æ–ª–∞¬ª!

 –†–µ–∫–ª–∞–º–∞. –û–û–û ""–°–ü–ï–¶–ò–ê–õ–ò–ó–ò–†–û–í–ê–ù–ù–´–ô –ó–ê–°–¢–†–û–ô–©–ò–ö ""–≠–†–ê"". –ò–ù–ù 7722480694. 2RanymxTWic",2023-07-13
MarketOverview,"üìë **–ú–∏–Ω—Ñ–∏–Ω –±—å–µ—Ç —Ä–µ–∫–æ—Ä–¥—ã —Ä–∞–∑–º–µ—â–µ–Ω–∏–π –û–§–ó**

–†–∞–∑–º–µ—â–µ–Ω–∏–µ –æ–±–ª–∏–≥–∞—Ü–∏–π —Ñ–µ–¥–µ—Ä–∞–ª—å–Ω–æ–≥–æ –∑–∞–π–º–∞ —Å –ø–µ—Ä–µ–º–µ–Ω–Ω—ã–º –∫—É–ø–æ–Ω–æ–º —Å–µ—Ä–∏–∏ [29024](https://www.moex.com/ru/issue.aspx?board=TQOB&code=SU29024RMFS5&utm_source=www.moex.com&utm_term=SU29024RMFS5) –∑–∞–≤–µ—Ä—à–∏–ª–æ—Å—å —Ä–µ–∫–æ—Ä–¥–æ–º –¥–ª—è –æ–¥–Ω–æ–≥–æ –∞—É–∫—Ü–∏–æ–Ω–∞ —Å –Ω–∞—á–∞–ª–∞ –≥–æ–¥–∞. –°–ø—Ä–æ—Å –Ω–∞ –±—É–º–∞–≥—É —Å–æ—Å—Ç–∞–≤–∏–ª 383,6 –º–ª—Ä–¥. —Ä—É–±., –∞ –∏—Ç–æ–≥–æ–≤–æ–µ —Ä–∞–∑–º–µ—â–µ–Ω–∏–µ –ø—Ä–æ—à–ª–æ –Ω–∞ 170,8 –º–ª—Ä–¥. —Ä—É–±–ª–µ–π –ø–æ —Å—Ä–µ–¥–Ω–µ–≤–∑–≤–µ—à–µ–Ω–Ω–æ–π —Ü–µ–Ω–µ 95,9043%.

–í—Å–µ –∂–µ –≤–µ—Ä–Ω–æ, —á—Ç–æ –ú–∏–Ω—Ñ–∏–Ω –±—ã—Å—Ç—Ä–æ –≤–µ—Ä–Ω—É–ª—Å—è –∫ —Ä–∞–∑–º–µ—â–µ–Ω–∏—é [—Ñ–ª–æ–∞—Ç–µ—Ä–æ–≤,](https://cbonds.ru/glossary/ofz-pk/) –∞  —É–∂ –≤ –ø—Ä–µ–¥–≤–µ—Ä–∏–∏ –ø–æ–≤—ã—à–µ–Ω–∏—è –∫–ª—é—á–µ–≤–æ–π —Å—Ç–∞–≤–∫–∏ –∑–∞—Ä–∞–±–æ—Ç–∞—Ç—å –Ω–∞ –Ω–∏—Ö –∫–∞–∂–µ—Ç—Å—è —Å–∞–º–æ–π –æ—á–µ–≤–∏–¥–Ω–æ–π –∏–¥–µ–µ–π.

__–ü–∞—Ä–º–µ—Ç—Ä—ã –û–§–ó-–ü–ö 29024:
ISIN: RU000A1066D5
–ü–æ–≥–∞—à–µ–Ω–∏–µ: 18.04.2035
–ù–æ–º–∏–Ω–∞–ª—å–Ω–∞—è —Å—Ç–æ–∏–º–æ—Å—Ç—å: 1000 —Ä—É–±–ª–µ–π
–ö–æ–ª–∏—á–µ—Å—Ç–≤–æ –∫—É–ø–æ–Ω–æ–≤ –≤ –≥–æ–¥: 4
–î–∞—Ç–∞ –±–ª–∏–∂–∞–π—à–µ–≥–æ –∫—É–ø–æ–Ω–∞: 02.08.2023__

–ö—É–ø–∏—Ç—å - [–ë–ö–°](https://pxl.leads.su/click/30bff37786d219c7b11b2fdea4d9730a?aff_sub1=MO060323&erid=LjN8K3QMp)

@MarketOverview",2023-07-13
MarketOverview,"üí≥üí∏ **–ü–æ–ª—É—á–∞–µ–º –±–µ—Å–ø–ª–∞—Ç–Ω—É—é –∫–∞—Ä—Ç—É UnionPay –æ—Ç –ì–∞–∑–ø—Ä–æ–º–±–∞–Ω–∫–∞**

–ü–æ–∫–∞ –æ—Å—Ç–∞–ª—å–Ω—ã–µ –±–∞–Ω–∫–∏ –±–µ—Ä—É—Ç –∫–æ—Å–º–∏—á–µ—Å–∫—É—é –ø–ª–∞—Ç—É –∑–∞ –≤—ã–ø—É—Å–∫ –∫–∞—Ä—Ç UnionPay, **–ì–∞–∑–ø—Ä–æ–º–±–∞–Ω–∫** –ø—Ä–∏—Ö–æ–¥–∏—Ç –Ω–∞ –ø–æ–º–æ—â—å —Ä–æ—Å—Å–∏—è–Ω–∞–º, —Å–æ–±–∏—Ä–∞—é—â–∏–º—Å—è –≤ –æ—Ç–ø—É—Å–∫ –∑–∞–≥—Ä–∞–Ω–∏—Ü—É, –∏ –ø—Ä–µ–¥–ª–∞–≥–∞–µ—Ç –æ—Ñ–æ—Ä–º–∏—Ç—å –∫—Ä–µ–¥–∏—Ç–Ω—É—é –∫–∞—Ä—Ç—É UnionPay –±–µ–∑ –∫–æ–º–∏—Å—Å–∏–∏ –∑–∞ –≤—ã–ø—É—Å–∫ –∏ –∑–∞ –æ–±—Å–ª—É–∂–∏–≤–∞–Ω–∏–µ –≤ –ø–µ—Ä–≤—ã–π –≥–æ–¥ [–ø–æ —Å–ø–µ—Ü–∏–∞–ª—å–Ω–æ–π —Å—Å—ã–ª–∫–µ:](https://go.liknot.ru/?offer_id=1142&wmid=10604&source_id=7206&sub1=MO130723)
‚óè –±–µ—Å–ø–ª–∞—Ç–Ω—ã–π –≤—ã–ø—É—Å–∫ –∏ –¥–æ—Å—Ç–∞–≤–∫–∞;
‚óè –ø–µ—Ä–≤—ã–π –≥–æ–¥ –æ–±—Å–ª—É–∂–∏–≤–∞–Ω–∏—è –±–µ—Å–ø–ª–∞—Ç–Ω–æ, —Å–æ –≤—Ç–æ—Ä–æ–≥–æ –≥–æ–¥–∞ - 3490 —Ä—É–±/–≥–æ–¥;
‚óè –≤–∞–ª—é—Ç–∞ –∫–∞—Ä—Ç—ã - —Ä—É–±–ª–∏, –ø—Ä–∏–¥–µ—Ç—Å—è —Å–º–∏—Ä–∏—Ç—å—Å—è —Å –∫—É—Ä—Å–æ–º –∫–æ–Ω–≤–µ—Ä—Ç–∞—Ü–∏–∏ –±–∞–Ω–∫–∞;
‚óè –ª–∏–º–∏—Ç –æ—Ç 9.999 —Ä—É–± –¥–æ 1 –º–ª–Ω —Ä—É–±. –õ–∏–º–∏—Ç –≤ –ø—Ä–∏–Ω—Ü–∏–ø–µ –Ω–µ –≤–∞–∂–µ–Ω, –º–æ–∂–Ω–æ –∑–∞–∫–∏–¥—ã–≤–∞—Ç—å —Å–≤–æ–∏ —Å–≤–µ—Ä—Ö—É –∏ —Ä–∞—Å–ø–ª–∞—á–∏–≤–∞—Ç—å—Å—è;
‚óè –ª—å–≥–æ—Ç–Ω—ã–π –ø–µ—Ä–∏–æ–¥ 180 –¥–Ω–µ–π;
‚óè —Å–Ω—è—Ç–∏–µ –≤ –ª—é–±—ã—Ö –±–∞–Ω–∫–æ–º–∞—Ç–∞—Ö –º–∏—Ä–∞ –±–µ–∑ –∫–æ–º–∏—Å—Å–∏–∏ –¥–æ 50.000 —Ä—É–±/–º–µ—Å –∏–ª–∏ —ç–∫–≤–∏–≤–∞–ª–µ–Ω—Ç, –¥–∞–ª–µ–µ 5,9% + ‚ÇΩ590. –ù–∞ —Å–Ω—è—Ç–∏–µ –Ω–∞–ª–∏—á–Ω—ã—Ö –Ω–µ —Ä–∞—Å–ø—Ä–æ—Å—Ç—Ä–∞–Ω—è–µ—Ç—Å—è –ª—å–≥–æ—Ç–Ω—ã–π –ø–µ—Ä–∏–æ–¥, –ø–æ—ç—Ç–æ–º—É –µ—Å–ª–∏ —Å—Ä–æ—á–Ω–æ –∑–∞–≥—Ä–∞–Ω–∏—Ü–µ–π –ø–æ–Ω–∞–¥–æ–±–∏—Ç—Å—è –∫—ç—à, —Å–Ω–∏–º–∞–π—Ç–µ –∏ —Ç—É—Ç –∂–µ –ø–æ–ø–æ–ª–Ω—è–π—Ç–µ –∫–∞—Ä—Ç—É.

‚ù§Ô∏è –û—Ñ–æ—Ä–º–∏—Ç—å –º–æ–≥—É—Ç –Ω–µ —Ç–æ–ª—å–∫–æ —Ä–∞–±–æ—Ç–∞—é—â–∏–µ –ø–æ –Ω–∞–π–º—É (—Å—Ç–∞–∂ –Ω–µ –º–µ–Ω–µ–µ 3 –º–µ—Å.), –Ω–æ –∏ –∏–Ω–¥–∏–≤–∏–¥—É–∞–ª—å–Ω—ã–µ –ø—Ä–µ–¥–ø—Ä–∏–Ω–∏–º–∞—Ç–µ–ª–∏ (–Ω–µ –º–µ–Ω–µ–µ 1 –≥–æ–¥–∞) –∏ –Ω–µ—Ä–∞–±–æ—Ç–∞—é—â–∏–µ –ø–µ–Ω—Å–∏–æ–Ω–µ—Ä—ã. 

–ü—Ä–æ–≤–µ—Ä–∏—Ç—å, –ø—Ä–∏–Ω–∏–º–∞—é—Ç –ª–∏ UP –æ—Ç –ì–ü–ë –≤ —Å—Ç—Ä–∞–Ω–µ –º–æ–∂–Ω–æ [—Ç—É—Ç](https://docs.google.com/spreadsheets/d/12C752vJc4_1R__6oPemEjlUY9Gn8qYrO_dgOblh14UE/edit#gid=1764144748)

[–û—Ñ–æ—Ä–º–∏—Ç—å –∫–∞—Ä—Ç—É UP](https://go.liknot.ru/?offer_id=1142&wmid=10604&source_id=7206&sub1=MO130723) | PDF: [—Ç–∞—Ä–∏—Ñ—ã](https://www.gazprombank.ru/upload/files/iblock/fb4/180_dney_UnionPay_Tarif.pdf) | [—É—Å–ª–æ–≤–∏—è](https://www.gazprombank.ru/upload/files/iblock/048/180_dney_UnionPay_Inf_Listy.pdf) | @MarketOverview",2023-07-13
MarketOverview,"‚úÇÔ∏è **–¢–µ—Å—Ç—ã –¥–ª—è –Ω–µ–∫–≤–∞–ª–æ–≤ –ø–µ—Ä–µ–¥ —Å–¥–µ–ª–∫–∞–º–∏ —Å–æ —Å–ª–æ–∂–Ω—ã–º–∏ –∏–Ω—Å—Ç—Ä—É–º–µ–Ω—Ç–∞–º–∏. –ü–µ—Ä–≤—ã–µ –∏—Ç–æ–≥–∏.**

–¶–ë –≥–æ–≤–æ—Ä–∏—Ç –æ —Ç–æ–º, —á—Ç–æ –∑–∞ –ø–æ–ª—Ç–æ—Ä–∞ –≥–æ–¥–∞ —Å [–≤–≤–µ–¥–µ–Ω–∏—è](https://cbr.ru/press/event/?id=11144) —Ç–µ—Å—Ç–∏—Ä–æ–≤–∞–Ω–∏—è –≤ –Ω–µ–º –ø–æ—É—á–∞—Å—Ç–≤–æ–≤–∞–ª–∏ 7,5 –º–ª–Ω. —á–µ–ª–æ–≤–µ–∫ –∏ –¥–æ–ª—è —Ç–µ—Ö, –∫—Ç–æ –æ—Ç–≤–µ—Ç–∏–ª –≤–µ—Ä–Ω–æ —Å –ø–µ—Ä–≤–æ–≥–æ —Ä–∞–∑–∞ –¥–µ—Ä–∂–∏—Ç—Å—è –Ω–∞ —Å—Ç–∞–±–∏–ª—å–Ω–æ –≤—ã—Å–æ–∫–æ–º —É—Ä–æ–≤–Ω–µ - 55%.
–û—Å–Ω–æ–≤–Ω—ã–º–∏ —Ç–µ—Å—Ç–∞–º–∏ –≤ –Ω–æ–≤–æ–π —Ä–µ–∞–ª—å–Ω–æ—Å—Ç–∏ –Ω–∞ –±–∏—Ä–∂–µ (—Å –æ–∫—Ç—è–±—Ä—è 2022 –ø–æ –º–∞—Ä—Ç 2023) —Å—Ç–∞–ª–∏ –∞–∫—Ü–∏–∏, –∫–æ—Ç–æ—Ä—ã–µ –Ω–µ –≤–∫–ª—é—á–µ–Ω—ã –≤ –∫–æ—Ç–∏—Ä–æ–≤–∞–ª—å–Ω—ã–µ —Å–ø–∏—Å–∫–∏ –∏ —Å–¥–µ–ª–∫–∏ —Å –ø–ª–µ—á–∞–º–∏. 

–ò–Ω—Ç–µ—Ä–µ—Å–Ω–æ –ø–æ–ª—É—á–∏—Ç—å —Å—Ç–∞—Ç–∏—Å—Ç–∏–∫—É –Ω–∞–ø—Ä—è–º—É—é –æ—Ç –±—Ä–æ–∫–µ—Ä–æ–≤, –ø–æ—Ç–æ–º—É —á—Ç–æ —è —Ç–æ—á–Ω–æ –∑–Ω–∞—é, —á—Ç–æ —á–∞—Å—Ç—å –∏—Ö –ø—Ä–æ—Å—Ç–æ –Ω–µ —Å—Ç–∞–ª–∞ ""–∑–∞–º–æ—Ä–∞—á–∏–≤–∞—Ç—å—Å—è"" —Å —Ç–µ—Å—Ç–∞–º–∏ –∏ –æ–≥—Ä–∞–Ω–∏—á–∏–ª–∞ –≤—Å–µ –ø–æ–ø—ã—Ç–∫–∏ –Ω–∞–ª–∏—á–∏–µ–º/–æ—Ç—Å—É—Ç—Å—Ç–≤–∏–µ–º —Å—Ç–∞—Ç—É—Å–∞ –∫–≤–∞–ª–∏—Ñ–∏—Ü–∏—Ä–æ–≤–∞–Ω–Ω–æ–≥–æ –∏–Ω–≤–µ—Å—Ç–æ—Ä–∞ü§î

–ò–∑ –æ–¥–Ω–æ–∑–Ω–∞—á–Ω–æ –ø–æ–ª–æ–∂–∏—Ç–µ–ª—å–Ω–æ–≥–æ - —Ü–∏—Ç–∞—Ç–∞ –¶–ë __""–ó–Ω–∞—á–∏—Ç–µ–ª—å–Ω–∞—è —á–∞—Å—Ç—å –Ω–µ —Å—É–º–µ–≤—à–∏—Ö –ø—Ä–æ–π—Ç–∏ —Ç–µ—Å—Ç—ã –∏ –æ—Ç–∫–∞–∑–∞–≤—à–∏—Ö—Å—è –æ—Ç –¥–∞–ª—å–Ω–µ–π—à–∏—Ö –ø–æ–ø—ã—Ç–æ–∫ **–ø–µ—Ä–µ–¥—É–º–∞–ª–∞ **—Å–æ–≤–µ—Ä—à–∞—Ç—å —Å–¥–µ–ª–∫–∏ —Å–æ —Å–ª–æ–∂–Ω—ã–º–∏ –∏–Ω—Å—Ç—Ä—É–º–µ–Ω—Ç–∞–º–∏.""__

@MarketOverview",2023-07-13
MarketOverview,"‚ùóÔ∏è**–¶–∏—Ñ—Ä–∞ –±—Ä–æ–∫–µ—Ä –ø—Ä–æ–≤–µ–¥–µ—Ç –ø—Ä–∏–Ω—É–¥–∏—Ç–µ–ª—å–Ω—É—é –∫–æ–Ω–≤–µ—Ä—Ç–∞—Ü–∏—é –≤–∞–ª—é—Ç—ã 31 –∏—é–ª—è
**
–° 13 –∏—é–ª—è –≤—Å—Ç—É–ø–∞–µ—Ç –≤ —Å–∏–ª—É –Ω–æ–≤—ã–π –î–æ–≥–æ–≤–æ—Ä –æ–±—Å–ª—É–∂–∏–≤–∞–Ω–∏—è –∫–ª–∏–µ–Ω—Ç–æ–≤ —Å –±—Ä–æ–∫–µ—Ä—Å–∫–∏–º–∏ —Å—á–µ—Ç–∞–º–∏ –∏ –ò–ò–°–∞–º–∏, –≤ –∫–æ—Ç–æ—Ä–æ–º –ø—Ä–æ–ø–∏—Å—ã–≤–∞—é—Ç—Å—è —É—Å–ª–æ–≤–∏—è –ø—Ä–∏–Ω—É–¥–∏—Ç–µ–ª—å–Ω–æ–π –∫–æ–Ω–≤–µ—Ä—Ç–∞—Ü–∏–∏ –≤–∞–ª—é—Ç—ã:

**‚Ä¢ **–µ—Å–ª–∏ 31 –∏—é–ª—è –Ω–∞ –Ω–∞—á–∞–ª–æ –¥–Ω—è –æ—Å—Ç–∞—Ç–æ–∫ –Ω–∞ —Å—á–µ—Ç–µ –±—É–¥–µ—Ç –º–µ–Ω–µ–µ ‚Ç¨100, —Ç–æ –±—Ä–æ–∫–µ—Ä —Å–∫–æ–Ω–≤–µ—Ä—Ç–∏—Ä—É–µ—Ç –∏—Ö **–ø–æ –±–∏—Ä–∂–µ–≤–æ–º—É –∫—É—Ä—Å—É** –≤ —Ä—É–±–ª–∏ –Ω–∞ —Å–≤–æ–π –≤—ã–±–æ—Ä EURRUB_TOM –∏–ª–∏ EURRUB_TMS - –∏–Ω—Ñ–æ—Ä–º–∞—Ü–∏—è –ø—Ä–æ –∫–æ–º–∏—Å—Å–∏—é –Ω–µ —É–∫–∞–∑–∞–Ω–∞;

**‚Ä¢ **–µ—Å–ª–∏ 31 –∏—é–ª—è –Ω–∞ –Ω–∞—á–∞–ª–æ –¥–Ω—è —É –∫–ª–∏–µ–Ω—Ç–∞ –Ω–∞ —Å—á–µ—Ç–µ –±—É–¥–µ—Ç –æ—Å—Ç–∞—Ç–æ–∫ –≤ –≤–∞–ª—é—Ç–∞—Ö –∏ –¥—Ä–∞–≥–º–µ—Ç–∞–ª–ª–∞—Ö, –∫–æ—Ç–æ—Ä—ã–µ –Ω–µ —Ç–æ—Ä–≥—É—é—Ç—Å—è –Ω–∞ –ú–æ—Å–∫–æ–≤—Å–∫–æ–π –±–∏—Ä–∂–µ, —Ç–æ –∞–∫—Ç–∏–≤—ã –±—É–¥—É—Ç —Å–∫–æ–Ω–≤–µ—Ä—Ç–∏—Ä–æ–≤–∞–Ω—ã –≤ —Ä—É–±–ª–∏ **–ø–æ –∫—É—Ä—Å—É –ë—Ä–æ–∫–µ—Ä–∞** —Å —É–¥–µ—Ä–∂–∞–Ω–∏–µ–º –∫–æ–º–∏—Å—Å–∏–∏ –±—Ä–æ–∫–µ—Ä–∞ –∑–∞ —Å–¥–µ–ª–∫—É –Ω–∞ –≤–∞–ª—é—Ç–Ω–æ–º —Ä—ã–Ω–∫–µ –ø–æ –≤–∞—à–µ–º—É —Ç–∞—Ä–∏—Ñ—É.
__–î–ª—è –ø—Ä–æ–≤–µ—Ä–∫–∏ —Å–≤–æ–∏—Ö —Å—á–µ—Ç–æ–≤ - –¥–æ—Å—Ç—É–ø–Ω—ã–µ –Ω–∞ –ú–æ—Å–∫–æ–≤—Å–∫–æ–π –±–∏—Ä–∂–µ__:
-__ –≤–∞–ª—é—Ç—ã ____moex.com/ru/markets/currency__;
-__ –º–µ—Ç–∞–ª–ª—ã ____moex.com/PreciousMetals__

–û –ø—Ä–∏–Ω—É–¥–∏—Ç–µ–ª—å–Ω–æ–π –∫–æ–Ω–≤–µ—Ä—Ç–∞—Ü–∏–∏ –±—Ä–æ–∫–µ—Ä –ø—Ä–µ–¥—É–ø—Ä–µ–∂–¥–∞–ª –µ—â–µ [13 –∞–ø—Ä–µ–ª—è](https://t.me/MarketOverview/10392), –∑–∞–±–ª–∞–≥–æ–≤—Ä–µ–º–µ–Ω–Ω–æ –ø—Ä–æ–ø–∏—Å–∞–≤ —ç—Ç—É –≤–æ–∑–º–æ–∂–Ω–æ—Å—Ç—å –≤ –†–µ–≥–ª–∞–º–µ–Ω—Ç–µ.

[–≤—Å–µ –∏–∑–º–µ–Ω–µ–Ω–∏—è](https://cifra-broker.ru/upload/iblock/7f3/geaxajdvex3u8tb8f4fymsab4n4m9p47/Soobsenie_13072023.pdf) (pdf) | [—Ä–µ–ª–∏–∑](https://cifra-broker.ru/about/company/news/ooo-tsifra-broker-obnovilo-reglamentiruyushchie-obsluzhivanie-klientov-dokumenty-15527/) | @MarketOverview",2023-07-13
MarketOverview,"üí∏**–î–∞–π–¥–∂–µ—Å—Ç –¥–µ–≤–∞–ª—é—Ç–∏–∑–∞—Ü–∏–∏: –ë—ç–Ω–∫ –æ—Ñ –ß–∞–π–Ω–∞, –†–µ–∞–ª–∏—Å—Ç, –ë–ö–°, –ö–ï–ë**

üîª**–ë—ç–Ω–∫ –æ—Ñ –ß–∞–π–Ω–∞** –ø–æ–≤—ã—Å–∏–ª –∫–æ–º–∏—Å—Å–∏—é –Ω–∞ –≤–∞–ª—é—Ç–Ω—ã–µ –ø–µ—Ä–µ–≤–æ–¥—ã –≤ USD –∏ EUR:
**‚Ä¢ 1% min $/‚Ç¨150 + $/‚Ç¨15** - –±—ã–ª–æ __0.3% min $20 max $200__
**‚Ä¢ $/‚Ç¨10.000 **- –º–∏–Ω–∏–º–∞–ª—å–Ω–∞—è —Å—É–º–º–∞ –ø–µ—Ä–µ–≤–æ–¥–∞
–ë–∞–Ω–∫ –Ω–µ –ø—É–±–ª–∏–∫—É–µ—Ç —Ç–∞—Ä–∏—Ñ—ã –Ω–∞ —Å–∞–π—Ç–µ - –∏–Ω—Ñ–æ—Ä–º–∞—Ü–∏—è –æ—Ç –ø–æ–¥–ø–∏—Å—á–∏–∫–∞: –ø—Ä–∏ –≤–∏–∑–∏—Ç–µ –≤ –±–∞–Ω–∫ –≤—ã–¥–∞—é—Ç –ª–∏—Å—Ç–æ–∫ —Å –∞–∫—Ç—É–∞–ª—å–Ω—ã–º–∏ —Å—Ç–∞–≤–∫–∞–º–∏, –æ—Å—Ç–∞–≤–ª—é –≤ [–∫–æ–º–º–µ–Ω—Ç–∞—Ä–∏—è—Ö](https://t.me/MarketOverview/11156?comment=30484). –¢–∞–∫ –∑–∞ –æ—Ç–∫—Ä—ã—Ç–∏–µ –≤–∞–ª—é—Ç–Ω–æ–≥–æ —Å—á–µ—Ç–∞ –ø—Ä–æ—Å—è—Ç –æ–ø–ª–∞—Ç–∏—Ç—å –∫–æ–º–∏—Å—Å–∏—é 3000 —Ä—É–±, –ø–µ—Ä–µ–≤–æ–¥—ã –≤ —Ä—É–±–ª—è—Ö –∑–∞–≥—Ä–∞–Ω–∏—Ü—É 2% min ‚ÇΩ5000. –ò–Ω—Ç–µ—Ä–µ—Å–Ω–æ, —á—Ç–æ –µ—Å–ª–∏ –ø–µ—Ä–µ–≤–µ—Å—Ç–∏ —Å–∞–π—Ç –≤ —Ä–µ–∂–∏–º ""–Ω–∞ –∫–∏—Ç–∞–π—Å–∫–æ–º —è–∑—ã–∫–µ"", —Ç–æ –∏–Ω—Ñ–æ—Ä–º–∞—Ü–∏–∏ –ø—Ä–µ–¥–æ—Å—Ç–∞–≤–ª—è–µ—Ç—Å—è –±–æ–ª—å—à–µ: –±–∞–Ω–∫–∏-–∫–æ—Ä—Ä–µ—Å–ø–æ–Ω–¥–µ–Ω—Ç—ã –ø–æ USD JP MORGAN CHASE BANK N.A. (CHASUS33), –ø–æ EUR Bank of China (Head office) (BKCHCNBJXXX)

üîπ**–†–µ–∞–ª–∏—Å—Ç –ë–∞–Ω–∫** –∑–∞–ø—É—Å—Ç–∏–ª –ø–µ—Ä–µ–≤–æ–¥—ã –≤ –±–æ–ª–≥–∞—Ä—Å–∫–∏—Ö –ª–µ–≤–∞—Ö (BGN): 
**‚Ä¢ 0,2% min $40 max $150**
–°—á–µ—Ç –≤ BGN –æ—Ç–∫—Ä—ã–≤–∞—é—Ç –±–µ—Å–ø–ª–∞—Ç–Ω–æ, –ø–µ—Ä–µ–≤–æ–¥ –ø–æ–∫–∞ –∏–¥–µ—Ç —Ç–æ–ª—å–∫–æ –≤ –æ–¥–∏–Ω –±–æ–ª–≥–∞—Ä—Å–∫–∏–π –±–∞–Ω–∫, –Ω–∞–∑–≤–∞–Ω–∏–µ –Ω–µ —Ä–∞—Å–∫—Ä—ã–≤–∞—é—Ç.
[—Ä–µ–ª–∏–∑](https://realistbank.ru/news/realist-bank-zapuskaet-platezhi-v-bolgarskikh-levakh/)

üîπ**–ë–ö–° –ë–∞–Ω–∫** –∑–∞–ø—É—Å—Ç–∏–ª –ø–µ—Ä–µ–≤–æ–¥—ã –≤ USD –∏ EUR –≤ –µ—â–µ –æ–¥–∏–Ω –±–∞–Ω–∫ –ë–æ—Å–Ω–∏–∏ –∏ –ì–µ—Ä—Ü–µ–≥–æ–≤–∏–Ω—ã - **Asa Banka DD Sarajevo** (IKBZBA2X). –ö–æ–º–∏—Å—Å–∏–∏ –Ω–∞ –ø–µ—Ä–µ–≤–æ–¥ –∑–∞–≤–∏—Å–∏—Ç –æ—Ç –ø–∞–∫–µ—Ç–∞ —É—Å–ª—É–≥ - [–ø–æ–¥—Ä–æ–±–Ω–µ–µ](https://t.me/MarketOverview/10333)
–†–∞–Ω–µ–µ –≤ —Å–ø–∏—Å–∫–µ –±–∞–Ω–∫–æ–≤ —Å—Ç—Ä–∞–Ω—ã –±—ã–ª–∏ —Ç–æ–ª—å–∫–æ –ø–µ—Ä–µ–≤–æ–¥—ã –≤ EUR –≤ –º–µ—Å—Ç–Ω—ã–π –†–∞–π—Ñ.

üîπ**–ö—Ä–µ–¥–∏—Ç –ï–≤—Ä–æ–ø–∞ –ë–∞–Ω–∫** —Ç–µ–ø–µ—Ä—å –º–æ–∂–µ—Ç –ø–µ—Ä–µ–≤–æ–¥–∏—Ç—å —Ä—É–±–ª–∏ –Ω–∞ –±—Ä–æ–∫–µ—Ä—Å–∫–∏–π —Å—á–µ—Ç –≤ **–ë–ö–° –ë—Ä–æ–∫–µ—Ä** –±–µ–∑ –∫–æ–º–∏—Å—Å–∏–∏ –∏ –±–µ–∑ –æ–≥—Ä–∞–Ω–∏—á–µ–Ω–∏–π. –ü–æ—Ö–æ–∂–µ –ë–ö–° –æ—Ç–∫—Ä—ã–ª —Å–µ–±–µ –∫–æ—Ä—Ä—Å—á–µ—Ç –≤ –ö–ï–ë–µ - –ø–æ–∫–∞ –Ω–µ–ø–æ–Ω—è—Ç–µ–Ω —Å–º—ã—Å–ª, –Ω–æ –≤–æ–∑–º–æ–∂–Ω–æ –±—É–¥—É—Ç –ø–∞—Ä—Ç–Ω–µ—Ä–∏—Ç—å—Å—è –∏ —Å–∫–æ—Ä–æ —É–≤–∏–¥–∏–º –≤ –ø—Ä–æ–¥—É–∫—Ç–æ–≤–æ–π –ª–∏–Ω–µ–π–∫–µ –ö–ï–ë–∞ —É—Å–ª—É–≥—É –æ—Ç–∫—Ä—ã—Ç–∏—è –±—Ä–æ–∫–µ—Ä—Å–∫–æ–≥–æ —Å—á–µ—Ç–∞ –≤ –ë–ö–°
[—Ç–∞—Ä–∏—Ñ](https://www.crediteurope.ru/upload/files/privately/docs/account_tariffs/current_accounts_rub_0919.pdf) (pdf) 

‚ñ´Ô∏è–û–±–Ω–æ–≤–∏–ª –ø–æ—Å—Ç, –≤ –∫–æ—Ç–æ—Ä–æ–º –º–æ–∂–Ω–æ –Ω–∞–π—Ç–∏ –∞–∫—Ç—É–∞–ª—å–Ω—É—é –∫–æ–º–∏—Å—Å–∏—é –≤ –±–æ–ª—å—à–∏–Ω—Å—Ç–≤–µ –±–∞–Ω–∫–æ–≤:
‚Ä¢ [–≤—Ö–æ–¥—è—â–∏–µ SWIFT-–ø–µ—Ä–µ–≤–æ–¥—ã
](https://t.me/MarketOverview/8788)‚Ä¢ [–∏—Å—Ö–æ–¥—è—â–∏–µ SWIFT-–ø–µ—Ä–µ–≤–æ–¥—ã
](https://t.me/MarketOverview/8784)‚ñ´Ô∏è–ü—Ä–æ–≤–µ—Ä–∏—Ç—å SWIFT-–ø–µ—Ä–µ–≤–æ–¥—ã [OhMySwift.ru](http://ohmyswift.ru/)
‚ñ´Ô∏è–ß–∞—Ç @swiftTransferProblem

@MarketOverview",2023-07-14
MarketOverview,"üçè **JPMorgan Chase Bank N.A. –ø–æ–º–æ–∂–µ—Ç –≤—ã–∫—É–ø—É –ú–∞–≥–Ω–∏—Ç–∞**

–ò–Ω—Ç–µ—Ä–µ—Å–Ω–∞—è —Å–∏—Ç—É–∞—Ü–∏—è –Ω–∞–±–ª—é–¥–∞–µ—Ç—Å—è –≤ –≤—ã–∫—É–ø–µ –ú–∞–≥–Ω–∏—Ç–æ–º [(MGNT)](https://pxl.leads.su/click/30bff37786d219c7b11b2fdea4d9730a?aff_sub1=MO060323&erid=LjN8K3QMp) ""–¥–æ 10% —Å–≤–æ–∏—Ö –∞–∫—Ü–∏–π —É –Ω–µ—Ä–µ–∑–∏–¥–µ–Ω—Ç–æ–≤"". –ü–æ–º–∏–º–æ –æ–±—Ä–∞—â–µ–Ω–∏—è –∫ –ø—Ä—è–º—ã–º –≤–ª–∞–¥–µ–ª—å—Ü–∞–º –∞–∫—Ü–∏–π, –ø–æ—è–≤–∏–ª–∞—Å—å –∏–Ω—Ñ–æ—Ä–º–∞—Ü–∏—è –æ–± —É—á–∞—Å—Ç–∏–∏ –≤ —ç—Ç–æ–º –∏ JPMorgan Chase Bank N.A., –∫–æ—Ç–æ—Ä—ã–π —è–≤–ª—è–µ—Ç—Å—è –±–∞–Ω–∫–æ–º-–¥–µ–ø–æ–∑–∏—Ç–∞—Ä–∏–µ–º –ø—Ä–æ–≥—Ä–∞–º–º—ã GDR –ú–∞–≥–Ω–∏—Ç–∞. 
–° –æ–¥–Ω–æ–π —Å—Ç–æ—Ä–æ–Ω—ã –µ—â–µ –≤–æ –≤—Ç–æ—Ä–æ–π –ø–æ–ª–æ–≤–∏–Ω–µ 2022 –≥–æ–¥–∞ –¥–µ–ø–æ–∑–∏—Ç–∞—Ä–Ω–æ–µ —Å–æ–≥–ª–∞—à–µ–Ω–∏–µ –º–µ–∂–¥—É –ú–∞–≥–Ω–∏—Ç–æ–º –∏ JPMorgan –±—ã–ª–æ —Ä–∞—Å—Ç–æ—Ä–≥–Ω—É—Ç–æ, –∞ –∑–Ω–∞—á–∏—Ç –ø–æ—Å–ª–µ–¥–Ω–∏–π –¥–æ–ª–∂–µ–Ω –±—ã–ª –ø—Ä–æ–¥–∞—Ç—å –æ–±—ã–∫–Ω–æ–≤–µ–Ω–Ω—ã–µ –∞–∫—Ü–∏–∏, –ø—Ä–∞–≤–∞ –Ω–∞ –∫–æ—Ç–æ—Ä—ã–µ —É–¥–æ—Å—Ç–æ–≤–µ—Ä—è–ª–∏ GDR, –Ω–æ, –ø–æ –≤—Å–µ–π –≤–∏–¥–∏–º–æ—Å—Ç–∏, —Ä–µ–∞–ª–∏–∑–æ–≤–∞—Ç—å —ç—Ç–æ –±–∞–Ω–∫ —Ä–µ—à–∏–ª –∏–º–µ–Ω–Ω–æ —Å–µ–π—á–∞—Å, —á—Ç–æ–±—ã –∏–º–µ—Ç—å –ª–µ–≥–∏—Ç–∏–º–Ω—É—é –ø—Ä–∏—á–∏–Ω—É –ø–æ–ª—É—á–µ–Ω–∏—è —Å—Ä–µ–¥—Å—Ç–≤ –æ—Ç –ú–∞–≥–Ω–∏—Ç–∞ü§î

–í —Å–ª—É—á–∞–µ —É—Å–ø–µ—Ö–∞ —ç—Ç–æ –±—É–¥–µ—Ç –ø–æ–Ω—è—Ç–Ω—ã–π –∏ –∞–¥–µ–∫–≤–∞—Ç–Ω—ã–π –ø—Ä–æ—Ü–µ—Å—Å, –∫–æ—Ç–æ—Ä—ã–π –º–æ–∂–µ—Ç –±—ã—Ç—å —Ä–µ–∞–ª–∏–∑–æ–≤–∞–Ω –¥–∞–∂–µ –≤ —É—Å–ª–æ–≤–∏—è—Ö –¥–µ–π—Å—Ç–≤—É—é—â–µ–≥–æ –∑–∞–ø—Ä–µ—Ç–∞ –æ—Ç Euroclear –∏ Clearstream –Ω–∞ –∫–æ–Ω–≤–µ—Ä—Ç–∞—Ü–∏—é –¥–µ–ø–æ–∑–∏—Ç–∞—Ä–Ω—ã—Ö —Ä–∞—Å–ø–∏—Å–æ–∫ –Ω–∞ —Ä–æ—Å—Å–∏–π—Å–∫–∏–µ –∞–∫—Ü–∏–∏.

–ù–∞ –≤—Å—è–∫–∏–π —Å–ª—É—á–∞–π —Å–ø–∏—Å–æ–∫ —Ç–µ—Ö, –∫—Ç–æ –≤–µ–ª –¥–µ–ø–æ–∑–∏—Ç–∞—Ä–Ω—ã–µ –ø—Ä–æ–≥—Ä–∞–º–º—ã –≤ JPMorgan Chase Bank N.A.:
–†–æ—Å–Ω–µ—Ñ—Ç—å [(ROSN)](https://pxl.leads.su/click/30bff37786d219c7b11b2fdea4d9730a?aff_sub1=MO060323&erid=LjN8K3QMp)
–ù–ú–¢–ü [(NMTP)](https://pxl.leads.su/click/30bff37786d219c7b11b2fdea4d9730a?aff_sub1=MO060323&erid=LjN8K3QMp)
–ú–¢–° [(MTSS)](https://pxl.leads.su/click/30bff37786d219c7b11b2fdea4d9730a?aff_sub1=MO060323&erid=LjN8K3QMp)

–û—Ç–∫—Ä—ã—Ç—å —Å—á–µ—Ç - [–ë–ö–°](https://pxl.leads.su/click/30bff37786d219c7b11b2fdea4d9730a?aff_sub1=MO060323&erid=LjN8K3QMp)

@MarketOverview",2023-07-14
MarketOverview,"üí¨** –ó–∞–¥—É–º—ã–≤–∞–ª–∏—Å—å –æ —Ç–æ–º, —Å–∫–æ–ª—å–∫–æ –≤—Ä–µ–º–µ–Ω–∏ –º—ã –ø—Ä–æ–≤–æ–¥–∏–º –≤ –¥–æ—Ä–æ–≥–µ?**
–û—Ç–≤–æ–∑–∏–º –¥–µ—Ç–µ–π –≤ —à–∫–æ–ª—É, –µ–¥–µ–º –Ω–∞ —Ä–∞–±–æ—Ç—É, –Ω–∞ –¥–∞—á—É –∏–ª–∏ –≤—Å—Ç—Ä–µ—á—É —Å –¥—Ä—É–∑—å—è–º–∏.
–ò–º–µ–Ω–Ω–æ –ø–æ—ç—Ç–æ–º—É, –≤–∞–∂–Ω–æ, —á—Ç–æ–±—ã –∞–≤—Ç–æ–º–æ–±–∏–ª—å –æ—Ç–≤–µ—á–∞–ª –≤—Å–µ–º –Ω–∞—à–∏–º –∑–∞–ø—Ä–æ—Å–∞–º.¬†
üî• EXEED RX –¥–æ—Å—Ç–æ–∏–Ω –≤–∞—à–µ–≥–æ –≤–Ω–∏–º–∞–Ω–∏—è!–í—ã—Å–æ–∫–æ—Ç–µ—Ö–Ω–æ–ª–æ–≥–∏—á–Ω—ã–π –∏ –±–µ–∑–æ–ø–∞—Å–Ω—ã–π –∞–≤—Ç–æ–º–æ–±–∏–ª—å, –∫–æ—Ç–æ—Ä—ã–π —É—Å–ø–µ–ª –æ–±–∑–∞–≤–µ—Å—Ç–∏—Å—å —Ñ–∞–Ω-–∫–ª—É–±–æ–º.

–ü–µ—Ä–µ—Ö–æ–¥–∏—Ç–µ –ø–æ [—Å—Å—ã–ª–∫–µ](https://t.me/+OZxWN9hPVfJhMWY6) , —á—Ç–æ–±—ã —É–∑–Ω–∞—Ç—å:
‚úîÔ∏è –û—Ç–∑—ã–≤—ã —Ä–µ–∞–ª—å–Ω—ã—Ö –≤–ª–∞–¥–µ–ª—å—Ü–µ–≤
‚úîÔ∏è –£—Å–ª–æ–≤–∏—è –ø–æ–∫—É–ø–∫–∏: –∞–∫—Ü–∏–∏, –∫—Ä–µ–¥–∏—Ç
‚úîÔ∏è –ù–æ–≤–æ—Å—Ç–∏ –±—Ä–µ–Ω–¥–∞

–ù–∞—Å —É–∂–µ –±–æ–ª–µ–µ 4 000, [–ø—Ä–∏—Å–æ–µ–¥–∏–Ω—è–π—Ç–µ—Å—å –∏ –≤—ã](https://t.me/+OZxWN9hPVfJhMWY6)!

__–∏–Ω—Ç–µ–≥—Ä–∞—Ü–∏—è__",2023-07-14
