channel_name,text,date,
–í—Å–µ–≤–∏–¥—è—â–µ–µ –û–ö–û üá∫üá¶ | –ù–æ–≤–∏–Ω–∏ –£–∫—Ä–∞—ó–Ω–∞,"**–°–µ–≥–æ–¥–Ω—è –æ—Ç–º–µ—á–∞–µ—Ç—Å—è –º–µ–∂–¥—É–Ω–∞—Ä–æ–¥–Ω–∞—è –Ω–µ–¥–µ–ª—è –ö–ª–æ—É–Ω–æ–≤ 
**
–¢—ã –∑–Ω–∞–µ—à—å, –∫–æ–≥–æ –Ω—É–∂–Ω–æ –ø–æ–∑–¥—Ä–∞–≤–∏—Ç—å.

[–ü–û–î–ü–ò–°–ê–¢–¨–°–Ø](https://t.me/+Kw603H3-HAJkNTEy) ‚úÖ [–ü–æ–∫—É–ø–∞–µ–º –∫–æ–Ω—Ç–µ–Ω—Ç](http://t.me/content_tut_bot)",2023-08-01,Other
–í—Å–µ–≤–∏–¥—è—â–µ–µ –û–ö–û üá∫üá¶ | –ù–æ–≤–∏–Ω–∏ –£–∫—Ä–∞—ó–Ω–∞,"**–ë–æ–π—Ü—ã –í–° –†–§ –ø—Ä—è–º–æ —Å–µ–π—á–∞—Å –æ—Ç—Ä–∞–∂–∞—é—Ç –∞—Ç–∞–∫—É –±–µ—Å–ø–∏–ª–æ—Ç–Ω–∏–∫–æ–≤ –Ω–∞ –∫—Ä—ã–º—Å–∫–∏–π –º–æ—Å—Ç

**[–ü–û–î–ü–ò–°–ê–¢–¨–°–Ø](https://t.me/+Kw603H3-HAJkNTEy) ‚úÖ [–ü–æ–∫—É–ø–∞–µ–º –∫–æ–Ω—Ç–µ–Ω—Ç](http://t.me/content_tut_bot)",2023-08-04,Crisis
–í—Å–µ–≤–∏–¥—è—â–µ–µ –û–ö–û üá∫üá¶ | –ù–æ–≤–∏–Ω–∏ –£–∫—Ä–∞—ó–Ω–∞,"–Ü—Å—Ç–æ—Ä—ñ—è –∑ –æ—Ñ—ñ—Å–∞–º–∏ —Ç–µ–ª–µ—Ñ–æ–Ω–Ω–∏—Ö —à–∞—Ö—Ä–∞—ó–≤ –∑–∞–≥—Ä–∞–ª–∞ —è—Å–∫—Ä–∞–≤–∏–º–∏ —Ñ–∞—Ä–±–∞–º–∏. –ü–æ-–ø–µ—Ä—à–µ, –ª—É–ø–ª—è—Ç—å —Ü—ñ –æ—Ñ—ñ—Å–∏ –ø—Ä–æ—Ä–æ—Å—ñ–π—Å—å–∫–∏–π –¥–µ–ø—É—Ç–∞—Ç –î–º–∏—Ç—Ä—É–∫, –Ω–µ–ø–æ–º—ñ—Ç–Ω–∏–π –≤—Å—é –≤—ñ–π–Ω—É –¥–µ–ø—É—Ç–∞—Ç –ö—É–Ω—ñ—Ü–∫—ñ–π —Ç–∞ –æ–¥—ñ–æ–∑–Ω–∏–π –¥–µ–ø—É—Ç–∞—Ç –ö–æ–ª—è –¢–∏—â–µ–Ω–∫–æ. –í—Å–µ —Ü–µ –≥–æ–≤–æ—Ä–∏—Ç—å –ø—Ä–æ —Ç–µ, —â–æ –ø–∏—Ç–∞–Ω–Ω—è —Å–ø—Ä–∞–≤–µ–¥–ª–∏–≤–æ—Å—Ç—ñ –Ω–µ —Å—Ç–æ—ó—Ç—å, —Ü–µ –±–∞–Ω–∞–ª—å–Ω–∞ —Ä–æ–±–æ—Ç–∞ –ø–æ –ø–µ—Ä–µ—Ä–æ–∑–ø–æ–¥—ñ–ª—É —Ä–∏–Ω–∫–∞. 

–ü–æ-–¥—Ä—É–≥–µ, —Ä–æ—Å—ñ—è–Ω–∞–º –¥—É–∂–µ –Ω–µ –ø–æ–¥–æ–±–∞—é—Ç—å—Å—è —É–∫—Ä–∞—ó–Ω—Å—å–∫—ñ –∫–æ–ª–ª-—Ü–µ–Ω—Ç—Ä–∏.

–ü–æ-—Ç—Ä–µ—Ç—î, –î–∂–æ–∫–µ—Ä –Ω–∞—Ä–µ—à—Ç—ñ –ø–æ–≤—ñ–¥–æ–º–∏–≤, —â–æ –ö–æ–ª—è –¢–∏—â–µ–Ω–∫–æ –π–æ–≥–æ –±—Ä–∞—Ç. –ù–∞—Å—Ç—É–ø–Ω–∏–º –∫—Ä–æ–∫–æ–º —Å–∫–æ—Ä—ñ–π—à –∑–∞ –∞—Å–µ –≤–∏–∑–Ω–∞—î, —â–æ –û–ª–µ–≥ –õ—è—à–∫–æ –π–æ–≥–æ —Å–µ—Å—Ç—Ä–∞. 

–Ü—Å—Ç–æ—Ä—ñ—è –¥—É–∂–µ –∑–∞—à–∫–≤–∞—Ä–Ω–∞—è –∑ —É—Å—ñ—Ö –±–æ–∫—ñ–≤. 
–ê –≤—Ä–∞—Ö–æ–≤—É—é—á–∏, —â–æ –ö–æ–ª—è —â–µ –π –∫—Ä–∏—à—É—î –æ–¥–∏–Ω –∫–æ–Ω–∫—Ä–µ—Ç–Ω–∏–π —á–æ—Ç–∏—Ä—å–æ—Ö –ø–æ–≤–µ—Ä—Ö–æ–≤–∏–π –∫–æ–ª-—Ü–µ–Ω—Ç—Ä, –≤–∑–∞–≥–∞–ª—ñ —è—Å–∫—Ä–∞–≤–∞.

–ë—É–¥–µ–º–æ —Å–ø–æ—Å—Ç–µ—Ä—ñ–≥–∞—Ç–∏ –∑–∞ —Ç–∏–º —è–∫ —Ä–æ–∑–≤–∏–≤–∞—î—Ç—å—Å—è —Ü—è –¥–≤—ñ–∂—É—Ö–∞ —ñ —è–∫ –¥–µ–ø—É—Ç–∞—Ç –î—É–º–∏ –†–§  –ú—ñ—Ä–æ–Ω–æ–≤ –¥–∞—î –≤–∫–∞–∑—ñ–≤–∫–∏ –î–∂–æ–∫–µ—Ä—É —Ç–∞ –î–º–∏—Ç—Ä—É–∫—É.

–Ü —â–µ —Ä–∞–∑ —Ö–æ—á—É –∑–≤–µ—Ä–Ω—É—Ç–∏—Å—å –¥–æ —Å–∏–ª–æ–≤–∏–∫—ñ–≤: –ë—É–¥—å –ª–∞—Å–∫–∞, –ø—Ä–∏–±–µ—Ä—ñ—Ç—å –∑–∞—à–∫–≤–∞—Ä–Ω–∏—Ö –¥–µ–ø—É—Ç–∞—Ç—ñ–≤ –≤—ñ–¥ —Ü—ñ—î—ó —Å–ø—Ä–∞–≤–∏, –≤–æ–Ω–∏ —ó—ó –¥–∏—Å–∫—Ä–µ–¥–∏—Ç—É—é—Ç—å.",2023-08-09,Corruption
–í—Å–µ–≤–∏–¥—è—â–µ–µ –û–ö–û üá∫üá¶ | –ù–æ–≤–∏–Ω–∏ –£–∫—Ä–∞—ó–Ω–∞,"**–°–∞–º—ã–π –ø–æ–ø—É–ª—è—Ä–Ω—ã–π –±–ª–æ–≥–µ—Ä –≤ –º–∏—Ä–µ MrBeast –≤—ã–ø—É—Å—Ç–∏–ª –≤–∏–¥–µ–æ, –≤ –∫–æ—Ç–æ—Ä–æ–º –æ–±–æ–∑–Ω–∞—á–∏–ª –ö—Ä—ã–º –∫–∞–∫ —á–∞—Å—Ç—å –†–æ—Å—Å–∏–∏**

–í —Ä–æ–ª–∏–∫–µ –±—ã–ª–∞ –ø–æ–∫–∞–∑–∞–Ω–∞ —Å–æ–æ—Ç–≤–µ—Ç—Å—Ç–≤—É—é—â–∞—è –∫–∞—Ä—Ç–∞.

[–ü–û–î–ü–ò–°–ê–¢–¨–°–Ø](https://t.me/+Kw603H3-HAJkNTEy) ‚úÖ [–ü–æ–∫—É–ø–∞–µ–º –∫–æ–Ω—Ç–µ–Ω—Ç](http://t.me/content_tut_bot)",2023-08-19,Political
–í—Å–µ–≤–∏–¥—è—â–µ–µ –û–ö–û üá∫üá¶ | –ù–æ–≤–∏–Ω–∏ –£–∫—Ä–∞—ó–Ω–∞,"**üî•**** –¢–æ—á–Ω–æ –≤ —Ü–µ–ª—å: –≤–ø–µ—á–∞—Ç–ª—è—é—â–∞—è —ç—Ñ—Ñ–µ–∫—Ç–∏–≤–Ω–æ—Å—Ç—å –∏—Å–ø–æ–ª—å–∑–æ–≤–∞–Ω–∏—è FPV-–¥—Ä–æ–Ω–æ–≤ –ø–æ –∂–∏–≤–æ–π —Å–∏–ª–µ —Ä—É—Å—Å–∫–∏—Ö 

**[–ü–û–î–ü–ò–°–ê–¢–¨–°–Ø](https://t.me/+Kw603H3-HAJkNTEy) ‚úÖ [–ü–æ–∫—É–ø–∞–µ–º –∫–æ–Ω—Ç–µ–Ω—Ç](http://t.me/content_tut_bot)",2023-08-26,Crisis
–í—Å–µ–≤–∏–¥—è—â–µ–µ –û–ö–û üá∫üá¶ | –ù–æ–≤–∏–Ω–∏ –£–∫—Ä–∞—ó–Ω–∞,"‚ùóÔ∏è**–†–æ—Å—Å–∏–π—Å–∫–∏–µ **[**–∞—Ç–∞–∫–∏**](https://www.reuters.com/world/europe/ukraine-primes-air-defences-new-russian-winter-assault-power-grid-2023-09-07/)** –Ω–∞ —ç–Ω–µ—Ä–≥–µ—Ç–∏—á–µ—Å–∫—É—é –∏–Ω—Ñ—Ä–∞—Å—Ç—Ä—É–∫—Ç—É—Ä—É –º–æ–≥—É—Ç –Ω–∞—á–∞—Ç—å—Å—è –≤ –∫–æ–Ω—Ü–µ —Å–µ–Ω—Ç—è–±—Ä—è –∏–ª–∏ –Ω–∞—á–∞–ª–µ –æ–∫—Ç—è–±—Ä—è**, ‚Äî –ø—Ä–µ–¥—Å—Ç–∞–≤–∏—Ç–µ–ª—å –ì–£–† –°–∫–∏–±–∏—Ü–∫–∏–π 

[–ü–û–î–ü–ò–°–ê–¢–¨–°–Ø](https://t.me/+Kw603H3-HAJkNTEy) ‚úÖ [–ü–æ–∫—É–ø–∞–µ–º –∫–æ–Ω—Ç–µ–Ω—Ç](http://t.me/content_tut_bot)",2023-09-07,Crisis
–í—Å–µ–≤–∏–¥—è—â–µ–µ –û–ö–û üá∫üá¶ | –ù–æ–≤–∏–Ω–∏ –£–∫—Ä–∞—ó–Ω–∞,"**–í –†–æ–≤–µ–Ω—Å–∫–æ–π –æ–±–ª–∞—Å—Ç–∏ —Ñ–∏–∑—Ä—É–∫ –∏–∑–±–∏–≤–∞–ª —Å–≤–æ–µ–≥–æ —É—á–µ–Ω–∏–∫–∞ **

–ü—Ä–∏—á–∏–Ω–∞ –∫–æ–Ω—Ñ–ª–∏–∫—Ç–∞ –Ω–µ–∏–∑–≤–µ—Å—Ç–Ω–∞.

[–ü–û–î–ü–ò–°–ê–¢–¨–°–Ø](https://t.me/+Kw603H3-HAJkNTEy) ‚úÖ [–ü–æ–∫—É–ø–∞–µ–º –∫–æ–Ω—Ç–µ–Ω—Ç](http://t.me/content_tut_bot)",2023-09-15,Other
–í—Å–µ–≤–∏–¥—è—â–µ–µ –û–ö–û üá∫üá¶ | –ù–æ–≤–∏–Ω–∏ –£–∫—Ä–∞—ó–Ω–∞,"**‚Äî –Ø–∫–∏–º —á–∏–Ω–æ–º –≤–∏ –Ω–∞–±–ª–∏–∂–∞—î—Ç–µ –ø–µ—Ä–µ–º–æ–≥—É?
‚Äî ¬´–†–∞–∑–≥–æ–≤–∞—Ä–∏–≤–∞—é –Ω–∞ —Ä—É—Å—Å–∫–æ–º¬ª, ¬´–û—Ç–ø—Ä–∞–≤–ª—è—é –°–ú–° –ª—é–¥—è–º, –∫–æ–≥–¥–∞ –≤–æ–∑–¥—É—à–Ω–∞—è —Ç—Ä–µ–≤–æ–≥–∞¬ª.** 

–û—Ç–≤–µ—Ç—ã —É–±–∏–ª–∏.

[–ü–û–î–ü–ò–°–ê–¢–¨–°–Ø](https://t.me/+Kw603H3-HAJkNTEy) ‚úÖ [–ü–æ–∫—É–ø–∞–µ–º –∫–æ–Ω—Ç–µ–Ω—Ç](http://t.me/content_tut_bot)",2023-09-20,Other
–í—Å–µ–≤–∏–¥—è—â–µ–µ –û–ö–û üá∫üá¶ | –ù–æ–≤–∏–Ω–∏ –£–∫—Ä–∞—ó–Ω–∞,"**Lamborghini Urus VS –ë–ú–ü** 

–¢—Ä–µ–Ω–¥ –º–æ–∂–Ω–æ –∑–∞–∫—Ä—ã–≤–∞—Ç—å, –ª—É—á—à–µ —É–∂–µ –Ω–µ –±—É–¥–µ—Ç.

[–ü–û–î–ü–ò–°–ê–¢–¨–°–Ø](https://t.me/+Kw603H3-HAJkNTEy) ‚úÖ [–ü–æ–∫—É–ø–∞–µ–º –∫–æ–Ω—Ç–µ–Ω—Ç](http://t.me/content_tut_bot)",2023-09-28,Crisis
–í—Å–µ–≤–∏–¥—è—â–µ–µ –û–ö–û üá∫üá¶ | –ù–æ–≤–∏–Ω–∏ –£–∫—Ä–∞—ó–Ω–∞,"**+1 –ø—Ä–∏—á–∏–Ω–∞, –ø–æ—á–µ–º—É –∂–µ–Ω—â–∏–Ω—ã –∂–∏–≤—É—Ç –¥–æ–ª—å—à–µ –º—É–∂—á–∏–Ω

**[–ü–û–î–ü–ò–°–ê–¢–¨–°–Ø](https://t.me/+Kw603H3-HAJkNTEy) ‚úÖ [–ü–æ–∫—É–ø–∞–µ–º –∫–æ–Ω—Ç–µ–Ω—Ç](http://t.me/content_tut_bot)",2023-09-30,Other
–í—Å–µ–≤–∏–¥—è—â–µ–µ –û–ö–û üá∫üá¶ | –ù–æ–≤–∏–Ω–∏ –£–∫—Ä–∞—ó–Ω–∞,"üê≥ **–£–∫—Ä–∞–∏–Ω–∞ —Å—Ç–∞–ª–∞ –≥–ª–∞–≤–Ω—ã–º –ø–æ–ª—É—á–∞—Ç–µ–ª–µ–º –æ—Ä—É–∂–∏—è –ì–µ—Ä–º–∞–Ω–∏–∏, **‚Äî The Guardian **

**–í —ç—Ç–æ–º –≥–æ–¥—É –ë–µ—Ä–ª–∏–Ω [–∏–∑–º–µ–Ω–∏–ª](https://www.theguardian.com/world/live/2023/oct/02/russia-ukraine-war-live-updates-joe-biden-us-support-for-ukraine-speech-rishi-sunak-uk-instructors) —Å–≤–æ—é –ø–æ–ª–∏—Ç–∏–∫—É –∏ –≤—ã–¥–µ–ª–∏–ª –≤ 4 —Ä–∞–∑–∞ –±–æ–ª—å—à–µ –¥–µ–Ω–µ–≥, —á–µ–º –≤ –ø—Ä–æ—à–ª–æ–º (–ø—Ä–∏–±–ª–∏–∑–∏—Ç–µ–ª—å–Ω–æ 3,3 –º–∏–ª–ª–∏–∞—Ä–¥–∞ –µ–≤—Ä–æ).

[–ü–û–î–ü–ò–°–ê–¢–¨–°–Ø](https://t.me/+Kw603H3-HAJkNTEy) ‚úÖ [–ü–æ–∫—É–ø–∞–µ–º –∫–æ–Ω—Ç–µ–Ω—Ç](http://t.me/content_tut_bot)",2023-10-02,Political
–í—Å–µ–≤–∏–¥—è—â–µ–µ –û–ö–û üá∫üá¶ | –ù–æ–≤–∏–Ω–∏ –£–∫—Ä–∞—ó–Ω–∞,"**–í –†–æ—Å—Å–∏–∏ —É—á–∏—Ç–µ–ª—å –∏ —à–∫–æ–ª–æ—Ç–∞ –ø–æ–∑–¥—Ä–∞–≤–∏–ª–∏ –ü—É—Ç–∏–Ω–∞ —Å –î–Ω–µ–º —Ä–æ–∂–¥–µ–Ω–∏—è –ø–æ—Ä—Ç—Ä–µ—Ç–∞–º–∏ –ë–∞–Ω–¥–µ—Ä—ã 

**–ü—Ä–∞–Ω–∫–µ—Ä –ø—Ä–∏—Å–ª–∞–ª —É—á–∏—Ç–µ–ª—è–º –∫–∞–ª—É–∂—Å–∫–æ–π —à–∫–æ–ª—ã –∑–∞–¥–∞–Ω–∏–µ —è–∫–æ–±—ã –æ—Ç —Ä–µ–≥–∏–æ–Ω–∞–ª—å–Ω–æ–≥–æ –æ—Ç–¥–µ–ª–µ–Ω–∏—è ""–ï–¥–∏–Ω–∞—è –†–æ—Å—Å–∏—è"" –ø–æ–∑–¥—Ä–∞–≤–∏—Ç—å –ü—É—Ç–∏–Ω–∞ —Å –î–Ω–µ–º —Ä–æ–∂–¥–µ–Ω–∏—è. –ù–æ –Ω–∞ –ø–ª–∞–∫–∞—Ç–∞—Ö, –∫–æ—Ç–æ—Ä—ã–º–∏ –Ω–∞–¥–æ –±—ã–ª–æ –µ–≥–æ –ø–æ–∑–¥—Ä–∞–≤–∏—Ç—å, –±—ã–ª–∏ —Ä–∞–∑–º–µ—â–µ–Ω—ã** —Ñ–æ—Ç–æ–≥—Ä–∞—Ñ–∏–∏ –ë–∞–Ω–¥–µ—Ä—ã –∏ –µ–≥–æ —Ü–∏—Ç–∞—Ç—ã.

**[–ü–û–î–ü–ò–°–ê–¢–¨–°–Ø](https://t.me/+Kw603H3-HAJkNTEy) ‚úÖ [–ü–æ–∫—É–ø–∞–µ–º –∫–æ–Ω—Ç–µ–Ω—Ç](http://t.me/content_tut_bot)",2023-10-05,Political
–í—Å–µ–≤–∏–¥—è—â–µ–µ –û–ö–û üá∫üá¶ | –ù–æ–≤–∏–Ω–∏ –£–∫—Ä–∞—ó–Ω–∞,"**¬´–¶–µ –≤—ñ–¥ —Å–∞—Ç–∞–Ω–∏, —Ü–µ —Ç–æ–π, —â–æ —É –º–æ—Å–∫–æ–≤—ñ—ó –ø—Ä–∏ –≤—Å—ñ—Ö –∑–Ω—ñ–º–∞–≤ —à—Ç–∞–Ω–∏?¬ª

**–ü–æ—Ç–∞–ø–∞ –≤ –Ü—Å–ø–∞–Ω—ñ—ó –∑–æ–≤—Å—ñ–º –ø–æ–ø–ª–∞–≤–∏–ª–æ. –ù–∞ —Ö–µ–π—Ç —É –∫–æ–º–µ–Ω—Ç–∞—Ö –≤—ñ–Ω –≤—ñ–¥–ø–æ–≤—ñ–≤ –∫–æ—Ä–æ—Ç–∫–æ: ¬´–Ø–∫–±–∏ –≤—Å—ñ—Ö —Ç–∞–∫ –Ω–µ —Ö–µ–π—Ç–∏–ª–∏ —è–∫ –º–µ–Ω–µ, –ø–æ–ø—É–ª—è—Ä–Ω–∏—Ö –∞—Ä—Ç–∏—Å—Ç—ñ–≤ —Å—Ç–∞–ª–æ –±–∏ 100 —Ä–∞–∑—ñ–≤ –±—ñ–ª—å—à–µ¬ª.

[–ü–û–î–ü–ò–°–ê–¢–¨–°–Ø](https://t.me/+Kw603H3-HAJkNTEy) ‚úÖ [–ü–æ–∫—É–ø–∞–µ–º –∫–æ–Ω—Ç–µ–Ω—Ç](http://t.me/content_tut_bot)",2023-10-06,Other
–í—Å–µ–≤–∏–¥—è—â–µ–µ –û–ö–û üá∫üá¶ | –ù–æ–≤–∏–Ω–∏ –£–∫—Ä–∞—ó–Ω–∞,"**–ò–∑—Ä–∞–∏–ª—å. –¶–µ–Ω—Ç—Ä –°–¥–µ—Ä–æ—Ç–∞ –ø–æ—Å–ª–µ –æ–±—Å—Ç—Ä–µ–ª–∞. –õ–µ–∂–∞—Ç —Ç—Ä—É–ø—ã –ª—é–¥–µ–π

**–°—É–¥—è –ø–æ —Ñ–æ—Ç–æ –∏ –≤–∏–¥–µ–æ, –∫–æ—Ç–æ—Ä—ã–µ –ø—É–±–ª–∏–∫—É—é—Ç –ø–∞–ª–µ—Å—Ç–∏–Ω—Ü—ã, –æ–Ω–∏ –ø–æ–¥–±–∏–ª–∏ —Ä—è–¥ –µ–¥–∏–Ω–∏—Ü –∏–∑—Ä–∞–∏–ª—å—Å–∫–æ–π –±—Ä–æ–Ω–µ—Ç–µ—Ö–Ω–∏–∫–∏, –≤–∫–ª—é—á–∞—è —Ç–∞–Ω–∫ ""–ú–µ—Ä–∫–∞–≤–∞"".

–¢–∞–∫–∂–µ –µ—Å—Ç—å –≤–∏–¥–µ–æ –±–æ–µ–≤–∏–∫–æ–≤, –∫–æ—Ç–æ—Ä—ã–µ –ø—Ä–æ–µ–∑–∂–∞—é—Ç –ø–æ —É–ª–∏—Ü–∞–º –Ω–µ–∏–∑–≤–µ—Å—Ç–Ω–æ–≥–æ –≥–æ—Ä–æ–¥–∞ —Å –∫—Ä–∏–∫–∞–º–∏ ""–ê–ª–ª–∞—Ö –ê–∫–±–∞—Ä"". –ù–∞ –¥—Ä—É–≥–∏—Ö –∫–∞–¥—Ä–∞—Ö –æ–Ω–∏ –∫–ª–∞–¥—É—Ç –Ω–∞ –∑–µ–º–ª—é –º–µ—Å—Ç–Ω—ã—Ö –∂–∏—Ç–µ–ª–µ–π.

[–ü–û–î–ü–ò–°–ê–¢–¨–°–Ø](https://t.me/+Kw603H3-HAJkNTEy) ‚úÖ [–ü–æ–∫—É–ø–∞–µ–º –∫–æ–Ω—Ç–µ–Ω—Ç](http://t.me/content_tut_bot)",2023-10-07,Crisis
–í—Å–µ–≤–∏–¥—è—â–µ–µ –û–ö–û üá∫üá¶ | –ù–æ–≤–∏–Ω–∏ –£–∫—Ä–∞—ó–Ω–∞,"**–ú–æ–º–µ–Ω—Ç –ø—Ä–∏–ª—ë—Ç–∞ —Ä–∞–∫–µ—Ç—ã –Ω–∞ —é–≥–µ –ò–∑—Ä–∞–∏–ª—è

**–ü–æ –¥–∞–Ω–Ω—ã–º –º–µ—Å—Ç–Ω—ã—Ö –°–ú–ò, **–±–æ–ª–µ–µ 100 –∏–∑—Ä–∞–∏–ª—å—Ç—è–Ω –ø–æ–ª—É—á–∏–ª–∏ —Ä–∞–Ω–µ–Ω–∏—è **–≤ —Ä–µ–∑—É–ª—å—Ç–∞—Ç–µ —Ä–∞–∫–µ—Ç–Ω—ã—Ö –æ–±—Å—Ç—Ä–µ–ª–æ–≤.

[–ü–û–î–ü–ò–°–ê–¢–¨–°–Ø](https://t.me/+Kw603H3-HAJkNTEy) ‚úÖ [–ü–æ–∫—É–ø–∞–µ–º –∫–æ–Ω—Ç–µ–Ω—Ç](http://t.me/content_tut_bot)",2023-10-07,Crisis
–í—Å–µ–≤–∏–¥—è—â–µ–µ –û–ö–û üá∫üá¶ | –ù–æ–≤–∏–Ω–∏ –£–∫—Ä–∞—ó–Ω–∞,"**¬´–ü—è—Ç–Ω–∏—Ü–∞ 13 –æ–∫—Ç—è–±—Ä—è ‚Äî –í—Å–µ–º–∏—Ä–Ω—ã–π –µ–≤—Ä–µ–π—Å–∫–∏–π –ø–æ–≥—Ä–æ–º¬ª**, - –æ–¥–∏–Ω –∏–∑ –ª–∏–¥–µ—Ä–æ–≤ –•–ê–ú–ê–°–∞

–•–∞–ª–µ–¥ –ú–∞—à–∞–ª—å [–≤—ã—Å—Ç—É–ø–∏–ª](https://twitter.com/BrotherRasheed/status/1711933917098316276) —Å –ø—Ä–∏–∑—ã–≤–æ–º –∫–æ –≤—Å–µ–º –º—É—Å—É–ª—å–º–∞–Ω–∞–º –º–∏—Ä–∞ ‚Äî **¬´—É—Å—Ç—Ä–æ–∏—Ç—å –µ–≤—Ä–µ—è–º –Ω–∞—Å—Ç–æ—è—â–∏–π –ø–æ–≥—Ä–æ–º¬ª** (—Ç–æ –µ—Å—Ç—å —É–±–∏–≤–∞—Ç—å, –Ω–∞—Å–∏–ª–æ–≤–∞—Ç—å –∏ –±—Ä–∞—Ç—å –≤ –ø–ª–µ–Ω).

–û–Ω –ø—Ä–∏–∑–≤–∞–ª –ø–æ–≤—Å—é–¥—É ¬´–ø–æ–≤—Ç–æ—Ä—è—Ç—å –¥–µ–π—Å—Ç–≤–∏—è –•–ê–ú–ê–°–∞¬ª —É–∂–µ –ø–æ—Å–ª–µ–∑–∞–≤—Ç—Ä–∞.

[–ü–û–î–ü–ò–°–ê–¢–¨–°–Ø](https://t.me/+Kw603H3-HAJkNTEy) ‚úÖ [–ü–æ–∫—É–ø–∞–µ–º –∫–æ–Ω—Ç–µ–Ω—Ç](http://t.me/content_tut_bot)",2023-10-11,Crisis
–í—Å–µ–≤–∏–¥—è—â–µ–µ –û–ö–û üá∫üá¶ | –ù–æ–≤–∏–Ω–∏ –£–∫—Ä–∞—ó–Ω–∞,"**–î–≤–∞ –Ω–æ–≤–∏—Ö –∞–≤—Ç–æ—Ç—Ä–∞–Ω—Å—Ñ–æ—Ä–º–∞—Ç–æ—Ä–∏ –≤—ñ–¥ –Ø–ø–æ–Ω—ñ—ó —Ç–∞ –ø—Ä–æ–≥—Ä–∞–º–∏ —Ä–æ–∑–≤–∏—Ç–∫—É –û–û–ù

**–û–±–ª–∞–¥–Ω–∞–Ω–Ω—è [–ø—ñ–¥—Ç—Ä–∏–º—É–≤–∞—Ç–∏–º–µ](https://m.facebook.com/minenergoUkraine/videos/-–∑–∞-–∫–æ–æ—Ä–¥–∏–Ω–∞—Ü—ñ—ó-–º—ñ–Ω–µ–Ω–µ—Ä–≥–æ-—É–∫—Ä–∞—ó–Ω–∞-–æ—Ç—Ä–∏–º–∞–ª–∞-–¥–≤–∞-–Ω–æ–≤–∏—Ö-–∞–≤—Ç–æ—Ç—Ä–∞–Ω—Å—Ñ–æ—Ä–º–∞—Ç–æ—Ä–∏-–≤—ñ–¥-–ø—Ä–æ–æ/177573105396368/) —É–∫—Ä–∞—ó–Ω—Å—å–∫—É –µ–Ω–µ—Ä–≥–æ—Å–∏—Å—Ç–µ–º—É –ø–µ—Ä–µ–¥ –ø–æ—á–∞—Ç–∫–æ–º –æ—Å—ñ–Ω–Ω—å–æ-–∑–∏–º–æ–≤–æ–≥–æ –ø–µ—Ä—ñ–æ–¥—É.

–í–æ–Ω–æ –≤—Å—Ç–∞–Ω–æ–≤–ª–µ–Ω–µ –Ω–∞ –ø—ñ–¥—Å—Ç–∞–Ω—Ü—ñ—ó ""–£–∫—Ä–µ–Ω–µ—Ä–≥–æ"" —Ç–∞ **–¥–æ–ø–æ–º–æ–∂–µ¬†—É –∑–∞–±–µ–∑–ø–µ—á–µ–Ω–Ω—ñ —Å–≤—ñ—Ç–ª–æ–º 500¬†—Ç–∏—Å. —Å–ø–æ–∂–∏–≤–∞—á—ñ–≤.**

[–ü–û–î–ü–ò–°–ê–¢–¨–°–Ø](https://t.me/+Kw603H3-HAJkNTEy) ‚úÖ [–ü–æ–∫—É–ø–∞–µ–º –∫–æ–Ω—Ç–µ–Ω—Ç](http://t.me/content_tut_bot)",2023-10-15,Economical
–í—Å–µ–≤–∏–¥—è—â–µ–µ –û–ö–û üá∫üá¶ | –ù–æ–≤–∏–Ω–∏ –£–∫—Ä–∞—ó–Ω–∞,"–î–∞–∂–µ –≥–æ–ª—É–±—å –º–æ–∂–µ—Ç —É–≥—Ä–æ–∂–∞—Ç—å –≤–∞—à–µ–π –∂–∏–∑–Ω–∏

[–ü–Ü–î–ü–ò–°–ê–¢–ò–°–¨](https://t.me/+Kw603H3-HAJkNTEy) ‚úÖ [–ö—É–ø—É—î–º–æ –∫–æ–Ω—Ç–µ–Ω—Ç](http://t.me/content_tut_bot)",2023-10-16,Other
–í—Å–µ–≤–∏–¥—è—â–µ–µ –û–ö–û üá∫üá¶ | –ù–æ–≤–∏–Ω–∏ –£–∫—Ä–∞—ó–Ω–∞,"**üê≥**** –°–ë–£ –∞—Ç–∞–∫—É–≤–∞–ª–∞ –≤–µ–ª–∏–∫–∏–π –≤—ñ–π—Å—å–∫–æ–≤–∏–π —Ç–∞–±—ñ—Ä –±—ñ–ª—è –∞–µ—Ä–æ–¥—Ä–æ–º—É —É –ö—É—Ä—Å—å–∫—ñ–π –æ–±–ª–∞—Å—Ç—ñ –†–§

**–ë—ñ–ª—è –≤—ñ–π—Å—å–∫–æ–≤–æ–≥–æ –∞–µ—Ä–æ–¥—Ä–æ–º—É ""–•–∞–ª—ñ–Ω–æ"" —Ä–æ–∑–º—ñ—â—É–≤–∞–ª–∏—Å—å –¥–æ 3 —Ç–∏—Å—è—á —Ä–æ—Å—ñ–π—Å—å–∫–∏—Ö –≤—ñ–π—Å—å–∫–æ–≤–∏—Ö —Ç–∞ 80 –æ–¥–∏–Ω–∏—Ü—å –≤—ñ–π—Å—å–∫–æ–≤–æ—ó —Ç–µ—Ö–Ω—ñ–∫–∏.

–£—Ä–∞–∂–µ–Ω–Ω—è –±—É–ª–∏ –ø–æ—Ç—É–∂–Ω–∏–º–∏ ‚Äî **—â–æ–Ω–∞–π–º–µ–Ω—à–µ 18 –≤–ª—É—á–∞–Ω—å –¥—Ä–æ–Ω—ñ–≤ –°–ë–£ –ø–æ —Ç–∞–±–æ—Ä—É. 

**[–ü–Ü–î–ü–ò–°–ê–¢–ò–°–¨](https://t.me/+Kw603H3-HAJkNTEy) ‚úÖ [–ö—É–ø—É—î–º–æ –∫–æ–Ω—Ç–µ–Ω—Ç](http://t.me/content_tut_bot)",2023-10-18,Crisis
–í—Å–µ–≤–∏–¥—è—â–µ–µ –û–ö–û üá∫üá¶ | –ù–æ–≤–∏–Ω–∏ –£–∫—Ä–∞—ó–Ω–∞,"**UPD: **–ü–∞—Ä–µ–Ω—å, –∫–æ—Ç–æ—Ä—ã–π —è–∫–æ–±—ã –ª–µ–∂–∏—Ç –Ω–∞ –∞—Å—Ñ–∞–ª—å—Ç–µ ‚Äî –¥–æ—Å—Ç–∞—Ç–æ—á–Ω–æ –∏–∑–≤–µ—Å—Ç–Ω—ã–π –¢–∏–∫—Ç–æ–∫–µ—Ä

–í –ø–æ–ª–∏—Ü–∏–∏ –ö–∏–µ–≤–∞ **–Ω–µ –ø–æ–¥—Ç–≤–µ—Ä–¥–∏–ª–∏ –≤—ã–∑–æ–≤** –ø–æ —ç—Ç–æ–º—É —Å–ª—É—á–∞—é, –Ω–æ –∏ –≤ –µ–≥–æ —Å–æ—Ü–∏–∞–ª—å–Ω—ã—Ö —Å–µ—Ç—è—Ö –Ω–∏–∫–∞–∫–æ–≥–æ –æ–ø—Ä–æ–≤–µ—Ä–∂–µ–Ω–∏—è –Ω–µ—Ç. 

–ü–æ–¥–ø–∏—Å—á–∏–∫–∏ –±–æ–º–±—è—Ç –≤ –∫–æ–º–º–µ–Ω—Ç–∞—Ä–∏—è—Ö –Ω–∞ —Å—Ç—Ä–∞–Ω–∏—Ü–µ –±–ª–æ–≥–µ—Ä–∞ –≤–æ–ø—Ä–æ—Å–∞–º–∏, —á—Ç–æ —Å –∏—Ö –∫—É–º–∏—Ä–æ–º. 

–•–∞–π–ø—É–µ—Ç —á—Ç–æ –ª–∏?

[–ü–û–î–ü–ò–°–ê–¢–¨–°–Ø](https://t.me/+Kw603H3-HAJkNTEy) ‚úÖ [–ü–æ–∫—É–ø–∞–µ–º –∫–æ–Ω—Ç–µ–Ω—Ç](http://t.me/content_tut_bot)",2023-10-24,Other
–í—Å–µ–≤–∏–¥—è—â–µ–µ –û–ö–û üá∫üá¶ | –ù–æ–≤–∏–Ω–∏ –£–∫—Ä–∞—ó–Ω–∞,"**–ù–∞—Ü–±–∞–Ω–∫ –≤–∏–ø—É—Å—Ç–∏–≤ –ø–∞–º‚Äô—è—Ç–Ω—É –º–æ–Ω–µ—Ç—É ¬´–£–∫—Ä–∞—ó–Ω—Å—å–∫–∞ –º–æ–≤–∞¬ª**

–¶–µ [–ø—Ä–∏—Å–≤—è—á–µ–Ω–æ](https://bank.gov.ua/ua/news/all/ukrayinska-mova--nova-pamyatna-moneta-natsionalnogo-banku) –î–Ω—é —É–∫—Ä–∞—ó–Ω—Å—å–∫–æ—ó –ø–∏—Å–µ–º–Ω–æ—Å—Ç—ñ —Ç–∞ –º–æ–≤–∏. **–á—ó –Ω–æ–º—ñ–Ω–∞–ª ‚Äî 10 –≥—Ä–∏–≤–µ–Ω—å, –∞ —Ç–∏—Ä–∞–∂ ‚Äî –¥–æ 5 —Ç–∏—Å—è—á —à—Ç—É–∫. 
**
–ü—Ä–∏–¥–±–∞—Ç–∏ —Ü—é —Ü—ñ–∫–∞–≤–∏–Ω–∫—É –º–æ–∂–Ω–∞ –≤ —ñ–Ω—Ç–µ—Ä–Ω–µ—Ç-–º–∞–≥–∞–∑–∏–Ω—ñ –ù–ë–£ **–∑–∞ 2,221 –≥—Ä–Ω.**

[–ü–Ü–î–ü–ò–°–ê–¢–ò–°–¨](https://t.me/+Kw603H3-HAJkNTEy) ‚úÖ [–ö—É–ø—É—î–º–æ –∫–æ–Ω—Ç–µ–Ω—Ç](http://t.me/content_tut_bot)",2023-10-27,Economical
–í—Å–µ–≤–∏–¥—è—â–µ–µ –û–ö–û üá∫üá¶ | –ù–æ–≤–∏–Ω–∏ –£–∫—Ä–∞—ó–Ω–∞,"–ú—É–∂–∏–∫–∏, –¥–ª—è –≤–∞—Å –Ω–∞–π–¥–µ–Ω –ª–∞–π—Ñ—Ö–∞–∫ –Ω–∞ –∑–∏–º—É

–ü–æ–¥–µ–ª–∏—Å—å –Ω–∞—Ö–æ–¥–∫–æ–π —Å –¥—Ä—É–≥–æ–º, —á—Ç–æ–±—ã –æ–Ω —Ç–æ–∂–µ –Ω–µ –∑–∞–º—ë—Ä–∑.

[–ü–û–î–ü–ò–°–ê–¢–¨–°–Ø](https://t.me/+Kw603H3-HAJkNTEy) ‚úÖ [–ü–æ–∫—É–ø–∞–µ–º –∫–æ–Ω—Ç–µ–Ω—Ç](http://t.me/content_tut_bot)",2023-10-29,Other
–í—Å–µ–≤–∏–¥—è—â–µ–µ –û–ö–û üá∫üá¶ | –ù–æ–≤–∏–Ω–∏ –£–∫—Ä–∞—ó–Ω–∞,"–ù—ñ—á–æ–≥–æ –Ω–µ–∑–≤–∏—á–∞–π–Ω–æ–≥–æ, –ø—Ä–æ—Å—Ç–æ –ø–∞—Ç—Ä—ñ–æ—Ç **–û–ª–µ–≥ –õ—è—à–∫–æ —Ä–∞–∑–æ–º –∑—ñ —Å–≤–æ—ó–º –æ—Ö–æ—Ä–æ–Ω—Ü–µ–º –ø'—è–Ω—ñ —Å–ø—ñ–≤–∞—é—Ç—å —Ä–æ—Å—ñ–π—Å—å–∫—ñ –ø—ñ—Å–Ω—ñ

**–õ—è—à–∫–æ –º–∏–Ω—É–ª–æ–≥–æ —Ä–æ–∫—É –ø—Ä–∏–π–Ω—è–≤ –ø—Ä–∏—Å—è–≥—É —ñ –º–∞–≤ –±–∏ –±—É—Ç–∏ –Ω–∞ —Ñ—Ä–æ–Ω—Ç—ñ. –Ø–∫, –≤–ª–∞—Å–Ω–µ, —ñ –π–æ–≥–æ –æ—Ö–æ—Ä–æ–Ω–µ—Ü—å, —è–∫–∏–π –∑–∞—Ä–∞–∑ –∂–∏–≤–µ –≤ –ö–∏—î–≤—ñ —ñ –æ—Ç—Ä–∏–º—É—î 100 —Ç–∏—Å—è—á –±–æ–π–æ–≤–∏—Ö.

[–ü–Ü–î–ü–ò–°–ê–¢–ò–°–¨](https://t.me/+Kw603H3-HAJkNTEy) ‚úÖ [–ö—É–ø—É—î–º–æ –∫–æ–Ω—Ç–µ–Ω—Ç](http://t.me/content_tut_bot)",2023-10-31,Political
–í—Å–µ–≤–∏–¥—è—â–µ–µ –û–ö–û üá∫üá¶ | –ù–æ–≤–∏–Ω–∏ –£–∫—Ä–∞—ó–Ω–∞,"[–ó–∞–∫–∞–∑—á–∏–∫](https://prozorro.gov.ua/tender/UA-2023-10-31-010793-a) - ""–£–∫—Ä–ø–æ—à—Ç–∞""

[–ü–û–î–ü–ò–°–ê–¢–¨–°–Ø](https://t.me/+Kw603H3-HAJkNTEy) ‚úÖ [–ü–æ–∫—É–ø–∞–µ–º –∫–æ–Ω—Ç–µ–Ω—Ç](http://t.me/content_tut_bot)",2023-10-31,Economical
–í—Å–µ–≤–∏–¥—è—â–µ–µ –û–ö–û üá∫üá¶ | –ù–æ–≤–∏–Ω–∏ –£–∫—Ä–∞—ó–Ω–∞,"‚ùóÔ∏è–í–∏–±—É—Ö —É –î–Ω—ñ–ø—Ä—ñ

[–ü–Ü–î–ü–ò–°–ê–¢–ò–°–¨](https://t.me/+Kw603H3-HAJkNTEy) ‚úÖ [–ö—É–ø—É—î–º–æ –∫–æ–Ω—Ç–µ–Ω—Ç](http://t.me/content_tut_bot)",2023-11-01,Crisis
–í—Å–µ–≤–∏–¥—è—â–µ–µ –û–ö–û üá∫üá¶ | –ù–æ–≤–∏–Ω–∏ –£–∫—Ä–∞—ó–Ω–∞,"–°—Ç–æ–∏–º–æ—Å—Ç—å –∑–µ–º–ª–∏ –≤ –£–∫—Ä–∞–∏–Ω–µ **–∑–∞ 9 –º–µ—Å—è—Ü–µ–≤ –≤—ã—Ä–æ—Å–ª–∞ –Ω–∞ 10,4% ‚Äì –¥–æ 38,5 —Ç—ã—Å. –≥—Ä–Ω/–≥–∞

**[–ü–û–î–ü–ò–°–ê–¢–¨–°–Ø](https://t.me/+Kw603H3-HAJkNTEy) ‚úÖ [–ü–æ–∫—É–ø–∞–µ–º –∫–æ–Ω—Ç–µ–Ω—Ç](http://t.me/content_tut_bot)",2023-11-02,Economical
–í—Å–µ–≤–∏–¥—è—â–µ–µ –û–ö–û üá∫üá¶ | –ù–æ–≤–∏–Ω–∏ –£–∫—Ä–∞—ó–Ω–∞,"–°–∞–º–æ—É–±–∏–π—Å—Ç–≤–∞ –≤ –ö–∏–µ–≤–µ –ø—Ä–æ–¥–æ–ª–∂–∞—é—Ç—Å—è: **—É—Ç—Ä–æ–º –≤ –®–µ–≤—á–µ–Ω–∫–æ–≤—Å–∫–æ–º —Ä–∞–π–æ–Ω–µ 21-–ª–µ—Ç–Ω–∏–π –ø–∞—Ä–µ–Ω—å –≤—ã–ø–∞–ª —Å 5 —ç—Ç–∞–∂–∞

**–ü—Ä–µ—Å—Å-—Å–ª—É–∂–±–∞ –ø–æ–ª–∏—Ü–∏–∏:**
**__–ü—Ä–∞–≤–æ–≤—É—é –∫–≤–∞–ª–∏—Ñ–∏–∫–∞—Ü–∏—é —Å–æ–±—ã—Ç–∏—è –ø—Ä–∞–≤–æ–æ—Ö—Ä–∞–Ω–∏—Ç–µ–ª–∏ –¥–∞–¥—É—Ç –ø–æ –∑–∞–≤–µ—Ä—à–µ–Ω–∏–∏ –ø—Ä–æ–≤–µ—Ä–∫–∏____
__**
**[–ü–û–î–ü–ò–°–ê–¢–¨–°–Ø](https://t.me/+Kw603H3-HAJkNTEy) ‚úÖ [–ü–æ–∫—É–ø–∞–µ–º –∫–æ–Ω—Ç–µ–Ω—Ç](http://t.me/content_tut_bot)",2023-11-02,Other
–í—Å–µ–≤–∏–¥—è—â–µ–µ –û–ö–û üá∫üá¶ | –ù–æ–≤–∏–Ω–∏ –£–∫—Ä–∞—ó–Ω–∞,"**‚ùóÔ∏è****–ó–µ–ª–µ–Ω—Å—å–∫–∏–π —Ä–æ–∑–≥–ª—è–¥–∞—î –º–æ–∂–ª–∏–≤—ñ—Å—Ç—å **[**–ø—Ä–æ–≤–µ–¥–µ–Ω–Ω—è**](https://news.sky.com/story/ukraine-war-latest-russian-man-arrested-for-passing-secrets-to-ukraine-moscow-ready-for-talks-on-post-conflict-settlement-12541713?postid=6708241#liveblog-body)** –ø—Ä–µ–∑–∏–¥–µ–Ω—Ç—Å—å–∫–∏—Ö –≤–∏–±–æ—Ä—ñ–≤ –Ω–∞–≤–µ—Å–Ω—ñ 2024 —Ä–æ–∫—É**, ‚Äî –≥–ª–∞–≤–∞ –ú–ó–° –ö—É–ª–µ–±–∞",2023-11-03,Political
–í—Å–µ–≤–∏–¥—è—â–µ–µ –û–ö–û üá∫üá¶ | –ù–æ–≤–∏–Ω–∏ –£–∫—Ä–∞—ó–Ω–∞,"**–ï–∫—Å–Ω–∞—Ä–¥–µ–ø –Ü—Ä–∏–Ω–∞ –§–∞—Ä—ñ–æ–Ω –Ω–∞–∑–≤–∞–ª–∞ –ì–µ—Ä–æ—ó–≤ ¬´–ê–∑–æ–≤—É¬ª ¬´–∫–∞—Ü–∞–ø–∞–º–∏¬ª
**
__–Ø –Ω–µ –º–æ–∂—É __[__–Ω–∞–∑–≤–∞—Ç–∏__](https://www.youtube.com/watch?v=gRmw5TRsmus)__ —ó—Ö —É–∫—Ä–∞—ó–Ω—Ü—è–º–∏, —è–∫—â–æ –≤–æ–Ω–∏ –Ω–µ –≥–æ–≤–æ—Ä—è—Ç—å —É–∫—Ä–∞—ó–Ω—Å—å–∫–æ—é –º–æ–≤–æ—é, —Ç–æ –Ω–µ—Ö–∞–π —Å–µ–±–µ –Ω–∞–∑–≤—É—Ç—å ""—Ä—É—Å—å–∫—ñ–º—ñ"". –ß–æ–º—É –≤–æ–Ω–∏ —Ç–∞–∫—ñ –æ—á–º–∞–Ω—ñ–ª—ñ? –Ø–∫—â–æ –≤–æ–Ω–∏ —Ç–∞–∫—ñ –≤–µ–ª–∏–∫—ñ –ø–∞—Ç—Ä—ñ–æ—Ç–∏, ‚Äî –ø–æ–∫–∞–∂—ñ—Ç—å —Å–≤—ñ–π –ø–∞—Ç—Ä—ñ–æ—Ç–∏–∑–º, –≤–∏–≤—á—ñ—Ç—å –º–æ–≤—É –®–µ–≤—á–µ–Ω–∫–∞!"" __

[–ü–û–î–ü–ò–°–ê–¢–¨–°–Ø](https://t.me/+Kw603H3-HAJkNTEy) ‚úÖ [–ü–æ–∫—É–ø–∞–µ–º –∫–æ–Ω—Ç–µ–Ω—Ç](http://t.me/content_tut_bot)",2023-11-06,Political
–í—Å–µ–≤–∏–¥—è—â–µ–µ –û–ö–û üá∫üá¶ | –ù–æ–≤–∏–Ω–∏ –£–∫—Ä–∞—ó–Ω–∞,"üê≥ –ü–µ—Ä—à—ñ F-16, –ø–µ—Ä–µ–¥–∞–Ω—ñ –£–∫—Ä–∞—ó–Ω—ñ –ù—ñ–¥–µ—Ä–ª–∞–Ω–¥–∞–º–∏, **–≤—á–æ—Ä–∞ –ø—Ä–∏–±—É–ª–∏ –¥–æ —Ç—Ä–µ–Ω—É–≤–∞–ª—å–Ω–æ–≥–æ —Ü–µ–Ω—Ç—Ä—É –†—É–º—É–Ω—ñ—ó**, - –°—Ç–æ–ª—Ç–µ–Ω–±–µ—Ä–≥

[–ü–Ü–î–ü–ò–°–ê–¢–ò–°–¨](https://t.me/+Kw603H3-HAJkNTEy) ‚úÖ [–ö—É–ø—É—î–º–æ –∫–æ–Ω—Ç–µ–Ω—Ç](http://t.me/content_tut_bot)",2023-11-08,Political
–í—Å–µ–≤–∏–¥—è—â–µ–µ –û–ö–û üá∫üá¶ | –ù–æ–≤–∏–Ω–∏ –£–∫—Ä–∞—ó–Ω–∞,"**üê≥**** –ì—Ä–æ—à—ñ –∑ —Ñ–æ–Ω–¥—É –Ω–∞ —Ä–µ–º–æ–Ω—Ç –¥–æ—Ä—ñ–≥ (94,7 –º–ª—Ä–¥ –≥—Ä–Ω) —É 2024 —Ä–æ—Ü—ñ –±—É–¥—É—Ç—å –ø–µ—Ä–µ–≤–µ–¥–µ–Ω—ñ –Ω–∞ –±–µ–∑–ø–µ–∫—É –π –æ–±–æ—Ä–æ–Ω—É**, ‚Äî –º—ñ–Ω—ñ—Å—Ç—Ä —Ñ—ñ–Ω–∞–Ω—Å—ñ–≤ –ú–∞—Ä—á–µ–Ω–∫–æ

–ó–∞ [—Å–ª–æ–≤–∞–º–∏](https://www.radiosvoboda.org/a/news-dorogy-remont-oborona-groshi/32687337.html) –ú–∞—Ä—á–µ–Ω–∫–æ, –±—É–¥—ñ–≤–Ω–∏—Ü—Ç–≤–æ —Ç–∞ —Ä–µ–º–æ–Ω—Ç –¥–æ—Ä—ñ–≥ –±—É–¥–µ –ø—Ä–æ—Ñ—ñ–Ω–∞–Ω—Å–æ–≤–∞–Ω–æ —Ç—ñ–ª—å–∫–∏ –º—ñ–∂–Ω–∞—Ä–æ–¥–Ω–∏–º–∏ —Ñ—ñ–Ω–∞–Ω—Å–æ–≤–∏–º–∏ –æ—Ä–≥–∞–Ω—ñ–∑–∞—Ü—ñ—è–º–∏ —Ç–∞ —É—Ä—è–¥–∞–º–∏ –∫—Ä–∞—ó–Ω-–ø–∞—Ä—Ç–Ω–µ—Ä—ñ–≤.

[–ü–Ü–î–ü–ò–°–ê–¢–ò–°–¨](https://t.me/+Kw603H3-HAJkNTEy) ‚úÖ [–ö—É–ø—É—î–º–æ –∫–æ–Ω—Ç–µ–Ω—Ç](http://t.me/content_tut_bot)",2023-11-16,Economical
–í—Å–µ–≤–∏–¥—è—â–µ–µ –û–ö–û üá∫üá¶ | –ù–æ–≤–∏–Ω–∏ –£–∫—Ä–∞—ó–Ω–∞,"–ë—ñ–ª—è –ö—Ä–æ–ø–∏–≤–Ω–∏—Ü—å–∫–æ–≥–æ –ü–ü–û –∑–±–∏–ª–∞ —Ä–∞–∫–µ—Ç—É –•-59

[–ø—ñ–¥–ø–∏—Å–∞—Ç–∏—Å—è](https://t.me/+Kw603H3-HAJkNTEy)",2023-11-16,Crisis
–í—Å–µ–≤–∏–¥—è—â–µ–µ –û–ö–û üá∫üá¶ | –ù–æ–≤–∏–Ω–∏ –£–∫—Ä–∞—ó–Ω–∞,"–ü–µ—Ä–≤—ã–µ —Ñ–æ—Ç–æ 
**—Å–µ–≥–æ–¥–Ω—è—à–Ω–µ–≥–æ –ø—Ä–∏–ª—ë—Ç–∞ –ø–æ —ç–Ω–µ—Ä–≥–µ—Ç–∏—á–µ—Å–∫–æ–π –∏–Ω—Ñ—Ä–∞—Å—Ç—Ä—É–∫—Ç—É—Ä–µ** –≤ –û–¥–µ—Å—Å–∫–æ–π –æ–±–ª–∞—Å—Ç–∏

–ù–æ—á—å—é —Ä–æ—Å—Å–∏—è–Ω–µ [–∞—Ç–∞–∫–æ–≤–∞–ª–∏](https://t.me/dsns_telegram/23100) –µ—ë ¬´–®–∞—Ö–µ–¥–∞–º–∏¬ª.
–ì–°–ß–° –ª–∏–∫–≤–∏–¥–∏—Ä–æ–≤–∞–ª–∏ –ø–æ–∂–∞—Ä –ø–æ—Å–ª–µ –ø–æ–ø–∞–¥–∞–Ω–∏—è.

[–ü–û–î–ü–ò–°–ê–¢–¨–°–Ø](https://t.me/+Kw603H3-HAJkNTEy) ‚úÖ [–ü—Ä–∏—Å–ª–∞—Ç—å –∫–æ–Ω—Ç–µ–Ω—Ç](http://t.me/content_tut_bot)",2023-11-18,Crisis
–í—Å–µ–≤–∏–¥—è—â–µ–µ –û–ö–û üá∫üá¶ | –ù–æ–≤–∏–Ω–∏ –£–∫—Ä–∞—ó–Ω–∞,"‚ùóÔ∏è**–ß–∞—Å –º–æ–±—ñ–ª—ñ–∑—É–≤–∞—Ç–∏ 18-20-—Ä—ñ—á–Ω–∏—Ö —Å—Ç—É–¥–µ–Ω—Ç—ñ–≤, –∞ –Ω–µ –¥—ñ–¥—ñ–≤**, ‚Äì –∫–æ–º–∞–Ω–¥–∏—Ä —à—Ç—É—Ä–º–æ–≤–æ–≥–æ –±–∞—Ç–∞–ª—å–æ–Ω—É 3 –û–®–ë—Ä

__–í —á–æ–º—É –ø—Ä–æ–±–ª–µ–º–∞, —â–æ —Å—Ç—É–¥–µ–Ω—Ç–∏? –ù—É —ñ —â–æ? –°—Ç—É–¥–µ–Ω—Ç–∏ –Ω–µ –º–∞—é—Ç—å –≤–æ—é–≤–∞—Ç–∏? –ü–æ–≤–∏–Ω–Ω—ñ. –í–æ–Ω–∏ –ø—ñ–¥—Ö–æ–¥—è—Ç—å? –ü—ñ–¥—Ö–æ–¥—è—Ç—å. –í–æ–Ω–∏, —â–æ –Ω–µ –≤–º—ñ—é—Ç—å, –Ω–µ –≥–æ—Ç–æ–≤—ñ, –Ω–µ –Ω–∞—Ä–æ–¥–∂–µ–Ω—ñ –¥–ª—è –≤—ñ–π–Ω–∏? –ù—ñ—Ö—Ç–æ –Ω–µ –≤–º—ñ—î, –Ω–µ –≥–æ—Ç–æ–≤–∏–π —Ç–∞ –Ω–µ –Ω–∞—Ä–æ–¥–∂–µ–Ω–∏–π –¥–ª—è –≤—ñ–π–Ω–∏. –ü–∏—Ç–∞–Ω–Ω—è —É –ø—ñ–¥—Ö–æ–¥—ñ –¥–æ –ø—ñ–¥–≥–æ—Ç–æ–≤–∫–∏.__

[–ü–Ü–î–ü–ò–°–ê–¢–ò–°–Ø](https://t.me/+Kw603H3-HAJkNTEy) ‚úÖ [–ù–∞–¥—ñ—Å–ª–∞—Ç–∏ –∫–æ–Ω—Ç–µ–Ω—Ç](http://t.me/content_tut_bot)",2023-11-19,Political
–í—Å–µ–≤–∏–¥—è—â–µ–µ –û–ö–û üá∫üá¶ | –ù–æ–≤–∏–Ω–∏ –£–∫—Ä–∞—ó–Ω–∞,"**20% —É–∫—Ä–∞—ó–Ω—Ü—ñ–≤ –±—Ä–∞–ª–∏ –±–µ–∑–ø–æ—Å–µ—Ä–µ–¥–Ω—é —É—á–∞—Å—Ç—å —É –†–µ–≤–æ–ª—é—Ü—ñ—ó –ì—ñ–¥–Ω–æ—Å—Ç—ñ, **‚Äì –æ–ø–∏—Ç—É–≤–∞–Ω–Ω—è –§–æ–Ω–¥—É –î–µ–º–æ–∫—Ä–∞—Ç–∏—á–Ω—ñ —ñ–Ω—ñ—Ü—ñ–∞—Ç–∏–≤–∏

21 –ª–∏—Å—Ç–æ–ø–∞–¥–∞ 2013 —Ä–æ–∫—É –Ω–∞ [–ø—Ä–æ—Ç–µ—Å—Ç](https://t.me/AFUStratCom/21220) —É –ö–∏—î–≤—ñ –≤–∏–π—à–ª–æ –±–ª–∏–∑—å–∫–æ 1500 –ø—Ä–æ—Ç–µ—Å—Ç—É–≤–∞–ª—å–Ω–∏–∫—ñ–≤ —ñ **—É–∂–µ —á–µ—Ä–µ–∑ 2 —Ç–∏–∂–Ω—ñ –Ω–∞ –ú–∞–π–¥–∞–Ω—ñ —Å—Ç–æ—è–ª–æ –±—ñ–ª—å—à–µ –º—ñ–ª—å–π–æ–Ω–∞ –º—ñ—Ç–∏–Ω–≥—É–≤–∞–ª—å–Ω–∏–∫—ñ–≤.

**[–ü–Ü–î–ü–ò–°–ê–¢–ò–°–Ø](https://t.me/+Kw603H3-HAJkNTEy) ‚úÖ [–ù–∞–¥—ñ—Å–ª–∞—Ç–∏ –∫–æ–Ω—Ç–µ–Ω—Ç](http://t.me/content_tut_bot)",2023-11-21,Political
–í—Å–µ–≤–∏–¥—è—â–µ–µ –û–ö–û üá∫üá¶ | –ù–æ–≤–∏–Ω–∏ –£–∫—Ä–∞—ó–Ω–∞,"‚úàÔ∏è‚úàÔ∏è –ù–∞ –ø—ñ–¥–ª—å–æ—Ç—ñ –¥–æ –ö–∏—î–≤–∞ –∑–±–∏—Ç–æ 2 —à–∞—Ö–µ–¥–∏

[–ø—ñ–¥–ø–∏—Å–∞—Ç–∏—Å—è](https://t.me/+Kw603H3-HAJkNTEy)",2023-11-25,Crisis
–í—Å–µ–≤–∏–¥—è—â–µ–µ –û–ö–û üá∫üá¶ | –ù–æ–≤–∏–Ω–∏ –£–∫—Ä–∞—ó–Ω–∞,"**Xiaomi –ø—Ä–µ–¥—Å—Ç–∞–≤–∏–ª–∞ —É–º–Ω—É—é –∫—Ä–æ–≤–∞—Ç—å, –∫–æ—Ç–æ—Ä–∞—è –±–æ—Ä–µ—Ç—Å—è —Å —Ö—Ä–∞–ø–æ–º
**
**–ö—Ä–æ–≤–∞—Ç—å –∏–º–µ–µ—Ç 8 —Ä–µ–∂–∏–º–æ–≤, —Å—Ä–µ–¥–∏ –∫–æ—Ç–æ—Ä—ã—Ö**: —á—Ç–µ–Ω–∏–µ, –π–æ–≥–∞, –ø—Ä–æ—Å–º–æ—Ç—Ä –¢–í –∏–ª–∏ –∏–≥—Ä—ã. –ï—Å—Ç—å **—Ä–µ–∂–∏–º ¬´–ê–Ω—Ç–∏—Ö—Ä–∞–ø¬ª,** –∫–æ—Ç–æ—Ä—ã–π –ø—Ä–∏–ø–æ–¥–Ω–∏–º–∞–µ—Ç —Å–ø–∏–Ω–∫—É –∫—Ä–æ–≤–∞—Ç–∏ –≤–æ –≤—Ä–µ–º—è —Ö—Ä–∞–ø–∞ –∏ –æ–ø—É—Å–∫–∞–µ—Ç, –∫–æ–≥–¥–∞ —á–µ–ª–æ–≤–µ–∫ –ø–µ—Ä–µ—Å—Ç–∞—ë—Ç —Ö—Ä–∞–ø–µ—Ç—å. –ö—Ä–æ–≤–∞—Ç—å —Ç–∞–∫–∂–µ –æ—Å–Ω–∞—â–µ–Ω–∞ —Å–∏—Å—Ç–µ–º–æ–π **¬´—É–º–Ω–æ–≥–æ¬ª –æ—Å–≤–µ—â–µ–Ω–∏—è** ‚Äî –µ—ë –º–æ–∂–Ω–æ –∏—Å–ø–æ–ª—å–∑–æ–≤–∞—Ç—å –∫–∞–∫ –ª–∞–º–ø—É/–Ω–æ—á–Ω–∏–∫. 

–¶–µ–Ω–∞ –≤–æ–ø—Ä–æ—Å–∞ –Ω–∞ –∫—Ä–æ–≤–∞—Ç—å —Å –º–∞—Ç—Ä–∞—Å–æ–º ‚Äî 30.000 –≥—Ä–Ω.

[–ü–û–î–ü–ò–°–ê–¢–¨–°–Ø](https://t.me/+8Q-HtSiiit05OTky) ‚úÖ [–ü—Ä–∏—Å–ª–∞—Ç—å –∫–æ–Ω—Ç–µ–Ω—Ç](http://t.me/content_tut_bot)",2023-11-28,Other
–í—Å–µ–≤–∏–¥—è—â–µ–µ –û–ö–û üá∫üá¶ | –ù–æ–≤–∏–Ω–∏ –£–∫—Ä–∞—ó–Ω–∞,"‚ùóÔ∏è–¢–µ–ø–µ—Ä—å –±–µ–∑ –æ–≥—Ä–∞–Ω–∏—á–µ–Ω–∏–π: –ù–∞—Ü–±–∞–Ω–∫** —Ä–∞–∑—Ä–µ—à–∏–ª –±–∞–Ω–∫–∞–º –∏ –æ–±–º–µ–Ω–Ω–∏–∫–∞–º –ø—Ä–æ–¥–∞–≤–∞—Ç—å –Ω–∞–ª–∏—á–∫—É –¥–æ–ª–ª–∞—Ä–∞ –∏ –µ–≤—Ä–æ –≤ –±–µ—Å–∫–æ–Ω–µ—á–Ω–æ–º –∫–æ–ª–∏—á–µ—Å—Ç–≤–µ **

–≠—Ç–æ –¥–æ–ª–∂–Ω–æ [–º–∏–Ω–∏–º–∏–∑–∏—Ä–æ–≤–∞—Ç—å](https://sud.ua/uk/news/ukraine/287059-nbu-razreshil-bankam-i-obmennikam-prodavat-nalichnyy-dollar-i-evro-grazhdanam-v-neogranichennykh-obemakh#:~:text=–í%20–£–∫—Ä–∞—ó–Ω—ñ-,–ù–ë–£%20–¥–æ–∑–≤–æ–ª–∏–≤%20–±–∞–Ω–∫–∞–º%20—Ç–∞%20–æ–±–º—ñ–Ω–Ω–∏–∫–∞–º%20–ø—Ä–æ–¥–∞–≤–∞—Ç–∏%20–≥–æ—Ç—ñ–≤–∫–æ–≤–∏–π,—î–≤—Ä–æ%20–≥—Ä–æ–º–∞–¥—è–Ω–∞–º%20—É%20–Ω–µ–æ–±–º–µ–∂–µ–Ω–∏—Ö%20–æ–±—Å—è–≥–∞—Ö&text=–ù–ë–£%20—Å–∫–∞—Å—É–≤–∞–≤%20—É—Å—ñ%20–æ–±–º–µ–∂–µ–Ω–Ω—è%20–¥–ª—è,–Ω–∏–º–∏%20–≥–æ—Ç—ñ–≤–∫–æ–≤–æ—ó%20—ñ–Ω–æ–∑–µ–º–Ω–æ—ó%20–≤–∞–ª—é—Ç–∏%20–Ω–∞—Å–µ–ª–µ–Ω–Ω—é.) —Ä–∞–∑–Ω–∏—Ü—É –º–µ–∂–¥—É –Ω–∞–ª–∏—á–Ω—ã–º –∏ –±–µ–∑–Ω–∞–ª–∏—á–Ω—ã–º –∫—É—Ä—Å–∞–º–∏, —Å—Ç–∞–±–∏–ª–∏–∑–∏—Ä–æ–≤–∞—Ç—å –µ–≥–æ –∏ –ø–æ–≤—ã—à–∞—Ç—å —É—Å—Ç–æ–π—á–∏–≤–æ—Å—Ç—å –≤–∞–ª—é—Ç–Ω–æ–≥–æ —Ä—ã–Ω–∫–∞.

[–ü–û–î–ü–ò–°–ê–¢–¨–°–Ø](https://t.me/+8Q-HtSiiit05OTky) ‚úÖ [–ü—Ä–∏—Å–ª–∞—Ç—å –∫–æ–Ω—Ç–µ–Ω—Ç](http://t.me/content_tut_bot)",2023-11-30,Economical
–í—Å–µ–≤–∏–¥—è—â–µ–µ –û–ö–û üá∫üá¶ | –ù–æ–≤–∏–Ω–∏ –£–∫—Ä–∞—ó–Ω–∞,"**¬´–Ø –ø–æ—Ç–µ—Ä—è–ª–∞ –≤—Å—ë, –Ω–æ —Ö–æ—á—É –∑–∞–¥–æ–Ω–∞—Ç–∏—Ç—å –Ω–∞ –í–°–£¬ª**, ‚Äî –ø–µ–Ω—Å–∏–æ–Ω–µ—Ä–∫–∞, –∫–æ—Ç–æ—Ä–∞—è –ª–∏—à–∏–ª–∞—Å—å –¥–æ–º–∞, –∫—É–ø–∏–ª–∞ –±–µ—Å–ø–∏–ª–æ—Ç–Ω–∏–∫ –¥–ª—è –±–æ–π—Ü–æ–≤

–ß—É–≤—Å—Ç–≤–æ –≥–æ—Ä–¥–æ—Å—Ç–∏ —Ä–∞—Å–ø–∏—Ä–∞–µ—Ç.

[–ü–û–î–ü–ò–°–ê–¢–¨–°–Ø](https://t.me/+8Q-HtSiiit05OTky) ‚úÖ [–ü—Ä–∏—Å–ª–∞—Ç—å –∫–æ–Ω—Ç–µ–Ω—Ç](http://t.me/content_tut_bot)",2023-12-01,Crisis
–í—Å–µ–≤–∏–¥—è—â–µ–µ –û–ö–û üá∫üá¶ | –ù–æ–≤–∏–Ω–∏ –£–∫—Ä–∞—ó–Ω–∞,"–ö–∞–∫ –¥–æ—Å—Ç–∞—Ç—å —Å–æ—Å–µ–¥–∞? –õ—å–≤–æ–≤—Å–∫–∞—è –≤–µ—Ä—Å–∏—è

[–ü–û–î–ü–ò–°–ê–¢–¨–°–Ø](https://t.me/+8Q-HtSiiit05OTky) ‚úÖ [–ü—Ä–∏—Å–ª–∞—Ç—å –∫–æ–Ω—Ç–µ–Ω—Ç](http://t.me/content_tut_bot)",2023-12-01,Other
–í—Å–µ–≤–∏–¥—è—â–µ–µ –û–ö–û üá∫üá¶ | –ù–æ–≤–∏–Ω–∏ –£–∫—Ä–∞—ó–Ω–∞,"üá∫üá∏ **–°–®–ê –∏—Å–ø–æ–ª—å–∑—É—é—Ç —Å–µ–π—á–∞—Å –æ—Å—Ç–∞—Ç–∫–∏ —Ñ–∏–Ω–∞–Ω—Å–æ–≤–æ–π –ø–æ–º–æ—â–∏ –£–∫—Ä–∞–∏–Ω–µ, –æ–∫–æ–ª–æ 97% —ç—Ç–∏—Ö —Ä–µ—Å—É—Ä—Å–æ–≤ –∏—Å—á–µ—Ä–ø–∞–Ω–æ**, ‚Äî –ì–æ—Å–¥–µ–ø–∞—Ä—Ç–∞–º–µ–Ω—Ç  

–°–®–ê –æ—Ü–µ–Ω–∏–≤–∞—é—Ç –ø–æ–ª–æ–∂–µ–Ω–∏–µ –ö–∏–µ–≤–∞ –∫–∞–∫ ¬´**—Ç—è–∂–µ–ª–æ–µ¬ª **—Å —É—á–µ—Ç–æ–º, —á—Ç–æ –¥–µ–Ω—å–≥–∏ –Ω–∞ –ø–æ–¥–¥–µ—Ä–∂–∫—É –∑–∞–∫–æ–Ω—á–∞—Ç—Å—è ¬´–æ—á–µ–Ω—å —Å–∫–æ—Ä–æ¬ª.

[–ü–û–î–ü–ò–°–ê–¢–¨–°–Ø](https://t.me/+8Q-HtSiiit05OTky) ‚úÖ [–ü—Ä–∏—Å–ª–∞—Ç—å –∫–æ–Ω—Ç–µ–Ω—Ç](http://t.me/content_tut_bot)",2023-12-04,Economical
–í—Å–µ–≤–∏–¥—è—â–µ–µ –û–ö–û üá∫üá¶ | –ù–æ–≤–∏–Ω–∏ –£–∫—Ä–∞—ó–Ω–∞,"‚ùï**–ó–µ–ª–µ–Ω—Å—å–∫–∏–π –∑–∞–≤—Ç—Ä–∞ –ø—Ä–∏—ó–¥–µ –≤ –°–®–ê, –¥–µ –∑—É—Å—Ç—Ä—ñ–Ω–µ—Ç—å—Å—è –∑ –ë–∞–π–¥–µ–Ω–æ–º**, ‚Äî [–û–ü](https://t.me/OP_UA/11067)

__–°–µ—Ä–µ–¥ –∫–ª—é—á–æ–≤–∏—Ö —Ç–µ–º –Ω–∞ –ø–µ—Ä–µ–≥–æ–≤–æ—Ä–∞—Ö —É –í–∞—à–∏–Ω–≥—Ç–æ–Ω—ñ –±—É–¥–µ –ø—Ä–æ–¥–æ–≤–∂–µ–Ω–Ω—è –æ–±–æ—Ä–æ–Ω–Ω–æ—ó —Å–ø—ñ–≤–ø—Ä–∞—Ü—ñ –£–∫—Ä–∞—ó–Ω–∏ —Ç–∞ –°–®–ê, –∑–æ–∫—Ä–µ–º–∞ —Å–ø—ñ–ª—å–Ω–∏—Ö –ø—Ä–æ—î–∫—Ç—ñ–≤ —ñ–∑ –≤–∏—Ä–æ–±–Ω–∏—Ü—Ç–≤–∞ –∑–±—Ä–æ—ó —Ç–∞ —Å–∏—Å—Ç–µ–º –ü–ü–û.
____
__**–ó—É—Å—Ç—Ä—ñ—á –ó–µ–ª–µ–Ω—Å—å–∫–æ–≥–æ –∑ –ë–∞–π–¥–µ–Ω–æ–º –∑–∞–ø–ª–∞–Ω–æ–≤–∞–Ω–∞ –Ω–∞ 12 –≥—Ä—É–¥–Ω—è**. 

[–ü–Ü–î–ü–ò–°–ê–¢–ò–°–Ø](https://t.me/+8Q-HtSiiit05OTky) ‚úÖ [–ù–∞–¥—ñ—Å–ª–∞—Ç–∏ –∫–æ–Ω—Ç–µ–Ω—Ç](http://t.me/content_tut_bot)",2023-12-10,Political
–í—Å–µ–≤–∏–¥—è—â–µ–µ –û–ö–û üá∫üá¶ | –ù–æ–≤–∏–Ω–∏ –£–∫—Ä–∞—ó–Ω–∞,"üê≥ –ù–∞—á–∞–ª–æ –ø–µ—Ä–µ–≥–æ–≤–æ—Ä–æ–≤ –æ –ø—Ä–∏—Å–æ–µ–¥–∏–Ω–µ–Ω–∏–∏ –∫ –ï–° –£–∫—Ä–∞–∏–Ω–µ **–≤–∞–∂–Ω–µ–µ, —á–µ–º –≤—ã–¥–µ–ª–µ–Ω–∏–µ –¥–æ–ø–æ–ª–Ω–∏—Ç–µ–ª—å–Ω—ã—Ö** **$50 –º–ª—Ä–¥**, ‚Äî [–ó–µ–ª–µ–Ω—Å–∫–∏–π](https://www.ft.com/content/086d90c4-f68f-466f-99fc-f38f67eb59df)

[–ü–û–î–ü–ò–°–ê–¢–¨–°–Ø](https://t.me/+8Q-HtSiiit05OTky) ‚úÖ [–ü—Ä–∏—Å–ª–∞—Ç—å –∫–æ–Ω—Ç–µ–Ω—Ç](http://t.me/content_tut_bot)",2023-12-16,Political
–í—Å–µ–≤–∏–¥—è—â–µ–µ –û–ö–û üá∫üá¶ | –ù–æ–≤–∏–Ω–∏ –£–∫—Ä–∞—ó–Ω–∞,"üê≥üê≥ **–£–∫—Ä–∞–∏–Ω–∞ –Ω–∞—á–∞–ª–∞ –ø–æ–ª–Ω–æ–º–∞—Å—à—Ç–∞–±–Ω–æ –ø—Ä–æ–∏–∑–≤–æ–¥–∏—Ç—å —Å–≤–æ–∏ –ë–ü–õ–ê-–∫–∞–º–∏–∫–∞–¥–∑–µ AQ-400, **‚Äî [Defence Blog](https://defence-blog.com/ukrainian-army-receives-new-aq-400-scythe-drones/?amp)

–û–Ω –º–æ–∂–µ—Ç –Ω–µ—Å—Ç–∏ –¥–æ 32 –∫–≥ –±–æ–µ–≤–æ–π —á–∞—Å—Ç–∏ –∏ —Å–ø–æ—Å–æ–±–µ–Ω –ª–µ—Ç–µ—Ç—å 750 –∫–º. 

–ò–∑–Ω–∞—á–∞–ª—å–Ω–æ –ø–ª–∞–Ω–∏—Ä–æ–≤–∞–ª–æ—Å—å –∏–∑–≥–æ—Ç–æ–≤–ª–µ–Ω–∏–µ –æ–∫–æ–ª–æ 100 —Ç–∞–∫–∏—Ö –≤ –º–µ—Å—è—Ü, –Ω–æ –∫–æ–º–ø–∞–Ω–∏—è —Ö–æ—á–µ—Ç —É–≤–µ–ª–∏—á–∏—Ç—å —ç—Ç–æ —á–∏—Å–ª–æ –≤ 5 —Ä–∞–∑.

[–ü–û–î–ü–ò–°–ê–¢–¨–°–Ø](https://t.me/+8Q-HtSiiit05OTky) ‚úÖ [–ü—Ä–∏—Å–ª–∞—Ç—å –∫–æ–Ω—Ç–µ–Ω—Ç](http://t.me/content_tut_bot)",2023-12-16,Economical
–í—Å–µ–≤–∏–¥—è—â–µ–µ –û–ö–û üá∫üá¶ | –ù–æ–≤–∏–Ω–∏ –£–∫—Ä–∞—ó–Ω–∞,"**–û–¥–Ω–∞ –∞–∫—Ç–∏–≤–Ω–∞—è –ø—å—è–Ω–∫–∞ –æ–ø–∞—Å–Ω–µ–µ –¥–ª—è –ø–µ—á–µ–Ω–∏, —á–µ–º –Ω–µ—Å–∫–æ–ª—å–∫–æ –ø—Ä–∏—ë–º–æ–≤ –∞–ª–∫–æ–≥–æ–ª—è –∑–∞ –Ω–µ–¥–µ–ª—é**, ‚Äî [–∏—Å—Å–ª–µ–¥–æ–≤–∞–Ω–∏–µ](https://www.independent.co.uk/news/health/binge-drinking-alcohol-liver-disease-b2463970.html) 

–û—Ä–≥–∞–Ω–∏–∑–º—É –±—É–¥–µ—Ç –ø—Ä–æ—â–µ, –µ—Å–ª–∏ –≤—ã–ø—å–µ—Ç–µ 2-3 –±–æ–∫–∞–ª–∞ –≤ –¥–µ–Ω—å, —á–µ–º –Ω–µ–¥–µ–ª—å–Ω—É—é –Ω–æ—Ä–º—É –∑–∞ —Ä–∞–∑. 

–£—á–∏—Ç–µ—Å—å –ø—Ä–∞–≤–∏–ª—å–Ω–æ–º—É —É–ø–æ—Ç—Ä–µ–±–ª–µ–Ω–∏—é –∏ –ø–æ–¥–µ–ª–∏—Ç–µ—Å—å —Å –¥—Ä—É–∑—å—è–º–∏.

[–ü–û–î–ü–ò–°–ê–¢–¨–°–Ø](https://t.me/+8Q-HtSiiit05OTky) ‚úÖ [–ü—Ä–∏—Å–ª–∞—Ç—å –∫–æ–Ω—Ç–µ–Ω—Ç](http://t.me/content_tut_bot)",2023-12-17,Other
–í—Å–µ–≤–∏–¥—è—â–µ–µ –û–ö–û üá∫üá¶ | –ù–æ–≤–∏–Ω–∏ –£–∫—Ä–∞—ó–Ω–∞,"**üê≥**** –í ""–î—ñ—ó"" –ø–æ—è–≤—è—Ç—Å—è —ç–ª–µ–∫—Ç—Ä–æ–Ω–Ω—ã–µ –≤–µ—Ç–ø–∞—Å–ø–æ—Ä—Ç–∞ –¥–æ–º–∞—à–Ω–∏—Ö –∂–∏–≤–æ—Ç–Ω—ã—Ö,** ‚Äî [–î–µ–Ω–∏—Å –ë–∞—à–ª—ã–∫](https://espreso.tv/u-dii-zyavlyatsya-vetpasporti-domashnikh-tvarin)

–ü—Ä–µ–∏–º—É—â–µ—Å—Ç–≤–∞ –ø—Ä–∏–Ω—è—Ç–æ–≥–æ –ø–æ—Å—Ç–∞–Ω–æ–≤–ª–µ–Ω–∏—è –¥–ª—è –≤–ª–∞–¥–µ–ª—å—Ü–µ–≤: –±—É–¥–µ—Ç –≤–æ–∑–º–æ–∂–Ω–æ—Å—Ç—å –≤–æ—Å—Å—Ç–∞–Ω–æ–≤–∏—Ç—å –¥–æ–∫—É–º–µ–Ω—Ç—ã –Ω–∞ –∂–∏–≤–æ—Ç–Ω–æ–µ –∏ –ø–æ–¥—Ç–≤–µ—Ä–¥–∏—Ç—å –ø—Ä–∞–≤–æ —Å–æ–±—Å—Ç–≤–µ–Ω–Ω–æ—Å—Ç–∏, –æ–±–ª–µ–≥—á–∏—Ç—Å—è –ø–æ–∏—Å–∫ –ø—Ä–æ–ø–∞–≤—à–∏—Ö –∂–∏–≤–æ—Ç–Ω—ã—Ö, –∞ –≤–ø–æ—Å–ª–µ–¥—Å—Ç–≤–∏–∏ –≤ ""–î—ñ—ó"" –±—É–¥—É—Ç –æ—Ç–æ–±—Ä–∞–∂–∞—Ç—å—Å—è —ç–ª–µ–∫—Ç—Ä–æ–Ω–Ω—ã–µ –≤–µ—Ç–µ—Ä–∏–Ω–∞—Ä–Ω—ã–µ –ø–∞—Å–ø–æ—Ä—Ç–∞.

[–ü–û–î–ü–ò–°–ê–¢–¨–°–Ø](https://t.me/+8Q-HtSiiit05OTky) ‚úÖ [–ü—Ä–∏—Å–ª–∞—Ç—å –∫–æ–Ω—Ç–µ–Ω—Ç](http://t.me/content_tut_bot)",2023-12-20,Other
–í—Å–µ–≤–∏–¥—è—â–µ–µ –û–ö–û üá∫üá¶ | –ù–æ–≤–∏–Ω–∏ –£–∫—Ä–∞—ó–Ω–∞,"‚ùóÔ∏è**‚ùóÔ∏è****–í –ö–∏–µ–≤–µ —à–∞—Ö–µ–¥ –ø—Ä–∏–ª–µ—Ç–µ–ª –ø–æ –∂–∏–ª–æ–º—É –¥–æ–º—É**, ‚Äî –º–µ—Å—Ç–Ω—ã–µ –°–ú–ò

[–ü–û–î–ü–ò–°–ê–¢–¨–°–Ø](https://t.me/+8Q-HtSiiit05OTky) ‚úÖ [–ü—Ä–∏—Å–ª–∞—Ç—å –∫–æ–Ω—Ç–µ–Ω—Ç](http://t.me/content_tut_bot)",2023-12-21,Crisis
–í—Å–µ–≤–∏–¥—è—â–µ–µ –û–ö–û üá∫üá¶ | –ù–æ–≤–∏–Ω–∏ –£–∫—Ä–∞—ó–Ω–∞,"–ó–ú–Ü —Å—Ç–≤–µ—Ä–¥–∂—É—é—Ç—å, —â–æ —Ü–µ –≤—Å–µ, —â–æ –∑–∞–ª–∏—à–∏–ª–æ—Å—è –≤—ñ–¥ –∫–æ—Ä–∞–±–ª—è ""–ù–æ–≤–æ—á–µ—Ä–∫–∞—Å—å–∫"" —É –§–µ–æ–¥–æ—Å—ñ—ó

[–ü–Ü–î–ü–ò–°–ê–¢–ò–°–Ø](https://t.me/+8Q-HtSiiit05OTky) ‚úÖ [–ù–∞–¥—ñ—Å–ª–∞—Ç–∏ –∫–æ–Ω—Ç–µ–Ω—Ç](http://t.me/content_tut_bot)",2023-12-26,Crisis
–í—Å–µ–≤–∏–¥—è—â–µ–µ –û–ö–û üá∫üá¶ | –ù–æ–≤–∏–Ω–∏ –£–∫—Ä–∞—ó–Ω–∞,"**–î–∞–∂–µ —á–∞—Å –Ω–µ–¥–æ—Å—ã–ø–∞ –∑–∞ –æ–¥–Ω—É –Ω–æ—á—å –º–æ–∂–µ—Ç –≤—ã–∑–≤–∞—Ç—å —Ç—Ä–µ–≤–æ–≥—É –∏ –¥–µ–ø—Ä–µ—Å—Å–∏—é**: –∏—Å—Å–ª–µ–¥–æ–≤–∞–Ω–∏–µ **
**
–ü—Å–∏—Ö–æ–ª–æ–≥–∏ [–∑–∞—è–≤–∏–ª–∏](https://nypost.com/2023/12/21/lifestyle/1-or-2-hours-of-lost-sleep-in-a-night-spikes-anxiety-depression/), —á—Ç–æ, –µ—Å–ª–∏ –∏—Å–ø—ã—Ç—É–µ–º—ã–µ –ª–æ–∂–∏–ª–∏—Å—å —Å–ø–∞—Ç—å —Ö–æ—Ç—è –±—ã –Ω–∞ —á–∞—Å –∏–ª–∏ –¥–≤–∞ –ø–æ–∑–∂–µ –æ–±—ã—á–Ω–æ–≥–æ, –∏—Ö —Ä–∞–¥–æ—Å—Ç—å, —Å—á–∞—Å—Ç—å–µ –∏ —É–¥–æ–≤–ª–µ—Ç–≤–æ—Ä–µ–Ω–Ω–æ—Å—Ç—å –ø–∞–¥–∞–ª–∏, –∞ —Ç—Ä–µ–≤–æ–≥–∞ –∏ –ø–æ–≤—ã—à–µ–Ω–Ω–æ–µ –±–µ—Å–ø–æ–∫–æ–π—Å—Ç–≤–æ —É—Å–∏–ª–∏–≤–∞–ª–∏—Å—å. 

–¢–µ–ø–µ—Ä—å –æ–ø–æ–∑–¥–∞–Ω–∏–µ –Ω–∞–∑—ã–≤–∞–µ—Ç—Å—è –Ω–µ ""–ø—Ä–æ—Å–ø–∞–ª"", –∞ ""–ø–æ–∑–∞–±–æ—Ç–∏–ª—Å—è –æ –∑–¥–æ—Ä–æ–≤—å–µ"".

[–ü–û–î–ü–ò–°–ê–¢–¨–°–Ø](https://t.me/+8Q-HtSiiit05OTky) ‚úÖ [–ü—Ä–∏—Å–ª–∞—Ç—å –∫–æ–Ω—Ç–µ–Ω—Ç](http://t.me/content_tut_bot)",2023-12-27,Other
–í—Å–µ–≤–∏–¥—è—â–µ–µ –û–ö–û üá∫üá¶ | –ù–æ–≤–∏–Ω–∏ –£–∫—Ä–∞—ó–Ω–∞,"**–ó–∞ 30 –ª–µ—Ç –≤ –£–∫—Ä–∞–∏–Ω–µ –Ω–µ –Ω–∞—á–∞–ª–∏ –ø—Ä–æ–∏–∑–≤–æ–¥—Å—Ç–≤–æ –æ—Ä—É–∂–∏—è, —Ö–æ—Ç—è —É –Ω–∞—Å –æ–≥—Ä–æ–º–Ω—ã–π –æ–±–æ—Ä–æ–Ω–Ω–æ-–ø—Ä–æ–º—ã—à–ª–µ–Ω–Ω—ã–π –∫–æ–º–ø–ª–µ–∫—Å, –±–æ–ª–µ–µ 250 –ø—Ä–µ–¥–ø—Ä–∏—è—Ç–∏–π**, ‚Äî –ò–≥–Ω–∞—Ç 

üß°–ù–µ—Ç –æ–ø–µ—Ä–∞—Ç–∏–≤–Ω–æ-—Ç–∞–∫—Ç–∏—á–µ—Å–∫–æ–≥–æ —Ä–∞–∫–µ—Ç–Ω–æ–≥–æ –∫–æ–º–ø–ª–µ–∫—Å–∞ ""–ì—Ä–æ–º-2"". 
üß°–ù–µ–ø–æ–Ω—è—Ç–Ω–∞—è —Å–∏—Ç—É–∞—Ü–∏—è —Å —Ç–∞–Ω–∫–∞–º–∏. 
üß°–£–∫—Ä–∞–∏–Ω–∞ –Ω–µ —Å–ø–æ—Å–æ–±–Ω–∞ –±—É–¥–µ—Ç –ø–æ—Å—Ç—Ä–æ–∏—Ç—å —Å–≤–æ–π —Å–∞–º–æ–ª–µ—Ç. –ò–∑ —Å–∞–º–æ–ª–µ—Ç–æ—Å—Ç—Ä–æ–µ–Ω–∏—è –º—ã –∏–º–µ–µ–º –æ–¥–∏–Ω ""–ê–Ω—Ç–æ–Ω–æ–≤"". 

__–ú—ã –ø–æ–∑–¥–Ω–æ –Ω–∞—á–∞–ª–∏ —á—Ç–æ-—Ç–æ –¥–µ–ª–∞—Ç—å. –í—Å—è __–Ω–∞–¥–µ–∂–¥–∞ –Ω–∞ –∑–∞–ø–∞–¥ –∏ –Ω–∞—à–µ —Å –Ω–∏–º–∏ —Å–æ—Ç—Ä—É–¥–Ω–∏—á–µ—Å—Ç–≤–æ__, ‚Äî –∑–∞—è–≤–∏–ª —Å–ø–∏–∫–µ—Ä –ü–°.__

[–ü–û–î–ü–ò–°–ê–¢–¨–°–Ø](https://t.me/+8Q-HtSiiit05OTky) ‚úÖ [–ü—Ä–∏—Å–ª–∞—Ç—å –∫–æ–Ω—Ç–µ–Ω—Ç](http://t.me/content_tut_bot)",2023-12-27,Economical
–í—Å–µ–≤–∏–¥—è—â–µ–µ –û–ö–û üá∫üá¶ | –ù–æ–≤–∏–Ω–∏ –£–∫—Ä–∞—ó–Ω–∞,"**–£–∫—Ä–∞–∏–Ω—Å–∫–∏–µ —Ä–∞–∫–µ—Ç—ã, –∫–æ—Ç–æ—Ä—ã–µ –±—å—é—Ç –ø–æ –ö—Ä—ã–º—É, –Ω–∞–≤–æ–¥—è—Ç —Å–∞–º–æ–ª–µ—Ç—ã-—Ä–∞–∑–≤–µ–¥—á–∏–∫–∏ —Å—Ç—Ä–∞–Ω –ù–ê–¢–û**, ‚Äî [Bild](https://www.bild.de/bild-plus/politik/ausland/politik-ausland/explosionen-erschuettern-krim-putins-riesige-schwachstelle-enthuellt-86544202.bild.html)**
**
–ì–µ–æ–≥—Ä–∞—Ñ–∏—á–µ—Å–∫–æ–µ –ø–æ–ª–æ–∂–µ–Ω–∏–µ –ö—Ä—ã–º–∞ –ø–æ–∑–≤–æ–ª—è–µ—Ç —Å–∞–º–æ–ª—ë—Ç–∞–º-—Ä–∞–∑–≤–µ–¥—á–∏–∫–∞–º –ù–ê–¢–û —Ñ–∏–∫—Å–∏—Ä–æ–≤–∞—Ç—å –∫–∞–∂–¥–æ–µ –ø–µ—Ä–µ–¥–≤–∏–∂–µ–Ω–∏–µ –∏ —Ä–∞–¥–∏–æ—Å–æ–æ–±—â–µ–Ω–∏–µ –í–° –†–§ –Ω–∞ –ø–æ–ª—É–æ—Å—Ç—Ä–æ–≤–µ –∏ –ø–µ—Ä–µ–¥–∞–≤–∞—Ç—å –∏–Ω—Ñ—É –í–°–£. 

–ü–æ —Å–ª–æ–≤–∞–º –†—ë–ø–∫–µ, **–ö—Ä—ã–º ‚Äî —Å–ª–∏—à–∫–æ–º —Å–ª–∞–±–æ–µ –º–µ—Å—Ç–æ –ü—É—Ç–∏–Ω–∞.**

[–ü–û–î–ü–ò–°–ê–¢–¨–°–Ø](https://t.me/+8Q-HtSiiit05OTky) ‚úÖ [–ü—Ä–∏—Å–ª–∞—Ç—å –∫–æ–Ω—Ç–µ–Ω—Ç](http://t.me/content_tut_bot)",2023-12-28,Crisis
–í—Å–µ–≤–∏–¥—è—â–µ–µ –û–ö–û üá∫üá¶ | –ù–æ–≤–∏–Ω–∏ –£–∫—Ä–∞—ó–Ω–∞,"üî• –í –ì–£–† –æ–ø—É–±–ª–∏–∫–æ–≤–∞–ª–∏ –∫–∞–¥—Ä—ã —Å–ø–µ—Ü–æ–ø–µ—Ä–∞—Ü–∏–∏ –≤ –†–§, –≤ —Ä–µ–∑—É–ª—å—Ç–∞—Ç–µ –∫–æ—Ç–æ—Ä–æ–π **—É–Ω–∏—á—Ç–æ–∂–µ–Ω –∏—Å—Ç—Ä–µ–±–∏—Ç–µ–ª—å-–±–æ–º–±–∞—Ä–¥–∏—Ä–æ–≤—â–∏–∫ –°—É-34**

[–ü–û–î–ü–ò–°–ê–¢–¨–°–Ø](https://t.me/+8Q-HtSiiit05OTky) ‚úÖ [–ü—Ä–∏—Å–ª–∞—Ç—å –∫–æ–Ω—Ç–µ–Ω—Ç](http://t.me/content_tut_bot)",2024-01-04,Crisis
–í—Å–µ–≤–∏–¥—è—â–µ–µ –û–ö–û üá∫üá¶ | –ù–æ–≤–∏–Ω–∏ –£–∫—Ä–∞—ó–Ω–∞,"üê≥üê≥ **–ï–° –ø–æ–æ–±–µ—â–∞–ª –¥–∞—Ç—å –¥–µ–Ω—å–≥–∏ –£–∫—Ä–∞–∏–Ω–µ  –¥–æ –º–∞—Ä—Ç–∞**, ‚Äî [Euractive](https://www.euractiv.com/section/europe-s-east/news/whats-next-for-ukraine-over-to-eu-and-washington/) —Å–æ —Å—Å—ã–ª–∫–æ–π –Ω–∞ –∏—Å—Ç–æ—á–Ω–∏–∫–∏ –≤ –ï–≤—Ä–æ—Å–æ—é–∑–µ

[–ü–û–î–ü–ò–°–ê–¢–¨–°–Ø](https://t.me/+8Q-HtSiiit05OTky) ‚úÖ [–ü—Ä–∏—Å–ª–∞—Ç—å –∫–æ–Ω—Ç–µ–Ω—Ç](http://t.me/content_tut_bot)",2024-01-10,Economical
–í—Å–µ–≤–∏–¥—è—â–µ–µ –û–ö–û üá∫üá¶ | –ù–æ–≤–∏–Ω–∏ –£–∫—Ä–∞—ó–Ω–∞,"–ü–∞—Ä–µ–Ω—å –∫–∞–∫-—Ç–æ —Ä–µ—à–∏–ª –ø–æ–∫–æ—Ä–º–∏—Ç—å —É–ª–∏—á–Ω–æ–≥–æ –∫–æ—Ç–∏–∫–∞ –∏ —á–µ—Ä–µ–∑ –Ω–µ—Å–∫–æ–ª—å–∫–æ –¥–Ω–µ–π –ø—É—à–∏—Å—Ç—ã–π –ø—Ä–∏—à–µ–ª –∫ –Ω–µ–º—É —Å–æ –≤—Å–µ–π —Å–≤–æ–µ–π —Å–µ–º—å—ë–π

–¢–µ–ø–µ—Ä—å —É —á–µ–ª–∞ —Å–æ–±—Å—Ç–≤–µ–Ω–Ω–∞—è —Å–µ–º—å—è –∫–æ—Ç–æ–≤.

[–ü–û–î–ü–ò–°–ê–¢–¨–°–Ø](https://t.me/+8Q-HtSiiit05OTky) ‚úÖ [–ü—Ä–∏—Å–ª–∞—Ç—å –∫–æ–Ω—Ç–µ–Ω—Ç](http://t.me/content_tut_bot)",2024-01-16,Other
–í—Å–µ–≤–∏–¥—è—â–µ–µ –û–ö–û üá∫üá¶ | –ù–æ–≤–∏–Ω–∏ –£–∫—Ä–∞—ó–Ω–∞,"–ï—â–µ –∫–∞–¥—Ä—ã –∏–∑ –•–∞—Ä—å–∫–æ–≤–∞: —Ä–∞–∑—Ä—É—à–µ–Ω–Ω—ã–π –∂–∏–ª–æ–π –¥–æ–º, ‚Äî –ø–æ–ª–∏—Ü–∏—è 

11 –ª—é–¥–µ–π –ø–æ—Å—Ç—Ä–∞–¥–∞–ª–∏. –†–∞–∑—Ä—É—à–µ–Ω—ã –º–Ω–æ–≥–æ–∫–≤–∞—Ä—Ç–∏—Ä–Ω—ã–µ –∂–∏–ª—ã–µ –¥–æ–º–∞, —É—á–µ–±–Ω–æ–µ –∑–∞–≤–µ–¥–µ–Ω–∏–µ. 

[–ü–û–î–ü–ò–°–ê–¢–¨–°–Ø](https://t.me/+8Q-HtSiiit05OTky) ‚úÖ [–ü—Ä–∏—Å–ª–∞—Ç—å –∫–æ–Ω—Ç–µ–Ω—Ç](http://t.me/content_tut_bot)",2024-01-23,Crisis
–í—Å–µ–≤–∏–¥—è—â–µ–µ –û–ö–û üá∫üá¶ | –ù–æ–≤–∏–Ω–∏ –£–∫—Ä–∞—ó–Ω–∞,"**–í–æ–µ–Ω–Ω—ã–π —Å–∞–º–æ–ª–µ—Ç –ò–ª-76 —É–ø–∞–ª –≤ –ë–µ–ª–≥–æ—Ä–æ–¥—Å–∫–æ–π –æ–±–ª–∞—Å—Ç–∏**, ‚Äî —Ä–æ—Å–°–ú–ò

–ù–∞ –±–æ—Ä—Ç—É –±—ã–ª–æ 63 —á–µ–ª–æ–≤–µ–∫–∞. –ò—Ö —Å—É–¥—å–±–∞ —É—Ç–æ—á–Ω—è–µ—Ç—Å—è.

[–ü–û–î–ü–ò–°–ê–¢–¨–°–Ø](https://t.me/+8Q-HtSiiit05OTky) ‚úÖ [–ü—Ä–∏—Å–ª–∞—Ç—å –∫–æ–Ω—Ç–µ–Ω—Ç](http://t.me/content_tut_bot)",2024-01-24,Crisis
–í—Å–µ–≤–∏–¥—è—â–µ–µ –û–ö–û üá∫üá¶ | –ù–æ–≤–∏–Ω–∏ –£–∫—Ä–∞—ó–Ω–∞,"**¬´–•–æ—á–µ—à —Ö–ª–æ–ø—á–∏–∫–∞ —ó–±–∞—Ç—å - –Ω—É–∂–Ω–æ –º–Ω–æ–≥–æ —Ä–∞–±–æ—Ç–ê—Ç—å¬ª**

–ì–æ–ª–∞—è –≤–µ—á–µ—Ä–∏–Ω–∫–∞ –¥–ª—è –º—É–∂—á–∏–Ω –≤ –æ–¥–Ω–æ–º –∏–∑ –æ—Ç–µ–ª–µ–π –Ω–∞ –≥–æ—Ä–Ω–æ–ª—ã–∂–Ω–æ–º –∫—É—Ä–æ—Ä—Ç–µ ¬´–î—Ä–∞–≥–æ–±—Ä–∞—Ç¬ª.

[–ü–û–î–ü–ò–°–ê–¢–¨–°–Ø](https://t.me/+8Q-HtSiiit05OTky) ‚úÖ [–ü—Ä–∏—Å–ª–∞—Ç—å –∫–æ–Ω—Ç–µ–Ω—Ç](http://t.me/content_tut_bot)",2024-01-27,Other
–í—Å–µ–≤–∏–¥—è—â–µ–µ –û–ö–û üá∫üá¶ | –ù–æ–≤–∏–Ω–∏ –£–∫—Ä–∞—ó–Ω–∞,"–ù–∞ –ë–∞–ª–∏ —Å—Ç—Ä–∞—à–Ω–æ–µ –Ω–∞—à–µ—Å—Ç–≤–∏–µ –æ–≥—Ä–æ–º–Ω—ã—Ö –ø–∞—É–∫–æ–≤, **–∫–æ—Ç–æ—Ä—ã–µ –±—É–∫–≤–∞–ª—å–Ω–æ –ø–æ–≤—Å—é–¥—É

**[–ü–û–î–ü–ò–°–ê–¢–¨–°–Ø](https://t.me/+8Q-HtSiiit05OTky) ‚úÖ [–ü—Ä–∏—Å–ª–∞—Ç—å –∫–æ–Ω—Ç–µ–Ω—Ç](http://t.me/content_tut_bot)",2024-02-02,Crisis
–í—Å–µ–≤–∏–¥—è—â–µ–µ –û–ö–û üá∫üá¶ | –ù–æ–≤–∏–Ω–∏ –£–∫—Ä–∞—ó–Ω–∞,"‚ùóÔ∏è–ñ–∏—Ç–µ–ª–∏ –ö–∏–µ–≤–∞ –∏ —Ä–∞–π–æ–Ω–∞ **—Å–æ–æ–±—â–∞—é—Ç –æ —á–∞—Å—Ç–∏—á–Ω–æ–º –æ—Ç—Å—É—Ç—Å—Ç–≤–∏–∏ —Å–≤–µ—Ç–∞ –∏ –≤–æ–¥–æ—Å–Ω–∞–±–∂–µ–Ω–∏—è**

[–ü–û–î–ü–ò–°–ê–¢–¨–°–Ø](https://t.me/+8Q-HtSiiit05OTky) ‚úÖ [–ü—Ä–∏—Å–ª–∞—Ç—å –∫–æ–Ω—Ç–µ–Ω—Ç](http://t.me/content_tut_bot)",2024-02-07,Crisis
–í—Å–µ–≤–∏–¥—è—â–µ–µ –û–ö–û üá∫üá¶ | –ù–æ–≤–∏–Ω–∏ –£–∫—Ä–∞—ó–Ω–∞,"**–í—ñ—Ç–∞—î–º–æ –¥—Ä—É–∑—ñ!–î–æ –í–∞—Å –∑–≤–µ—Ä—Ç–∞—é—Ç—å—Å—è –±—ñ–π—Ü—ñ 3-—ó –æ–∫—Ä–µ–º–æ—ó —à—Ç—É—Ä–º–æ–≤–æ—ó –±—Ä–∏–≥–∞–¥–∏ —ñ–∑ –ø—Ä–æ—Ö–∞–Ω–Ω—è–º –ø—ñ–¥—Ç—Ä–∏–º–∞—Ç–∏ –∑–±—ñ—Ä –∫–æ—à—Ç—ñ–≤ –Ω–∞ —Ä–µ–º–æ–Ω—Ç –¥–≤–æ—Ö –∞–≤—Ç–æ–º–æ–±—ñ–ª–µ–π, –±–æ —Å–ø—Ä–∞–≤–Ω–µ –∞–≤—Ç–æ —Ü–µ –∑–∞–ø–æ—Ä—É–∫–∞ –∑–±–µ—Ä–µ–∂–µ–Ω–Ω—è –∂–∏—Ç—Ç—è –Ω–∞—à–∏—Ö –ó–∞—Ö–∏—Å–Ω–∏–∫—ñ–≤.
–î—É–∂–µ —Ä–æ–∑—Ä–∞—Ö–æ–≤—É—î–º–æ –Ω–∞ –í–∞—à—É –ø—ñ–¥—Ç—Ä–∏–º–∫—É!
–°–ª–∞–≤–∞ –£–∫—Ä–∞—ó–Ω—ñüá∫üá¶

üîó–º–æ–Ω–æ–±–∞–Ω–∫–∞
****https://send.monobank.ua/jar/5AQGJ5eAoA****

üí≥ –º–æ–Ω–æ–±–∞–Ω–∫
****5375411214582517****

üí≥ –ø—Ä–∏–≤–∞—Ç–±–∞–Ω–∫
****4149499379383100****
–ê–±–æ **[–º–∏—Ç—Ç—î–≤–∏–π –ø–µ—Ä–µ–∫–∞–∑](https://www.privat24.ua/send/bm0px) 
**
–ó–≤—ñ—Ç–∏ –¥–∏–≤—ñ—Ç—å—Å—è –Ω–∞ –∫–∞–Ω–∞–ª—ñ**‚¨áÔ∏è
üá∫üá¶[–ë—É–¥–Ω—ñ –≤–æ–ª–æ–Ω—Ç–µ—Ä—ñ–≤](https://t.me/volunteers_new_hope)üá∫üá¶

**–ü–æ –ø–∏—Ç–∞–Ω–Ω—è—Ö —â–æ–¥–æ –∑–±–æ—Ä—É –ø–∏—à—ñ—Ç—å ****@dmytro_newhope**",2024-02-07,Crisis
–í—Å–µ–≤–∏–¥—è—â–µ–µ –û–ö–û üá∫üá¶ | –ù–æ–≤–∏–Ω–∏ –£–∫—Ä–∞—ó–Ω–∞,"‚ùóÔ∏è**–ú–æ–±–∏–ª–∏–∑–∞—Ü–∏—è –¥–æ–ª–∂–Ω–∞ –±—ã—Ç—å ""–∑–∞–º–æ—Ç–∏–≤–∏—Ä–æ–≤–∞–Ω–∞""**, ‚Äî –Ω–∞—Ä–¥–µ–ø –ö–æ—Å—Ç–µ–Ω–∫–æ

–°—Ä–µ–¥–∏ –≤–∞—Ä–∏–∞–Ω—Ç–æ–≤ –º–æ—Ç–∏–≤–∞—Ü–∏–∏ –æ–Ω –ø—Ä–µ–¥–ª–æ–∂–∏–ª —Ç–∞–∫–∏–µ: 
‚ñ´Ô∏è**–£–Ω–∏—á—Ç–æ–∂–µ–Ω–∏–µ —Ä–æ—Å—Å–∏–π—Å–∫–æ–π —Ç–µ—Ö–Ω–∏–∫–∏ –∑–∞ –≤–æ–∑–Ω–∞–≥—Ä–∞–∂–¥–µ–Ω–∏–µ**. 
‚ñ´Ô∏è–ü—Ä–µ–º–∏–∏ –∑–∞ –ø–æ–¥–ø–∏—Å–∞–Ω–∏–µ –∫–æ–Ω—Ç—Ä–∞–∫—Ç–∞ —Å –í–°–£. 
‚ñ´Ô∏è–í–≤–æ–∑ –∞–≤—Ç–æ –±–µ–∑ –æ–ø–ª–∞—Ç—ã –ø–æ—à–ª–∏–Ω—ã –¥–ª—è –≤–æ–µ–Ω–Ω—ã—Ö, –∫–æ—Ç–æ—Ä—ã–µ –ø—Ä–æ–±—ã–ª–∏ –Ω–∞ –ø–æ–ª–µ –±–æ—è 12 –º–µ—Å—è—Ü–µ–≤.

__–≠—Ç—É –≤–æ–π–Ω—É –Ω–µ–≤–æ–∑–º–æ–∂–Ω–æ –≤—ã–∏–≥—Ä–∞—Ç—å –Ω–µ–ø—Ä–æ—Ñ–µ—Å—Å–∏–æ–Ω–∞–ª—å–Ω—ã–º –º–æ–±–∏–ª–∏–∑–∞—Ü–∏–æ–Ω–Ω—ã–º —Ä–µ—Å—É—Ä—Å–æ–º. –ï—Å—Ç—å –¥–≤–∞ –ø—É—Ç–∏: –º–æ–∂–Ω–æ –Ω–∞–±—Ä–∞—Ç—å –µ—â–µ 500 —Ç—ã—Å. –∏ –≤–æ–µ–≤–∞—Ç—å –¥–∞–ª—å—à–µ, –∞ **–º–æ–∂–Ω–æ –≤–∑—è—Ç—å 100 —Ç—ã—Å. –º–æ—Ç–∏–≤–∏—Ä–æ–≤–∞–Ω–Ω—ã—Ö –ª—é–¥–µ–π –∏ –≤–µ—Å—Ç–∏ —Å –Ω–∏–º–∏ –≤–æ–π–Ω—É –ø—Ä–æ—Ñ–µ—Å—Å–∏–æ–Ω–∞–ª—å–Ω–æ**, ‚Äî —Å–∫–∞–∑–∞–ª –æ–Ω.____

__[–ü–û–î–ü–ò–°–ê–¢–¨–°–Ø](https://t.me/+8Q-HtSiiit05OTky) ‚úÖ [–ü—Ä–∏—Å–ª–∞—Ç—å –∫–æ–Ω—Ç–µ–Ω—Ç](http://t.me/content_tut_bot)",2024-02-10,Political
–í—Å–µ–≤–∏–¥—è—â–µ–µ –û–ö–û üá∫üá¶ | –ù–æ–≤–∏–Ω–∏ –£–∫—Ä–∞—ó–Ω–∞,"‚ùï**–ò–∑–≤–µ—Å—Ç–Ω–æ —É–∂–µ –æ 7 –ø–æ–≥–∏–±—à–∏—Ö** **–≤ –•–∞—Ä—å–∫–æ–≤–µ –ø–æ—Å–ª–µ –ø—Ä–∏–ª—ë—Ç–æ–≤ ¬´–®–∞—Ö–µ–¥–æ–≤¬ª**, ‚Äî [–û–í–ê](https://t.me/synegubov/8356)

–°—Ä–µ–¥–∏ –ø–æ–≥–∏–±—à–∏—Ö ‚Äî —Ç—Ä–æ–µ –¥–µ—Ç–µ–π.

[–ü–û–î–ü–ò–°–ê–¢–¨–°–Ø](https://t.me/+8Q-HtSiiit05OTky) ‚úÖ [–ü—Ä–∏—Å–ª–∞—Ç—å –∫–æ–Ω—Ç–µ–Ω—Ç](http://t.me/content_tut_bot)",2024-02-10,Crisis
–í—Å–µ–≤–∏–¥—è—â–µ–µ –û–ö–û üá∫üá¶ | –ù–æ–≤–∏–Ω–∏ –£–∫—Ä–∞—ó–Ω–∞,"–ù–∞—á–Ω–µ—Ç—Å—è –≤–æ–µ–Ω–Ω–∞—è –∞–≥—Ä–µ—Å—Å–∏—è ‚Äî —è, –∫–∞–∫ –±—ã–≤—à–∏–π —Å–æ–ª–¥–∞—Ç, **–≤–æ–∑—å–º—É –∞–≤—Ç–æ–º–∞—Ç –≤ —Ä—É–∫–∏ –∏ –ø–æ–π–¥—É –≤–æ–µ–≤–∞—Ç—å**, - –ö–ª–∏—á–∫–æ

[–ü–û–î–ü–ò–°–ê–¢–¨–°–Ø](https://t.me/+8Q-HtSiiit05OTky) ‚úÖ [–ü—Ä–∏—Å–ª–∞—Ç—å –∫–æ–Ω—Ç–µ–Ω—Ç](http://t.me/content_tut_bot)",2024-02-12,Political
–í—Å–µ–≤–∏–¥—è—â–µ–µ –û–ö–û üá∫üá¶ | –ù–æ–≤–∏–Ω–∏ –£–∫—Ä–∞—ó–Ω–∞,"**–°–æ–≤–µ—Ç–Ω–∏–∫ –≥–ª–∞–≤—ã –û–ü –ü–æ–¥–æ–ª—è–∫ **[**–ø–æ–¥—Ç–≤–µ—Ä–¥–∏–ª,**](https://www.youtube.com/watch?v=L4WnzINyJYY)** —á—Ç–æ –µ–≥–æ —Å—Ç–∞—Ä—à–∏–π –±—Ä–∞—Ç –∂–∏–≤–µ—Ç –≤ –ú–æ—Å–∫–≤–µ
**
__–ï—Å–ª–∏ —á–µ–ª–æ–≤–µ–∫—É 60 –ª–µ—Ç, –º–Ω–µ 51, —è –¥–æ–ª–∂–µ–Ω –Ω–µ—Å—Ç–∏ –æ—Ç–≤–µ—Ç—Å—Ç–≤–µ–Ω–Ω–æ—Å—Ç—å –∑–∞ –¥—Ä—É–≥–∏—Ö –ª—é–¥–µ–π? –õ—é–¥–∏ –≤ –°–æ–≤–µ—Ç—Å–∫–æ–º –°–æ—é–∑–µ –≤—ã–±—Ä–∞–ª–∏ –∂–∏—Ç—å –≤ –¥—Ä—É–≥–æ–π —Å—Ç—Ä–∞–Ω–µ. –Ø –Ω–µ –º–æ–≥—É –Ω–µ—Å—Ç–∏ –æ—Ç–≤–µ—Ç—Å—Ç–≤–µ–Ω–Ω–æ—Å—Ç—å –∑–∞ –¥—Ä—É–≥–∏—Ö –≤–∑—Ä–æ—Å–ª—ã—Ö –ª—é–¥–µ–π, —Ç–æ—á–Ω–æ —Ç–∞–∫ –∂–µ –∫–∞–∫ –∏ –°—ã—Ä—Å–∫–∏–π –∏ –ª—é–±–æ–π –¥—Ä—É–≥–æ–π —á–µ–ª–æ–≤–µ–∫, —Ä–æ–¥–∏–≤—à–∏–π—Å—è –≤ –°–æ–≤–µ—Ç—Å–∫–æ–º –°–æ—é–∑–µ. –ö –ö–ì–ë –∏ –§–°–ë –º–æ–∏ —Ä–æ–¥—Å—Ç–≤–µ–Ω–Ω–∏–∫–∏ –Ω–∏–∫–æ–≥–¥–∞ –Ω–µ –æ—Ç–Ω–æ—Å–∏–ª–∏—Å—å, ‚Äî –∑–∞—è–≤–∏–ª –æ–Ω. __

–ü–æ–¥–æ–ª—è–∫ –≥–æ–≤–æ—Ä–∏—Ç, —á—Ç–æ —Å –±—Ä–∞—Ç–æ–º –∏–º–µ–µ—Ç —Ä–∞–∑–Ω—ã–µ –≤–∑–≥–ª—è–¥—ã –∏ –Ω–µ –æ–±—â–∞–µ—Ç—Å—è.

[–ü–û–î–ü–ò–°–ê–¢–¨–°–Ø](https://t.me/+8Q-HtSiiit05OTky) ‚úÖ [–ü—Ä–∏—Å–ª–∞—Ç—å –∫–æ–Ω—Ç–µ–Ω—Ç](http://t.me/content_tut_bot)",2024-02-14,Political
–í—Å–µ–≤–∏–¥—è—â–µ–µ –û–ö–û üá∫üá¶ | –ù–æ–≤–∏–Ω–∏ –£–∫—Ä–∞—ó–Ω–∞,"¬´**–ú–Ω–µ –Ω–µ –ø–æ–¥—Ö–æ–¥–∏—Ç –≤–∞—Ä–∏–∞–Ω—Ç —Ç–∞–∫–æ–≥–æ —è–≤–ª–µ–Ω–∏—è –∫–∞–∫ –£–∫—Ä–∞–∏–Ω–∞¬ª**

–¢–µ —Å–∞–º—ã–µ –º–∏—Ä–Ω—ã–µ –∂–∏—Ç–µ–ª–∏ –ê–≤–¥–µ–µ–≤–∫–∏, –∫–æ—Ç–æ—Ä—ã–µ –æ—Å—Ç–∞–≤–∞–ª–∏—Å—å –≤ –≥–æ—Ä–æ–¥–µ –¥–æ –ø–æ—Å–ª–µ–¥–Ω–µ–≥–æ.

[–ü–û–î–ü–ò–°–ê–¢–¨–°–Ø](https://t.me/+8Q-HtSiiit05OTky) ‚úÖ [–ü—Ä–∏—Å–ª–∞—Ç—å –∫–æ–Ω—Ç–µ–Ω—Ç](http://t.me/content_tut_bot)",2024-02-19,Other
–í—Å–µ–≤–∏–¥—è—â–µ–µ –û–ö–û üá∫üá¶ | –ù–æ–≤–∏–Ω–∏ –£–∫—Ä–∞—ó–Ω–∞,"**–ò—Ä–∞–Ω –æ—Ç–ø—Ä–∞–≤–ª—è–µ—Ç —Å–≤–æ–∏—Ö –¥–æ–±—Ä–æ–≤–æ–ª—å—Ü–µ–≤ —ç–ª–∏—Ç–Ω–æ–≥–æ —Ñ–æ—Ä–º–∏—Ä–æ–≤–∞–Ω–∏—è ¬´–ö–æ—Ä–ø—É—Å —Å—Ç—Ä–∞–∂–µ–π –ò—Å–ª–∞–º—Å–∫–æ–π —Ä–µ–≤–æ–ª—é—Ü–∏–∏¬ª –≤–æ–µ–≤–∞—Ç—å –∑–∞ –†–æ—Å—Å–∏—é**. –§–æ—Ç–æ –ø—É–±–ª–∏–∫—É—é—Ç —Ä–æ—Å—Å–∏–π—Å–∫–∏–µ —Ç–≥-–∫–∞–Ω–∞–ª—ã 

–°–æ–æ–±—â–∞–µ—Ç—Å—è, —á—Ç–æ –æ–Ω–∏ –Ω–∞—Ö–æ–¥—è—Ç—Å—è –≥–¥–µ-—Ç–æ –Ω–∞ –î–æ–Ω–±–∞—Å—Å–µ.

[–ü–û–î–ü–ò–°–ê–¢–¨–°–Ø](https://t.me/+8Q-HtSiiit05OTky) ‚úÖ [–ü—Ä–∏—Å–ª–∞—Ç—å –∫–æ–Ω—Ç–µ–Ω—Ç](http://t.me/content_tut_bot)",2024-02-19,Crisis
–í—Å–µ–≤–∏–¥—è—â–µ–µ –û–ö–û üá∫üá¶ | –ù–æ–≤–∏–Ω–∏ –£–∫—Ä–∞—ó–Ω–∞,"‚ùï**–í –£–∫—Ä–∞–∏–Ω–µ —Å–Ω–æ–≤–∞ –∑–∞–∑–≤—É—á–∞–ª–∏ —Ä–∞–∑–≥–æ–≤–æ—Ä—ã –æ –Ω–µ–æ–±—Ö–æ–¥–∏–º–æ—Å—Ç–∏ –≤–µ—Ä–Ω—É—Ç—å —Å—Ç—Ä–∞–Ω–µ —è–¥–µ—Ä–Ω—ã–π —Å—Ç–∞—Ç—É—Å.** –ü—Ä–æ —Ç–æ, —á—Ç–æ –Ω—É–∂–Ω–æ —Å–æ–∑–¥–∞—Ç—å —Å–≤–æ—é –∞—Ç–æ–º–Ω—É—é –±–æ–º–±—É, –≥–æ–≤–æ—Ä–∏–ª–∏ –∏ —Ä–∞–Ω–µ–µ. 

**–ú–æ–∂–µ—Ç –ª–∏ –£–∫—Ä–∞–∏–Ω–∞ –ø—Ä–æ–∏–∑–≤–µ—Å—Ç–∏ —Å–æ–±—Å—Ç–≤–µ–Ω–Ω–æ–µ –Ø–û? –ß—Ç–æ –¥–ª—è —ç—Ç–æ–≥–æ –Ω—É–∂–Ω–æ? –ß—Ç–æ —Å–¥–µ–ª–∞—é—Ç —Å –£–∫—Ä–∞–∏–Ω–æ–π, –µ—Å–ª–∏ –æ–Ω–∞ –Ω–∞—á–Ω–µ—Ç —ç—Ç–æ –¥–µ–ª–∞—Ç—å?**

–û—Ç–≤–µ—Ç–∏–ª–∏ –Ω–∞ —ç—Ç–∏ –∏–Ω—Ç–µ—Ä–µ—Å–Ω—ã–µ –≤–æ–ø—Ä–æ—Å—ã –≤ –Ω–∞—à–µ–º –∞–Ω–∞–ª–∏—Ç–∏—á–µ—Å–∫–æ–º –∫–∞–Ω–∞–ª–µ - https://t.me/oko_analytics/88",2024-02-19,Political
–í—Å–µ–≤–∏–¥—è—â–µ–µ –û–ö–û üá∫üá¶ | –ù–æ–≤–∏–Ω–∏ –£–∫—Ä–∞—ó–Ω–∞,"**–°—Ç—Ä–µ–ª—è–ª–∏ –∏–∑ –∫–∞–∫–æ–≥–æ-—Ç–æ –Ω–µ–∏–∑–≤–µ—Å—Ç–Ω–æ–≥–æ –æ—Ä—É–∂–∏—è. –ù–µ Patriot, –∞ —á—Ç–æ-—Ç–æ –ø–æ—Å–µ—Ä—å–µ–∑–Ω–µ–µ**, ‚Äî —Ä–æ—Å–°–ú–ò 

–ü–æ–≥–∏–±–ª–∏ –æ—Ç 12 –¥–æ 17 —Ä—É—Å—Å–∫–∏—Ö.

[–ü–û–î–ü–ò–°–ê–¢–¨–°–Ø](https://t.me/+8Q-HtSiiit05OTky) ‚úÖ [–ü—Ä–∏—Å–ª–∞—Ç—å –∫–æ–Ω—Ç–µ–Ω—Ç](http://t.me/content_tut_bot)",2024-02-23,Crisis
–í—Å–µ–≤–∏–¥—è—â–µ–µ –û–ö–û üá∫üá¶ | –ù–æ–≤–∏–Ω–∏ –£–∫—Ä–∞—ó–Ω–∞,"24 —Ñ–µ–≤—Ä–∞–ª—è –∏ —Ä–æ—Å—Å–∏–π—Å–∫–∏–µ –°–ú–ò 

[–ü–û–î–ü–ò–°–ê–¢–¨–°–Ø](https://t.me/+8Q-HtSiiit05OTky) ‚úÖ [–ü—Ä–∏—Å–ª–∞—Ç—å –∫–æ–Ω—Ç–µ–Ω—Ç](http://t.me/content_tut_bot)",2024-02-23,Other
–í—Å–µ–≤–∏–¥—è—â–µ–µ –û–ö–û üá∫üá¶ | –ù–æ–≤–∏–Ω–∏ –£–∫—Ä–∞—ó–Ω–∞,"**¬´–ú—ã –≤–∑—è–ª–∏ –Ω–∞—Å–µ–ª–µ–Ω–Ω—ã–π –ø—É–Ω–∫—Ç –ë–∞–π–¥–µ–Ω –∏ –ú–µ—Ä–∫–µ–ª—å, –∞ –¢—Ä–∞–º–ø –Ω–µ –≤–∑—è–ª–∏¬ª**

–ü–ª–µ–Ω–Ω—ã–π —Ä—É—Å—Å–∫–∏–π [–ø–æ–¥–µ–ª–∏–ª—Å—è](https://www.youtube.com/watch?v=s8ZqzLVsj1o) –∏—Å—Ç–æ—Ä–∏–µ–π –æ —Ç–æ–º, –∫–∞–∫ –∞—Ä–º–∏—è –†–§ –≤—ã–¥—É–º–∞–Ω–Ω—ã–µ –Ω.–ø. –∑–∞—Ö–≤–∞—Ç—ã–≤–∞–ª–∞.

[–ü–û–î–ü–ò–°–ê–¢–¨–°–Ø](https://t.me/+8Q-HtSiiit05OTky) ‚úÖ [–ü—Ä–∏—Å–ª–∞—Ç—å –∫–æ–Ω—Ç–µ–Ω—Ç](http://t.me/content_tut_bot)",2024-02-27,Crisis
–í—Å–µ–≤–∏–¥—è—â–µ–µ –û–ö–û üá∫üá¶ | –ù–æ–≤–∏–Ω–∏ –£–∫—Ä–∞—ó–Ω–∞,"–ò—Å–ø–∞–Ω—Å–∫–∏–µ —Ñ–µ—Ä–º–µ—Ä—ã **—Ä–∞—Å–∫–∏–¥–∞–ª–∏ –ø–æ–º–∏–¥–æ—Ä—ã –∏–∑ –¥–µ—Å—è—Ç–∫–∞ —Ñ—É—Ä –∏ –ø–µ—Ä–µ–∫—Ä—ã–ª–∏ –¥–æ—Ä–æ–≥–∏ **

–≠—Ç–æ –≤—Å—ë ‚Äî –ø—Ä–æ—Ç–µ—Å—Ç –ø—Ä–æ—Ç–∏–≤ –∏–º–ø–æ—Ä—Ç–Ω—ã—Ö —Ç–æ–≤–∞—Ä–æ–≤.

[–ü–û–î–ü–ò–°–ê–¢–¨–°–Ø](https://t.me/+8Q-HtSiiit05OTky) ‚úÖ [–ü—Ä–∏—Å–ª–∞—Ç—å –∫–æ–Ω—Ç–µ–Ω—Ç](http://t.me/content_tut_bot)",2024-02-28,Economical
–õ–∞—á–µ–Ω –ø–∏—à–µ,‚ö†Ô∏è –ß–µ—Ä–Ω—ñ–≥—ñ–≤ —Ç–∞ –ø–µ—Ä–µ–¥–º—ñ—Å—Ç—è. –£–≤–∞–∂–Ω–æ.,2023-08-01,Crisis
–õ–∞—á–µ–Ω –ø–∏—à–µ,"–î–ë–† –ø–æ–≤—ñ–¥–æ–º–∏–ª–æ –ø—Ä–æ –ø—ñ–¥–æ–∑—Ä—É –≤—ñ–π—Å—å–∫–æ–≤–æ–º—É –∫–æ–º—ñ—Å–∞—Ä—É –æ–¥–Ω–æ–≥–æ –∑ —Ä–∞–π–æ–Ω—ñ–≤ –ó–∞–∫–∞—Ä–ø–∞—Ç—Ç—è, —è–∫–∏–π –∑–º—É—à—É–≤–∞–≤ —Å–æ–ª–¥–∞—Ç –±—É–¥—É–≤–∞—Ç–∏ –π–æ–≥–æ –º–∞—î—Ç–æ–∫.

–ë—É–ª–æ –≤–∏–ª—É—á–µ–Ω–æ $3.5 —Ç–∏—Å., –∞—Ç—Ä–∏–±—É—Ç–∏–∫—É –†–§ (–º–æ–Ω–µ—Ç–∏, –¥–æ–∫—É–º–µ–Ω—Ç–∏ –ø—Ä–æ –∑–¥–æ–±—É—Ç—Ç—è –æ—Å–≤—ñ—Ç–∏), –ø–æ—Å–≤—ñ–¥—á–µ–Ω–Ω—è –æ—Ñ—ñ—Ü–µ—Ä–∞ –ú–û –°–†–°–†.",2023-08-02,Corruption
–õ–∞—á–µ–Ω –ø–∏—à–µ,"–°–ë–£, –≤–∏ —Ç–∞–º –Ω–∞ –∫–∞–Ω–∞–ª—ñ —Ö–æ—Ç—å –º–∞—è–∫–Ω—ñ—Ç—å —è–∫–æ—Å—å",2023-08-04,Corruption
–õ–∞—á–µ–Ω –ø–∏—à–µ,"–°—Ç–∞–Ω–æ–º –Ω–∞ 01:05.

> –î–æ 15-—Ç–∏ –±–æ—Ä—Ç—ñ–≤ —Å—Ç—Ä–∞—Ç–µ–≥—ñ—á–Ω–æ—ó –∞–≤—ñ–∞—Ü—ñ—ó –¢—É-95–ú–° —É –ø–æ–≤—ñ—Ç—Ä—ñ, —Ä—É—Ö–∞—é—Ç—å—Å—è –Ω–∞ –ø—É—Å–∫–æ–≤—ñ —Ä—É–±–µ–∂—ñ. –ù–µ –≤—Å—ñ –∑ –Ω–∏—Ö —Å–ø–æ—Ä—è–¥–∂–µ–Ω—ñ —Ä–∞–∫–µ—Ç–∞–º–∏;
> –ë–ª—è—à–∞–Ω–∫–∏ —É –≤–∏–≥–ª—è–¥—ñ –ë–ü–õ–ê –Ω–∞ –•–º–µ–ª—å–Ω–∏—á—á–∏–Ω—ñ;
> –ö—Ä–∏–ª–∞—Ç—ñ —Ä–∞–∫–µ—Ç–∏ ¬´–ö–∞–ª—ñ–±—Ä¬ª —É –Ω–∞–ø—Ä—è–º–∫—É –ö–∏—ó–≤—â–∏–Ω–∏.",2023-08-05,Crisis
–õ–∞—á–µ–Ω –ø–∏—à–µ,"[–ó–±—ñ—Ä –¥–ª—è —Å–ø–µ—Ü–ø—ñ–¥—Ä–æ–∑–¥—ñ–ª—É –Ω–∞ 18 –¥—Ä–æ–Ω—ñ–≤-–∫–∞–º—ñ–∫–∞–¥–∑–µ](https://www.instagram.com/reel/CvUFVevuiCJ/?igshid=MzRlODBiNWFlZA==) ¬´–†—É–±–∞–∫–∞¬ª –∑ –¥–∞–ª—å–Ω—ñ—Å—Ç—é –ø–æ–ª—å–æ—Ç—É 500 –∫–º.

–ó—ñ–±—Ä–∞–Ω–æ –≤–∂–µ –º–∞–π–∂–µ 7 –º—ñ–ª—å–π–æ–Ω—ñ–≤ –∑ 10, —Ç–æ–∂ –¥–∞–≤–∞–π—Ç–µ –¥–æ–±‚Äô—î–º–æ ü´° 

–ó—ñ–±—Ä–∞–ª–∏, –≤–∏ –Ω–∞–π–∫—Ä–∞—â—ñ ‚ù§Ô∏è",2023-08-07,Crisis
–õ–∞—á–µ–Ω –ø–∏—à–µ,"01:40

> –ó –ö–∏—ó–≤—â–∏–Ω–∏ —Ç—Ä–∏–º–∞—é—Ç—å —Ç—Ä–∞–µ–∫—Ç–æ—Ä—ñ—é —É –∑–∞—Ö—ñ–¥–Ω–æ–º—É –Ω–∞–ø—Ä—è–º–∫—É.

–ë—ñ–ª–∞ –¶–µ—Ä–∫–≤–∞ ‚Äî —Ä—É—Ö —á–µ—Ä–µ–∑ –≤–∞—Å.",2023-08-09,Crisis
–õ–∞—á–µ–Ω –ø–∏—à–µ,"–ü–æ–ª—å—â–∞ –∑–±—ñ–ª—å—à–∏—Ç—å –∫—ñ–ª—å–∫—ñ—Å—Ç—å –≤—ñ–π—Å—å–∫–æ–≤–∏—Ö –Ω–∞ –∫–æ—Ä–¥–æ–Ω—ñ –∑ –ë—ñ–ª–æ—Ä—É—Å—Å—é **–¥–æ 10 —Ç–∏—Å—è—á, **‚Äî –º—ñ–Ω—ñ—Å—Ç—Ä –æ–±–æ—Ä–æ–Ω–∏.",2023-08-10,Political
–õ–∞—á–µ–Ω –ø–∏—à–µ,"–ñ–∏—Ç–æ–º–∏—Ä—Å—å–∫–∞, –í—ñ–Ω–Ω–∏—Ü—å–∫–∞, –•–º–µ–ª—å–Ω–∏—Ü—å–∫–∞, –ß–µ—Ä–Ω—ñ–≤–µ—Ü—å–∫–∞ - –≤ —É–∫—Ä–∏—Ç—Ç—è!",2023-08-11,Crisis
–õ–∞—á–µ–Ω –ø–∏—à–µ,"**–ü–æ–∂–µ–∂–∞ –≤–∏–Ω–∏–∫–ª–∞ –Ω–∞ —Ç–µ—Ä–∏—Ç–æ—Ä—ñ—ó –î–µ—Ä–∂–∞–≤–Ω–æ–≥–æ –Ω–∞—É–∫–æ–≤–æ-–¥–æ—Å–ª—ñ–¥–Ω–æ–≥–æ –µ–∫—Å–ø–µ—Ä—Ç–Ω–æ-–∫—Ä–∏–º—ñ–Ω–∞–ª—ñ—Å—Ç–∏—á–Ω–æ–≥–æ —Ü–µ–Ω—Ç—Ä—É –ú–í–° —É —Å–∫–ª–∞–¥—Å—å–∫–æ–º—É –ø—Ä–∏–º—ñ—â–µ–Ω–Ω—ñ, **‚Äî –ú–í–°.

–ü–æ—Å—Ç—Ä–∞–∂–¥–∞–ª–∏ –ø—Ä–∞—Ü—ñ–≤–Ω–∏–∫–∏ –µ–∫—Å–ø–µ—Ä—Ç–Ω–æ—ó —Å–ª—É–∂–±–∏.

UPD: **–í–∏–±—É—Ö —Å—Ç–∞–≤—Å—è —á–µ—Ä–µ–∑ –¥–µ—Ç–æ–Ω–∞—Ü—ñ—é –ø—ñ–¥ —á–∞—Å –µ–∫—Å–ø–µ—Ä—Ç–∏–∑–∏ –≤–∏–±—É—Ö–æ–Ω–µ–±–µ–∑–ø–µ—á–Ω–∏—Ö –ø—Ä–µ–¥–º–µ—Ç—ñ–≤.**",2023-08-19,Crisis
–õ–∞—á–µ–Ω –ø–∏—à–µ,–í–∂–µ –≤—ñ–¥–æ–º–æ –ø—Ä–æ 6 –∑–∞–≥–∏–±–ª–∏—Ö,2023-08-19,Crisis
–õ–∞—á–µ–Ω –ø–∏—à–µ,–î–æ –ö–∏—î–≤–∞ —Ç–∞–∫–æ–∂ –ø—Ä–∏–±—É–≤ –ø—Ä–µ–∑–∏–¥–µ–Ω—Ç –õ–∏—Ç–≤–∏,2023-08-23,Political
–õ–∞—á–µ–Ω –ø–∏—à–µ,"–û—Ü–µ —è —Ä–æ–∑—É–º—ñ—é –ø–æ—á–∞—Ç–æ–∫ 24 —Å–µ—Ä–ø–Ω—è 

–ì–£–† –∑–≤—ñ—Å–Ω–æ —Ä–µ–∫—Å–∏, —Å—Ç—ñ–ª—å–∫–∏ –æ–ø–µ—Ä–∞—Ü—ñ–π –≤–∏–∫–æ–Ω—É—é—Ç—å, –±—ñ–ª—å—à—ñ—Å—Ç—å —è–∫–∏—Ö –∑–∞–ª–∏—à–∏—Ç—å—Å—è —É —Ç–∞—î–º–Ω–∏—Ü—ñ",2023-08-24,Crisis
–õ–∞—á–µ–Ω –ø–∏—à–µ,"**–¢—Ä–∏–≤–∞—î —Ä–æ–∑—Å–ª—ñ–¥—É–≤–∞–Ω–Ω—è —Ç–æ–≥–æ, —â–æ —Å—Ç–∞–ª–æ—Å—è. **–î–µ—Ç–∞–ª—ñ –≥–æ–≤–æ—Ä–∏—Ç–∏ –∑–∞—Ä–∞–Ω–æ. –ó–≤–∏—á–∞–π–Ω–æ, –±—É–¥—É—Ç—å –∑ º—è—Å–æ–≤–∞–Ω—ñ –≤—Å—ñ –æ–±—Å—Ç–∞–≤–∏–Ω–∏ ‚Äî –ó–µ–ª–µ–Ω—Å—å–∫–∏–π",2023-08-26,Political
–õ–∞—á–µ–Ω –ø–∏—à–µ,"04:10

> –†–∞–∫–µ—Ç–∏ —Ä—É—Ö–∞—é—Ç—å—Å—è —É –Ω–∞–ø—Ä—è–º–∫—É –ö–∏—î–≤–∞. –ú–æ–∂—É—Ç—å –º–∞–Ω–µ–≤—Ä—É–≤–∞—Ç–∏.",2023-08-27,Crisis
–õ–∞—á–µ–Ω –ø–∏—à–µ,"**–¢–∞–º —É COMFY –î–ù –∑—ñ –∑–Ω–∏–∂–∫–∞–º–∏ –¥–æ -50% **–Ω–∞ –∫—É–ø—É –≤—Å—å–æ–≥–æ +** **—à–≤–∏–¥–∫–∞ –¥–æ—Å—Ç–∞–≤–∫–∞ –∑–∞ 1 –≥—Ä–Ω –ø–æ –≤—Å—ñ–π –£–∫—Ä–∞—ó–Ω—ñ.

–î–ª—è –º–µ–Ω–µ [COMFY](https://comfy.ua/ua/den-narodzhennya/?utm_source=socialmedia&utm_medium=telegram&utm_id=lachen) —Ç–æ–ø–æ–≤—ñ, —Ç–æ–º—É, —è–∫—â–æ —Ö–æ—Ç—ñ–ª–∏ —â–æ—Å—å –ø—Ä–∏–¥–±–∞—Ç–∏ ‚Äî –∑–∞—Ä–∞–∑ –Ω–∞–π–∫—Ä–∞—â–∞ –º–æ–∂–ª–∏–≤—ñ—Å—Ç—å.",2023-08-28,Other
–õ–∞—á–µ–Ω –ø–∏—à–µ,üí• –í–∏–±—É—Ö —É —Ç.–æ. –ë–µ—Ä–¥—è–Ω—Å—å–∫—É.,2023-09-02,Crisis
–õ–∞—á–µ–Ω –ø–∏—à–µ,"–í–Ω–æ—á—ñ —Ä—É—Å–Ω—è –∞—Ç–∞–∫—É–≤–∞–ª–∞ –±–µ–∑–ø—ñ–ª–æ—Ç–Ω–∏–∫–∞–º–∏ –ø—ñ–≤–¥–µ–Ω–Ω—ñ —Ä–∞–π–æ–Ω–∏ –û–¥–µ—â–∏–Ω–∏. 

–ó–±–∏—Ç–æ 22 –∑ 25",2023-09-03,Crisis
–õ–∞—á–µ–Ω –ø–∏—à–µ,"**‚ùóÔ∏è –°–®–ê –ø–µ—Ä–µ–¥–∞—é—Ç—å –£–∫—Ä–∞—ó–Ω—ñ —Å–Ω–∞—Ä—è–¥–∏ –∑—ñ –∑–±—ñ–¥–Ω–µ–Ω–∏–º —É—Ä–∞–Ω–æ–º –¥–ª—è —Ç–∞–Ω–∫—ñ–≤ Abrams** –≤ —Ä–∞–º–∫–∞—Ö –ø–∞–∫–µ—Ç—É –Ω–∞ 175 –º—ñ–ª—å–π–æ–Ω–∏ –¥–æ–ª–∞—Ä—ñ–≤, ‚Äî –ü–µ–Ω—Ç–∞–≥–æ–Ω.

–£ –Ω—å–æ–≥–æ —Ç–∞–∫–æ–∂ —É–≤—ñ–π—à–ª–∏ –æ–±–ª–∞–¥–Ω–∞–Ω–Ω—è –¥–ª—è –ü–ü–û, –±–æ—î–ø—Ä–∏–ø–∞—Å–∏ –¥–ª—è HIMARS, –º—ñ–Ω–æ–º–µ—Ç–Ω—ñ —Å–∏—Å—Ç–µ–º–∏ —Ç–∞ —Å–Ω–∞—Ä—è–¥–∏ —Ç–∞ –ø–æ–Ω–∞–¥ 3 –º—ñ–ª—å–π–æ–Ω–∏ –ø–∞—Ç—Ä–æ–Ω—ñ–≤ –¥–æ —Å—Ç—Ä—ñ–ª–µ—Ü—å–∫–æ—ó –∑–±—Ä–æ—ó.",2023-09-06,Political
–õ–∞—á–µ–Ω –ø–∏—à–µ,üí• –í–∏–±—É—Ö–∏ —É —Ç.–æ. –î–æ–Ω–µ—Ü—å–∫—É.,2023-09-14,Crisis
–õ–∞—á–µ–Ω –ø–∏—à–µ,"–ö–∏—ó–≤ —Ç–∞ –Ω–∏–∑–∫–∞ –æ–±–ª–∞—Å—Ç–µ–π ‚Äî –ø–æ–≤—ñ—Ç—Ä—è–Ω–∞ —Ç—Ä–∏–≤–æ–≥–∞. –ó–∞–≥—Ä–æ–∑–∞ –±–∞–ª—ñ—Å—Ç–∏–∫–∏.

UPD. –í—ñ–¥–±—ñ–π.",2023-09-16,Crisis
–õ–∞—á–µ–Ω –ø–∏—à–µ,"–ü–∏—à—É—Ç—å, —â–æ –≤ –î–æ–Ω–µ—Ü—å–∫—É –ø—Ä–∏–ª–µ—Ç—ñ–ª–æ –ø–æ –∞–¥–º—ñ–Ω—ñ—Å—Ç—Ä–∞—Ü—ñ—ó –ø–µ—Ç—É—à–∏–ª—ñ–Ω–∞",2023-09-18,Crisis
–õ–∞—á–µ–Ω –ø–∏—à–µ,–ü—ñ–≤–¥–µ–Ω—å ‚Äî –∑–∞–≥—Ä–æ–∑–∞ —Ä–∞–Ω—ñ—à–µ –∑–∞–ø—É—â–µ–Ω–∏—Ö –ë–ü–õ–ê –∑ –ö—Ä–∏–º—É.,2023-09-25,Crisis
–õ–∞—á–µ–Ω –ø–∏—à–µ,–†—É—Å–Ω—è –Ω–∞–Ω–µ—Å–ª–∞ –∞–≤—ñ–∞—É–¥–∞—Ä –ø–æ –∫–æ–∫—Å–æ—Ö—ñ–º—É —É –ê–≤–¥—ñ—ó–≤—Ü—ñ,2023-09-28,Crisis
–õ–∞—á–µ–Ω –ø–∏—à–µ,"–†–∞–∫–µ—Ç–Ω–∞ –Ω–µ–±–µ–∑–ø–µ–∫–∞ —É –æ–±–ª–∞—Å—Ç—è—Ö, –¥–µ –æ–≥–æ–ª–æ—à–µ–Ω–∞ —Ç—Ä–∏–≤–æ–≥–∞.",2023-10-19,Crisis
–õ–∞—á–µ–Ω –ø–∏—à–µ,"–£–∫—Ä–∞—ó–Ω—Å—å–∫—ñ –≤—ñ–π—Å—å–∫–æ–≤—ñ –º–æ—Ä—è–∫–∏ –±–µ—Ä—É—Ç—å —É—á–∞—Å—Ç—å —É –±–∞–≥–∞—Ç–æ–Ω–∞—Ü—ñ–æ–Ω–∞–ª—å–Ω–æ–º—É –Ω–∞–≤—á–∞–Ω–Ω—ñ ""Joint Warrior -23-–Ü–Ü"", ‚Äî –í–ú–° –ó–°–£.

–ù–∞–≤—á–∞–Ω–Ω—è –ø—Ä–æ—Ö–æ–¥—è—Ç—å —É –º–µ–∂–∞—Ö —Ç–µ—Ä–∏—Ç–æ—Ä—ñ–∞–ª—å–Ω–∏—Ö –≤–æ–¥ –ë—Ä–∏—Ç–∞–Ω—ñ—ó –∑–∞ —É—á–∞—Å—Ç—ñ –≤—ñ–π—Å—å–∫ –í–µ–ª–∏–∫–æ—ó –ë—Ä–∏—Ç–∞–Ω—ñ—ó, –∞ —Ç–∞–∫–æ–∂ —Å—É–¥–µ–Ω –ù—ñ–¥–µ—Ä–ª–∞–Ω–¥—ñ–≤, –ë–µ–ª—å–≥—ñ—ó, –ü–æ–ª—å—â—ñ, –ù—ñ–º–µ—á—á–∏–Ω–∏, –î–∞–Ω—ñ—ó —Ç–∞ –£–∫—Ä–∞—ó–Ω–∏.",2023-10-23,Political
–õ–∞—á–µ–Ω –ø–∏—à–µ,–ù–∞—á–∞–ª—å–Ω–∏–∫ –ì–µ–Ω–µ—Ä–∞–ª—å–Ω–æ–≥–æ —à—Ç–∞–±—É –ß–µ—Ö—ñ—ó –ø—Ä–∏–±—É–≤ –¥–æ –ö–∏—î–≤–∞ —ñ –ø—Ä–æ–≤—ñ–≤ –ø–µ—Ä–µ–≥–æ–≤–æ—Ä–∏ –∑ –≥–æ–ª–æ–≤–Ω–æ–∫–æ–º–∞–Ω–¥—É–≤–∞—á–µ–º –ó–°–£ –í–∞–ª–µ—Ä—ñ—î–º –ó–∞–ª—É–∂–Ω–∏–º.,2023-11-02,Political
–õ–∞—á–µ–Ω –ø–∏—à–µ,–û–¥–µ—Å–∞ ‚Äî —É–∫—Ä–∏—Ç—Ç—è.,2023-11-10,Crisis
–õ–∞—á–µ–Ω –ø–∏—à–µ,"**‚ö°Ô∏è –û—Ñ—ñ—Ü—ñ–π–Ω–æ: –ù—ñ–º–µ—á—á–∏–Ω–∞ –ø–æ–¥–≤–æ—ó—Ç—å –≤—ñ–π—Å—å–∫–æ–≤—É –¥–æ–ø–æ–º–æ–≥—É –£–∫—Ä–∞—ó–Ω—ñ –∑ 4 –º–ª—Ä–¥ –¥–æ 8 –º–ª—Ä–¥ —î–≤—Ä–æ —É –Ω–∞—Å—Ç—É–ø–Ω–æ–º—É —Ä–æ—Ü—ñ**, ‚Äî –º—ñ–Ω—ñ—Å—Ç—Ä –æ–±–æ—Ä–æ–Ω–∏ –§–†–ù.

ü§ùü§ùü§ùü§ùü§ù",2023-11-12,Political
–õ–∞—á–µ–Ω –ø–∏—à–µ,–ú–æ—Å–∫–æ–≤—Å—å–∫–∞ –æ–±–ª–∞—Å—Ç—å ‚Äî —Ä–æ–±–æ—Ç–∞ –ü–ü–û –ø–æ –ë–ü–õ–ê.,2023-11-19,Crisis
–õ–∞—á–µ–Ω –ø–∏—à–µ,"–ï–∫—Å–≥–æ–ª–æ–≤–∞ –î–µ—Ä–∂—Å–ø–µ—Ü–∑–≤‚Äô—è–∑–∫—É –©–∏–≥–æ–ª—å, –Ω–∞—Ä–¥–µ–ø –û–¥–∞—Ä—á–µ–Ω–∫–æ —Ç–∞ –∑–∞–±—É–¥–æ–≤–Ω–∏–∫ –ö–æ–ø–∏—Å—Ç–∏—Ä–∞ [–≤–∏–π—à–ª–∏ —ñ–∑ –°–Ü–ó–û](https://t.me/fuckcorruption/2662), —É –≤—Å—ñ—Ö —Ç—Ä—å–æ—Ö –≤–∏–ø–∞–¥–∫–∞—Ö –≤–Ω–µ—Å–µ–Ω–æ –∑–∞—Å—Ç–∞–≤—É, –≤–∏–∑–Ω–∞—á–µ–Ω—É —Å—É–¥–æ–º. 

–ü—ñ—Å–ª—è –≤–∏—Ö–æ–¥—É —ñ–∑ –°–Ü–ó–û, —É—Å—ñ –ø—ñ–¥–æ–∑—Ä—é–≤–∞–Ω—ñ –ø–æ–≤–∏–Ω–Ω—ñ –±—É–¥—É—Ç—å –¥–æ—Ç—Ä–∏–º—É–≤–∞—Ç–∏—Å—è —Ä—è–¥—É –æ–±–æ–≤'—è–∑–∫—ñ–≤, –∑–æ–∫—Ä–µ–º–∞ —É—Ç—Ä–∏–º–∞—Ç–∏—Å—è –≤—ñ–¥ —Å–ø—ñ–ª–∫—É–≤–∞–Ω–Ω—è –∑ —Å–≤—ñ–¥–∫–∞–º–∏ —á–∏ —ñ–Ω—à–∏–º–∏ –ø—ñ–¥–æ–∑—Ä—é–≤–∞–Ω–∏–º–∏, –∑–¥–∞—Ç–∏ –ø–∞—Å–ø–æ—Ä—Ç–∏ –¥–ª—è –≤–∏—ó–∑–¥—É –∑–∞ –∫–æ—Ä–¥–æ–Ω —Ç–∞ –Ω–æ—Å–∏—Ç–∏ –µ–ª–µ–∫—Ç—Ä–æ–Ω–Ω–∏–π –±—Ä–∞—Å–ª–µ—Ç.

–ü—Ä–æ—Å—Ç–æ —Ü–∏—Ä–∫)",2023-11-24,Corruption
–õ–∞—á–µ–Ω –ø–∏—à–µ,"00:15

–£ –ø–µ—Ä–µ–¥–º—ñ—Å—Ç—ñ —Å—Ç–æ–ª–∏—Ü—ñ –ø—Ä–∞—Ü—é—î –ü–ü–û. –ó–∞–≥—Ä–æ–∑–∞ –∑–±–µ—Ä—ñ–≥–∞—î—Ç—å—Å—è.

–†—É—Ö –≥—Ä—É–ø–æ–∫ –ë–ü–õ–ê —Ç—Ä–∞–Ω–∑–∏—Ç–Ω–æ –ø—Ä–æ–¥–æ–≤–∂—É—î—Ç—å—Å—è –∑–∞ —Ç–∏–º –∂ —Å–∞–º–∏–º –Ω–∞–ø—Ä—è–º–∫–æ–º:

–ó–∞–ø–æ—Ä—ñ–∑—å–∫–∞ –æ–±–ª–∞—Å—Ç—å ‚Üí –î–Ω—ñ–ø—Ä–æ–ø–µ—Ç—Ä–æ–≤—â–∏–Ω–∞ ‚Üí –ü–æ–ª—Ç–∞–≤—â–∏–Ω–∞/–ß–µ—Ä–∫–∞—â–∏–Ω–∞ ‚Üí –ö–∏—ó–≤—â–∏–Ω–∞.",2023-11-25,Crisis
–õ–∞—á–µ–Ω –ø–∏—à–µ,"–ü–æ–≤—ñ—Ç—Ä—è–Ω—ñ —Å–∏–ª–∏ –£–∫—Ä–∞—ó–Ω–∏ –Ω–µ –±—É–¥—É—Ç—å –æ–≥–æ–ª–æ—à—É–≤–∞—Ç–∏ —Ç—Ä–∏–≤–æ–≥—É, —è–∫—â–æ —Ä–æ—Å—ñ–π—Å—å–∫–∏–π –ú—ñ–ì-31–ö –Ω–µ —Å—Ç–∞–Ω–æ–≤–∏—Ç—å –∑–∞–≥—Ä–æ–∑–∏, ‚Äî —Ä–µ—á–Ω–∏–∫ –ü–æ–≤—ñ—Ç—Ä—è–Ω–∏—Ö –°–∏–ª.

–ê–ª–µ —Ç–æ—á–Ω–æ –¥—ñ–∑–Ω–∞—Ç–∏—Å—è –ø—Ä–æ —Ü–µ –Ω–µ –∑–∞–≤–∂–¥–∏ –º–æ–∂–ª–∏–≤–æ.",2023-12-04,Political
–õ–∞—á–µ–Ω –ø–∏—à–µ,"–ü–æ—Ä–æ—à–µ–Ω–∫–æ –ø—ñ–¥—Ç–≤–µ—Ä–¥–∏–≤, —â–æ –π–æ–≥–æ –Ω–µ –≤–∏–ø—É—Å—Ç–∏–ª–∏ –∑–∞ –∫–æ—Ä–¥–æ–Ω –ø–µ—Ä–µ–∫–æ–Ω—É–≤–∞—Ç–∏ –ª—ñ–¥–µ—Ä—ñ–≤ ""—Å–∫–µ–ø—Ç–∏—á–Ω–∏—Ö –¥–µ—Ä–∂–∞–≤"" –Ñ–°, –∞ —Å–∞–º–µ –∑ –û—Ä–±–∞–Ω–æ–º.

–î–æ —Ü—å–æ–≥–æ, —É –π–æ–≥–æ –ø–∞—Ä—Ç—ñ—ó –Ω—ñ–±–∏—Ç–æ –∑–∞—è–≤–ª—è–ª–∏, —â–æ –ü–æ—Ä–æ—à–µ–Ω–∫–æ –Ω–µ –º–∞–≤ –ø–ª–∞–Ω—ñ–≤ –∑—É—Å—Ç—Ä—ñ—Ç–∏—Å—è –∑ –û—Ä–±–∞–Ω–æ–º. –ö—Ä—ñ–º —Ç–æ–≥–æ, —É –ø–∞—Ä—Ç—ñ—ó –∑–≤–∏–Ω—É–≤–∞—Ç–∏–ª–∏ –≤–ª–∞–¥—É —É —Ç–æ–º—É, —â–æ –≤–æ–Ω–∞ –Ω–µ –≤–∏–ø—É—Å—Ç–∏–ª–∞ –∑–∞ –∫–æ—Ä–¥–æ–Ω —ñ–Ω—à–∏—Ö –¥–µ–ø—É—Ç–∞—Ç—ñ–≤ –≤—ñ–¥ ¬´–Ñ–≤—Ä–æ–ø–µ–π—Å—å–∫–æ—ó –°–æ–ª—ñ–¥–∞—Ä–Ω–æ—Å—Ç—ñ¬ª.",2023-12-04,Political
–õ–∞—á–µ–Ω –ø–∏—à–µ,–£ –ö–∏—î–≤—ñ –≤—ñ–¥–∫—Ä–∏–ª–∏ –ø–∞–º'—è—Ç–Ω–∏–∫ –ì–µ—Ä–æ—é –£–∫—Ä–∞—ó–Ω–∏ –û–ª–µ–∫—Å–∞–Ω–¥—Ä—É –ú–∞—Ü—ñ—î–≤—Å—å–∫–æ–º—É,2023-12-06,Other
–õ–∞—á–µ–Ω –ø–∏—à–µ,"**–ó–∞ –≤–µ—Å—å —á–∞—Å –ø–ª–∞—Ç—Ñ–æ—Ä–º—ñ **[**UNITED24**](https://t.me/U24_gov_ua/3639)** –∑–∞–¥–æ–Ω–∞—Ç–∏–ª–∏ 500 –º–ª–Ω –¥–æ–ª–∞—Ä—ñ–≤ **

–ö–æ—à—Ç–∏ –∫–æ–Ω–≤–µ—Ä—Ç—É–≤–∞–ª–∏ —É —Ç–∏—Å—è—á—ñ –ë–ø–ê–ö, –ø–µ—Ä—à–∏–π —Ñ–ª–æ—Ç –º–æ—Ä—Å—å–∫–∏—Ö –¥—Ä–æ–Ω—ñ–≤, —Ä–µ–∞–Ω—ñ–º–æ–±—ñ–ª—ñ –∫–ª–∞—Å—É –°, –±—Ä–æ–Ω–µ–∞–≤—Ç—ñ–≤–∫–∏ —à–≤–∏–¥–∫–æ—ó –¥–æ–ø–æ–º–æ–≥–∏, —Å–æ—Ç–Ω—ñ –≥–µ–Ω–µ—Ä–∞—Ç–æ—Ä—ñ–≤ —Ç–∞ —ñ–Ω—à–æ–≥–æ –æ–±–ª–∞–¥–Ω–∞–Ω–Ω—è –¥–ª—è –ª—ñ–∫–∞—Ä–µ–Ω—å. 

–¢–∞–∫–æ–∂ —ó—Ö –≤–∏–¥—ñ–ª–∏–ª–∏ –Ω–∞ –≤—ñ–¥–±—É–¥—ñ–≤–ª—é 22 –º–æ—Å—Ç—ñ–≤, 2 –ª—ñ–∫–∞—Ä–µ–Ω—å —ñ –ø–µ—Ä—à–æ–≥–æ –≤ –£–∫—Ä–∞—ó–Ω—ñ –¶–µ–Ω—Ç—Ä—É –ø—Ä–æ—Ç–∏–º—ñ–Ω–Ω–æ—ó –¥—ñ—è–ª—å–Ω–æ—Å—Ç—ñ. 18 –±–∞–≥–∞—Ç–æ–∫–≤–∞—Ä—Ç–∏—Ä–Ω–∏—Ö –±—É–¥–∏–Ω–∫—ñ–≤ —Ç–∞ —à–∫–æ–ª–∏ –≤–∂–µ –≤—ñ–¥–±—É–¥–æ–≤—É—é—Ç—å—Å—è.

UNITED24 –¥–æ–Ω–∞—Ç–∏–ª–∏ –∑—ñ 110 –∫—Ä–∞—ó–Ω —Å–≤—ñ—Ç—É.

–¢—É—Ç —ñ –≤–∞—à—ñ –¥–æ–Ω–∞—Ç–∏, –¥—É–∂–µ –≤–∞–º –≤–¥—è—á–Ω–∏–π –∑–∞ –ø—ñ–¥—Ç—Ä–∏–º–∫—É –±–∞–≥–∞—Ç—å–æ—Ö –ø—Ä–æ—î–∫—Ç—ñ–≤ ü´Ç",2023-12-07,Economical
–õ–∞—á–µ–Ω –ø–∏—à–µ,"–î–ë–† —Å–ø—ñ–ª—å–Ω–æ –∑ –º—ñ—Å—Ü–µ–≤–æ—é –ø–æ–ª—ñ—Ü—ñ—î—é –ø—Ä–æ–≤–µ–ª–æ –æ–±—à—É–∫–∏ –≤ —ñ—Å–ø–∞–Ω—Å—å–∫—ñ–π –Ω–µ—Ä—É—Ö–æ–º–æ—Å—Ç—ñ –∫–æ–ª–∏—à–Ω—å–æ–≥–æ –≤—ñ–π—Å—å–∫–∫–æ–º–∞ –û–¥–µ—Å–∏ —è–∫–∏–π –∑–∞—Ä–∞–∑ —É –°–Ü–ó–û, –º–∞–π–Ω–æ –∞—Ä–µ—à—Ç–æ–≤–∞–Ω–æ",2023-12-14,Corruption
–õ–∞—á–µ–Ω –ø–∏—à–µ,"–ó–∞–≤–¥—è–∫–∏ –≤–∞—à–∏–º –¥–æ–Ω–∞—Ç–∞–º 12 –∞–≤—Ç—ñ–≤–æ–∫ –æ—Ç—Ä–∏–º–∞–ª–∏ –≤—ñ–π—Å—å–∫–æ–≤—ñ –ø—ñ–¥—Ä–æ–∑–¥—ñ–ª—ñ–≤:
- –°–°–û
- –†–£–ë–ø–ê–ö –ù–ì–£ ""–†—É–±—ñ–∂""
- –ì–£–† –ú–û
- 117 –û–ú–ë—Ä
- –°–∏–ª–∏ –ü–ü–û (–ü–µ–ø—ñ—Ç–æ-–º–æ–±—ñ–ª—å!)
- 12 –±—Ä–∏–≥–∞–¥–∞ –ù–ì–£ ""–ê–ó–û–í""
- 58 –û–ú–ü–ë—Ä
- 78 –ø–æ–ª–∫ –î–®–í
- 47 –û–ú–ë—Ä

–í—Å–µ —Ü–µ –∑–∞–≤–¥—è–∫–∏ –≤–∞—à—ñ–π –Ω–µ–±–∞–π–¥—É–∂–æ—Å—Ç—ñ. –î—è–∫—É—é üíî",2023-12-22,Crisis
–õ–∞—á–µ–Ω –ø–∏—à–µ,–ü–æ–≤—ñ—Å—Ç–∫–∞ –ø—Ä–æ –≤–∏–∫–ª–∏–∫ –¥–æ –¢–¶–ö –º–æ–∂–µ –±—É—Ç–∏ –Ω–∞–¥—ñ—Å–ª–∞–Ω–∞ –≥—Ä–æ–º–∞–¥—è–Ω–∏–Ω—É —á–µ—Ä–µ–∑ –µ–ª–µ–∫—Ç—Ä–æ–Ω–Ω–∏–π –∫–∞–±—ñ–Ω–µ—Ç –≤—ñ–π—Å—å–∫–æ–≤–æ–∑–æ–±–æ–≤‚Äô—è–∑–∞–Ω–æ–≥–æ –∞–±–æ –Ω–∞ –µ–ª–µ–∫—Ç—Ä–æ–Ω–Ω—É –ø–æ—à—Ç—É.,2023-12-25,Political
–õ–∞—á–µ–Ω –ø–∏—à–µ,–ü–æ–≤—ñ—Ç—Ä—è–Ω—ñ –°–∏–ª–∏ üí™üèª,2024-01-05,Crisis
–õ–∞—á–µ–Ω –ø–∏—à–µ,"–ó–∞—Ö–∏—Å–Ω–∏–∫—É –ú–∞—Ä—ñ—É–ø–æ–ª—è —Ç–∞ –ê–∑–æ–≤—Å—Ç–∞–ª—ñ –∑ –ø–æ–∑–∏–≤–Ω–∏–º –°–º—É—Ä—Ñ, —è–∫–∏–π 10 –º—ñ—Å—è—Ü—ñ–≤ –±—É–≤ —É –ø–æ–ª–æ–Ω—ñ, –Ω–µ –¥–∞–ª–∏ –£–ë–î.

ü§¶üèª‚Äç‚ôÇÔ∏èü§¶üèª‚Äç‚ôÇÔ∏èü§¶üèª‚Äç‚ôÇÔ∏è",2024-01-05,Other
–õ–∞—á–µ–Ω –ø–∏—à–µ,"07:32

> –¢–µ, —â–æ –∑–∞–ª–∏—à–∏–ª–æ—Å—å –≤—ñ–¥ –≥—Ä—É–ø —Ä–∞–∫–µ—Ç ‚Äì –º–∞–Ω–µ–≤—Ä—É—î –Ω–∞ –•–º–µ–ª—å–Ω–∏—á—á–∏–Ω—ñ. –í–µ–¥–µ—Ç—å—Å—è –±–æ–π–æ–≤–∞ —Ä–æ–±–æ—Ç–∞. 

–ë–µ–∑ —ñ–Ω—à–∏—Ö –∑–∞–≥—Ä–æ–∑ —Å—Ç–∞–Ω–æ–º –Ω–∞ –∑–∞—Ä–∞–∑.",2024-01-08,Crisis
–õ–∞—á–µ–Ω –ø–∏—à–µ,"–í—ñ–¥–±—ñ–π —Ç—Ä–∏–≤–æ–≥, —Å–∏–ª–∏ –ü–ü–û üôèüèª",2024-01-08,Crisis
–õ–∞—á–µ–Ω –ø–∏—à–µ,–†–æ–±–æ—Ç–∞ –î–°–ù–° –Ω–∞ –•–∞—Ä–∫—ñ–≤—â–∏–Ω—ñ üíî,2024-01-08,Crisis
–õ–∞—á–µ–Ω –ø–∏—à–µ,"–£–∫—Ä–∞—ó–Ω—Å—å–∫—ñ –ë–ü–õ–ê —É –Ω—ñ—á –Ω–∞ 18 —Å—ñ—á–Ω—è –∞—Ç–∞–∫—É–≤–∞–ª–∏ –Ω–∞—Ñ—Ç–æ–±–∞–∑—É –≤ –õ–µ–Ω—ñ–Ω–≥—Ä–∞–¥—Å—å–∫—ñ–π –æ–±–ª–∞—Å—Ç—ñ –†–§. –¶–µ —Å–ø–µ—Ü–æ–ø–µ—Ä–∞—Ü—ñ—è –ì–£–†, –ø–æ–≤—ñ–¥–æ–º–∏–ª–∏ –°—É—Å–ø—ñ–ª—å–Ω–æ–º—É –¥–∂–µ—Ä–µ–ª–∞ –≤ —Å–ø–µ—Ü—Å–ª—É–∂–±–∞—Ö.

–í—ñ–¥—Ç–µ–ø–µ—Ä –≤—ñ–π—Å—å–∫–æ–≤—ñ –æ–±'—î–∫—Ç–∏ –ü—ñ—Ç—î—Ä–∞ —Ç–∞ –õ–µ–Ω—ñ–Ω–≥—Ä–∞–¥—Å—å–∫–æ—ó –æ–±–ª–∞—Å—Ç—ñ ‚Äì —É –∑–æ–Ω—ñ –¥–æ—Å—è–∂–Ω–æ—Å—Ç—ñ —É–∫—Ä–∞—ó–Ω—Å—å–∫–∏—Ö —Å–∏–ª. –Ñ –ø—ñ–¥—Ç–≤–µ—Ä–¥–∂–µ–Ω—ñ –≤–ª—É—á–∞–Ω–Ω—è –ø–æ —Ü—ñ–ª—è—Ö.",2024-01-18,Crisis
–õ–∞—á–µ–Ω –ø–∏—à–µ,"–¢—Ä–∏–≤–∞—î –ª—ñ–∫–≤—ñ–¥–∞—Ü—ñ—è –ø–æ–∂–µ–∂—ñ –≤–Ω–∞—Å–ª—ñ–¥–æ–∫ —Ä–æ—Å—ñ–π—Å—å–∫–æ—ó –∞—Ç–∞–∫–∏ –ø–æ –ø—Ä–æ–º–∏—Å–ª–æ–≤–æ–º—É –æ–± º—î–∫—Ç—É —É –ö—Ä–µ–º–µ–Ω—á—É—Ü—å–∫–æ–º—É —Ä–∞–π–æ–Ω—ñ –Ω–∞ –ü–æ–ª—Ç–∞–≤—â–∏–Ω—ñ. –ü–æ–ø–µ—Ä–µ–¥–Ω—å–æ ‚Äî –¥–≤—ñ –±–∞–ª—ñ—Å—Ç–∏—á–Ω—ñ —Ä–∞–∫–µ—Ç–∏.

__–°–≤—ñ—Ç–ª–∏–Ω–∞ –≤—ñ–¥ –û–í–ê.__",2024-01-27,Crisis
–õ–∞—á–µ–Ω –ø–∏—à–µ,"–Ü–∑ –æ—Å–Ω–æ–≤–Ω–æ–≥–æ ‚Äî –Ω—ñ–±–∏ –≤—Å–µ. –î–ª—è –±–∞–∂–∞—é—á–∏—Ö –æ–∑–Ω–∞–π–æ–º–∏—Ç–∏—Å—å –∑ —Ç–µ–∫—Å—Ç–æ–º, –ø—Ä–∏–∫—Ä—ñ–ø–ª—è—é —Ñ–∞–π–ª –Ω–∞ 175 —Å—Ç–æ—Ä—ñ–Ω–æ–∫.

–ù–∞–≥–æ–ª–æ—à—É—é, —Ü–µ —Ç—ñ–ª—å–∫–∏ –∑–∞–∫–æ–Ω–æ–ø—Ä–æ—î–∫—Ç. –ù—ñ—Ö—Ç–æ –Ω–µ –º–æ–∂–µ –¥–æ—Ü—ñ–ª—å–Ω–æ –∑–Ω–∞—Ç–∏ –ø—Ä–æ–π–¥–µ –≤—ñ–Ω –≥–æ–ª–æ—Å—É–≤–∞–Ω–Ω—è —á–∏ –Ω—ñ.",2024-01-30,Political
–õ–∞—á–µ–Ω –ø–∏—à–µ,"–ì—É—á–Ω–æ –≤ –û–¥–µ—Å—ñ, –ø—Ä–∞—Ü—é—î –ü–ü–û –ø–æ –º–µ—Ç–∞–ª–æ–±—Ä—É—Ö—Ç—É",2024-02-09,Crisis
–õ–∞—á–µ–Ω –ø–∏—à–µ,"**–ü—ñ—Å–ª—è —Å–µ—Ä—ñ—ó –≤–∏–±—É—Ö—ñ–≤ –Ω–∞–¥ –•–∞—Ä–∫–æ–≤–æ–º –≤–∏–¥–Ω–æ –∑–∞–≥—Ä–∞–≤—É –≤—ñ–¥ –ø–æ–∂–µ–∂—ñ**, ‚Äî –∫–æ—Ä–µ—Å–ø–æ–Ω–¥–µ–Ω—Ç–∏ –°—É—Å–ø—ñ–ª—å–Ω–µ –•–∞—Ä–∫—ñ–≤.

–ü—ñ–¥ —É–¥–∞—Ä–æ–º —Ü–∏–≤—ñ–ª—å–Ω–∞ —ñ–Ω—Ñ—Ä–∞—Å—Ç—Ä—É–∫—Ç—É—Ä–∞, –ø–æ–≤—ñ–¥–æ–º–∏–≤ –º–µ—Ä –º—ñ—Å—Ç–∞.",2024-02-09,Crisis
–õ–∞—á–µ–Ω –ø–∏—à–µ,"–í –£–∫—Ä–∞—ó–Ω–∏ —î –ø–µ–≤–Ω–∞ –∑–±—Ä–æ—è, —è–∫–∞ –¥—ñ—Å—Ç–∞—î —Ä–æ—Å—ñ–π—Å—å–∫—ñ –ª—ñ—Ç–∞–∫–∏ –Ω–∞ –≤–µ–ª–∏–∫—ñ–π –≤—ñ–¥—Å—Ç–∞–Ω—ñ, –Ω–∞–≤—ñ—Ç—å —è–∫—â–æ –≤–æ–Ω–∏ –Ω–µ –ø—ñ–¥–ª—ñ—Ç–∞—é—Ç—å –±–ª–∏–∑—å–∫–æ –¥–æ –ª—ñ–Ω—ñ—ó –±–æ—î–∑—ñ—Ç–∫–Ω–µ–Ω–Ω—è, ‚Äî —Ä–µ—á–Ω–∏–∫ –ü–° –ó–°–£.",2024-03-01,Political
–õ–∞—á–µ–Ω –ø–∏—à–µ,"–†—É—Å–Ω—è –∑–Ω–æ–≤ –º–∞–∫—Å–∏–º–∞–ª—å–Ω–æ –∞–∫—Ç–∏–≤—ñ–∑—É–≤–∞–ª–∞ –∞—Ç–∞–∫–∏ –Ω–∞ —É–∫—Ä–∞—ó–Ω—Å—å–∫–∏—Ö –≤–æ–ª–æ–Ω—Ç–µ—Ä—ñ–≤ —Ç–∞ —Ñ–æ–Ω–¥–∏, –∑–∞—Ä–∞–∑ –±–æ—Ç—ñ–≤ —Ä–∞–∑—ñ–≤ –≤ 10 –±—ñ–ª—å—à–µ –Ω—ñ–∂ –∑–∞–∑–≤–∏—á–∞–π 

–ì–æ–ª–æ–≤–Ω–∞ –ø—Ä–∏—á–∏–Ω–∞ –≤–µ–ª–∏—á–µ–∑–Ω—ñ –≤—Ç—Ä–∞—Ç–∏ —á–µ—Ä–µ–∑ –ø–æ—Å—Ç–∞–≤–∫—É —Ñ–ø–≤, —Ä–µ–± —Ç–∞ –≤—Å—å–æ–≥–æ —ñ–Ω—à–æ–≥–æ.",2024-03-01,Other
–ù–∏–∫–æ–ª–∞–µ–≤—Å–∫–∏–π –í–∞–Ω—ë–∫,"**–í—ñ—Ç–∞—é –±–æ–π–æ–≤–∏—Ö –ø–æ–±—Ä–∞—Ç–∏–º—ñ–≤ —ñ–∑ –î–Ω–µ–º –ü–æ–≤—ñ—Ç—Ä—è–Ω–∏—Ö –°–∏–ª –ó–±—Ä–æ–π–Ω–∏—Ö –°–∏–ª –£–∫—Ä–∞—ó–Ω–∏!**

–î—è–∫—É—é –∑–∞ –≤–∞—à—É —Å—Ç—ñ–π–∫—ñ—Å—Ç—å, –ø–∏–ª—å–Ω—ñ—Å—Ç—å —Ç–∞ –≤—ñ–¥–¥–∞–Ω—ñ—Å—Ç—å —Å–ø—Ä–∞–≤—ñ –∑–∞—Ö–∏—Å—Ç—É —É–∫—Ä–∞—ó–Ω—Å—å–∫–æ–≥–æ –Ω–µ–±–∞!

–†–∞–∑–æ–º - –¥–æ –ü–µ—Ä–µ–º–æ–≥–∏!

@CinCAFU",2023-08-06,Political
–ù–∏–∫–æ–ª–∞–µ–≤—Å–∫–∏–π –í–∞–Ω—ë–∫,"**–°–ë–£ –≤–∏–∫—Ä–∏–ª–∞ ¬´—Ç–∏–ª–æ–≤–∏—Ö¬ª –∫–æ–º–∞–Ω–¥–∏—Ä—ñ–≤ –ù–∞—Ü–≥–≤–∞—Ä–¥—ñ—ó, —è–∫—ñ –Ω–µ–∑–∞–∫–æ–Ω–Ω–æ –ø—Ä–∏—Å–≤–æ—ó–ª–∏ —Å–æ–±—ñ –º–∞–π–∂–µ 14 –º–ª–Ω ¬´–±–æ–π–æ–≤–∏—Ö¬ª –ø—Ä–µ–º—ñ–π  **
  
–í—ñ–π—Å—å–∫–æ–≤–∞ –∫–æ–Ω—Ç—Ä—Ä–æ–∑–≤—ñ–¥–∫–∞ –°–ª—É–∂–±–∏ –±–µ–∑–ø–µ–∫–∏ —Å–ø—ñ–ª—å–Ω–æ –∑ –î–ë–† —Ç–∞ –∑–∞ —Å–ø—Ä–∏—è–Ω–Ω—è –Ω–æ–≤–æ–≥–æ –∫–µ—Ä—ñ–≤–Ω–∏—Ü—Ç–≤–∞ –ù–∞—Ü—ñ–æ–Ω–∞–ª—å–Ω–æ—ó –≥–≤–∞—Ä–¥—ñ—ó –≤–∏–∫—Ä–∏–ª–∞ —É –ª–∞–≤–∞—Ö –ù–∞—Ü–≥–≤–∞—Ä–¥—ñ—ó —â–µ –æ–¥–Ω—É ¬´—Å—Ö–µ–º—É¬ª –±–µ–∑–ø—ñ–¥—Å—Ç–∞–≤–Ω–æ–≥–æ –Ω–∞—Ä–∞—Ö—É–≤–∞–Ω–Ω—è –ø—Ä–µ–º—ñ–π –∑–∞ –Ω—ñ–±–∏—Ç–æ —É—á–∞—Å—Ç—å —É –±–æ—è—Ö –Ω–∞ –ø–µ—Ä–µ–¥–æ–≤—ñ–π.  
  
–¶—å–æ–≥–æ —Ä–∞–∑—É –Ω–∞ –æ–±–æ—Ä—É–¥–∫–∞—Ö –∑ –¥–µ—Ä–∂–∞–≤–Ω–∏–º–∏ –≥—Ä–æ—à–∏–º–∞ –≤–∏–∫—Ä–∏—Ç–æ –∫–æ–º–∞–Ω–¥—É–≤–∞–Ω–Ω—è –æ–¥–Ω—ñ—î—ó –∑ –±—Ä–∏–≥–∞–¥ –≤—ñ–π—Å—å–∫–æ–≤–æ–≥–æ —Ñ–æ—Ä–º—É–≤–∞–Ω–Ω—è, —è–∫–∞ –¥–∏—Å–ª–æ–∫—É—î—Ç—å—Å—è –Ω–∞ –ö–∏—ó–≤—â–∏–Ω—ñ.  
  
–ó –ø–µ—Ä—à–æ–≥–æ –¥–Ω—è –ø–æ–≤–Ω–æ–º–∞—Å—à—Ç–∞–±–Ω–æ–≥–æ –≤—Ç–æ—Ä–≥–Ω–µ–Ω–Ω—è —Ä—Ñ —ñ –¥–æ —Å–µ—Ä–ø–Ω—è 2022 —Ä–æ–∫—É —Ñ—ñ–≥—É—Ä–∞–Ω—Ç–∏ –Ω–µ–∑–∞–∫–æ–Ω–Ω–æ ¬´–ø—Ä–µ–º—ñ—é–≤–∞–ª–∏¬ª —Å–µ–±–µ –Ω–∞ –∑–∞–≥–∞–ª—å–Ω—É —Å—É–º—É –º–∞–π–∂–µ 14 –º–ª–Ω –±—é–¥–∂–µ—Ç–Ω–∏—Ö –≥—Ä–∏–≤–µ–Ω—å.  
  
–ü–æ—Å–∞–¥–æ–≤—Ü—ñ –±–µ–∑–ø—ñ–¥—Å—Ç–∞–≤–Ω–æ –Ω–∞—Ä–∞—Ö–æ–≤—É–≤–∞–ª–∏ —Å–æ–±—ñ —Ç–∞ —Å–≤–æ—ó–º –ø—ñ–¥–ª–µ–≥–ª–∏–º —â–æ–º—ñ—Å—è—á–Ω—É –¥–æ–ø–ª–∞—Ç—É —É —Ä–æ–∑–º—ñ—Ä—ñ 100 —Ç–∏—Å. –≥—Ä–Ω, —è–∫–∞ –ø–µ—Ä–µ–¥–±–∞—á–µ–Ω–∞ –∑–∞ –±–µ–∑–ø–æ—Å–µ—Ä–µ–¥–Ω—é —É—á–∞—Å—Ç—å —É –±–æ–π–æ–≤–∏—Ö –¥—ñ—è—Ö –ø—Ä–æ—Ç–∏ —Ä–æ—Å—ñ–π—Å—å–∫–∏—Ö –æ–∫—É–ø–∞–Ω—Ç—ñ–≤.  
  
–ü—Ä–∏ —Ü—å–æ–º—É —É—á–∞—Å–Ω–∏–∫–∏ –∑–ª–æ—á–∏–Ω–Ω–æ—ó —Å—Ö–µ–º–∏ –Ω–µ –ø–µ—Ä–µ–±—É–≤–∞–ª–∏ –≤ —Ä–∞–π–æ–Ω–∞—Ö –±–æ—î–∑—ñ—Ç–∫–Ω–µ–Ω—å —ñ –Ω–µ –≤–∏–∫–æ–Ω—É–≤–∞–ª–∏ –∂–æ–¥–Ω–∏—Ö –∑–∞–≤–¥–∞–Ω—å –Ω–∞ –ø–µ—Ä–µ–¥–Ω—ñ–π –ª—ñ–Ω—ñ—ó —Ñ—Ä–æ–Ω—Ç—É.  
  
–ó–∞ –¥–∞–Ω–∏–º–∏ —Å–ª—ñ–¥—Å—Ç–≤–∞, –¥–æ –æ—Ä–≥–∞–Ω—ñ–∑–∞—Ü—ñ—ó –æ–±–æ—Ä—É–¥–∫–∏ –ø—Ä–∏—á–µ—Ç–Ω–∏–π –∑–∞—Å—Ç—É–ø–Ω–∏–∫ –∫–æ–º–∞–Ω–¥–∏—Ä–∞ ‚Äì –Ω–∞—á–∞–ª—å–Ω–∏–∫ —à—Ç–∞–±—É –≤—ñ–π—Å—å–∫–æ–≤–æ—ó —á–∞—Å—Ç–∏–Ω–∏.  
  
–í—ñ–Ω –±–µ–∑–ø—ñ–¥—Å—Ç–∞–≤–Ω–æ –ø—ñ–¥–ø–∏—Å—É–≤–∞–≤ —Ä–∞–ø–æ—Ä—Ç–∏ —â–æ–¥–æ –Ω–∞—Ä–∞—Ö—É–≤–∞–Ω–Ω—è ¬´–±–æ–π–æ–≤–∏—Ö¬ª –ø—Ä–µ–º—ñ–π —Å–≤–æ—ó–º –ø—ñ–¥–ª–µ–≥–ª–∏–º, –Ω–∞—Å–∞–º–ø–µ—Ä–µ–¥ –∫–µ—Ä—ñ–≤–Ω–æ–º—É —Å–∫–ª–∞–¥—É.  
  
–á—Ö –æ—Å–æ–±–∏ —Ç–∞–∫–æ–∂ –≤—Å—Ç–∞–Ω–æ–≤–ª–µ–Ω–æ ‚Äì —Ü–µ –∫–æ–º–∞–Ω–¥–∏—Ä –¥–∏–≤—ñ–∑—ñ–æ–Ω—É, –∫–æ–º–∞–Ω–¥–∏—Ä 3-–≥–æ –±–∞—Ç–∞–ª—å–π–æ–Ω—É, –Ω–∞—á–∞–ª—å–Ω–∏–∫ –≤—ñ–¥–¥—ñ–ª–µ–Ω–Ω—è –æ–±–ª—ñ–∫—É –æ—Å–æ–±–æ–≤–æ–≥–æ —Å–∫–ª–∞–¥—É, –∑–∞—Å—Ç—É–ø–Ω–∏–∫ –∫–æ–º–∞–Ω–¥–∏—Ä–∞ 1-–≥–æ –±–∞—Ç–∞–ª—å–π–æ–Ω—É —Ç–∞ –∫–æ–º–∞–Ω–¥–∏—Ä —Ä–æ—Ç–∏.  
  
–ù–∞ –ø—ñ–¥—Å—Ç–∞–≤—ñ –∑—ñ–±—Ä–∞–Ω–∏—Ö –¥–æ–∫–∞–∑—ñ–≤ –∑–∞—Å—Ç—É–ø–Ω–∏–∫—É –∫–æ–º–∞–Ω–¥–∏—Ä–∞ ‚Äì –Ω–∞—á–∞–ª—å–Ω–∏–∫—É —à—Ç–∞–±—É –≤—ñ–π—Å—å–∫–æ–≤–æ—ó —á–∞—Å—Ç–∏–Ω–∏ —ñ –ø‚Äô—è—Ç—å–æ–º –π–æ–≥–æ –ø—ñ–¥–ª–µ–≥–ª–∏–º –ø–æ–≤—ñ–¥–æ–º–ª–µ–Ω–æ –ø—Ä–æ –ø—ñ–¥–æ–∑—Ä—É –∑–∞ —á. 4 —Å—Ç. 425 –ö—Ä–∏–º—ñ–Ω–∞–ª—å–Ω–æ–≥–æ –∫–æ–¥–µ–∫—Å—É –£–∫—Ä–∞—ó–Ω–∏ (–Ω–µ–¥–±–∞–ª–µ —Å—Ç–∞–≤–ª–µ–Ω–Ω—è –¥–æ –≤—ñ–π—Å—å–∫–æ–≤–æ—ó —Å–ª—É–∂–±–∏).  
  
–ù–∞—Ä–∞–∑—ñ –≤–∏—Ä—ñ—à—É—î—Ç—å—Å—è –ø–∏—Ç–∞–Ω–Ω—è —â–æ–¥–æ –æ–±—Ä–∞–Ω–Ω—è —ó–º –∑–∞–ø–æ–±—ñ–∂–Ω–æ–≥–æ –∑–∞—Ö–æ–¥—É.  
  
–¢—Ä–∏–≤–∞—î —Ä–æ–∑—Å–ª—ñ–¥—É–≤–∞–Ω–Ω—è –¥–ª—è –≤—Å—Ç–∞–Ω–æ–≤–ª–µ–Ω–Ω—è –≤—Å—ñ—Ö –æ–±—Å—Ç–∞–≤–∏–Ω –∑–ª–æ—á–∏–Ω—É —ñ –ø—Ä–∏—Ç—è–≥–Ω–µ–Ω–Ω—è –≤–∏–Ω–Ω–∏—Ö –¥–æ –≤—ñ–¥–ø–æ–≤—ñ–¥–∞–ª—å–Ω–æ—Å—Ç—ñ. –ó–ª–æ–≤–º–∏—Å–Ω–∏–∫–∞–º –∑–∞–≥—Ä–æ–∂—É—î –¥–æ 8 —Ä–æ–∫—ñ–≤ —Ç—é—Ä–º–∏.  
  
–ù–∞–≥–∞–¥–∞—î–º–æ, –Ω–∞ –ø–æ—á–∞—Ç–∫—É —Å–µ—Ä–ø–Ω—è —Ü—å–æ–≥–æ —Ä–æ–∫—É –°–ë–£ –≤–∏–∫—Ä–∏–ª–∞ –∫–µ—Ä—ñ–≤–Ω–∏–∫—ñ–≤ –æ–¥–Ω–æ–≥–æ –∑ –Ω–∞–≤—á–∞–ª—å–Ω–∏—Ö —Ü–µ–Ω—Ç—Ä—ñ–≤ –ù–∞—Ü–≥–≤–∞—Ä–¥—ñ—ó, —è–∫—ñ –Ω–µ–∑–∞–∫–æ–Ω–Ω–æ –Ω–∞—Ä–∞—Ö—É–≤–∞–ª–∏ —Å–æ–±—ñ –º–∞–π–∂–µ 1 –º–ª–Ω ¬´–±–æ–π–æ–≤–∏—Ö¬ª –ø—Ä–µ–º—ñ–π.",2023-08-15,Corruption
–ù–∏–∫–æ–ª–∞–µ–≤—Å–∫–∏–π –í–∞–Ω—ë–∫,"–≤ —ç—Ç–æ—Ç –æ—Å–æ–±–µ–Ω–Ω—ã–π –¥–µ–Ω—å —Ö–æ—Ç–µ–ª–æ—Å—å –±—ã –æ–±—Ä–∞—Ç–∏—Ç—å—Å—è –∫ –æ—Ç–¥–µ–ª—å–Ω–æ–π –∫–∞—Ç–µ–≥–æ—Ä–∏–∏ –Ω–∞—à–∏—Ö –ª—é–¥–µ–π

–∞ –∏–º–µ–Ω–Ω–æ –∫ —Ç–µ–º, –∫–æ—Ç–æ—Ä—ã–µ –Ω–∞—Ö–æ–¥—è—Ç—Å—è –≤ –æ–∫–∫—É–ø–∞—Ü–∏–∏

–∏ —ç—Ç–æ –Ω–µ–≤–∞–∂–Ω–æ, 9 –ª–µ—Ç –∏–ª–∏ –ø–æ–ª—Ç–æ—Ä–∞ –≥–æ–¥–∞

–≤–µ–∑–¥–µ –µ—Å—Ç—å –Ω–∞—à–∏ –ª—é–¥–∏, –∫–æ—Ç–æ—Ä—ã–µ –≤—Å–µ–≥–¥–∞ –≤ —Ç–µ–Ω–∏, –Ω–æ –∏—Ö –¥–µ–ª–∞ –ø—Ä–∞–∫—Ç–∏—á–µ—Å–∫–∏ –≤—Å–µ–≥–¥–∞ –∏–º–µ—é—Ç —Ä–µ–∑—É–ª—å—Ç–∞—Ç

—ç—Ç–æ –∞–±—Å–æ–ª—é—Ç–Ω—ã–π –º–∏—Ñ, –∫–æ–≥–¥–∞ –∫—Ç–æ-—Ç–æ —Ä–∞—Å—Å–∫–∞–∑—ã–≤–∞–µ—Ç, —á—Ç–æ –Ω–∞—à–∏—Ö –ª—é–¥–µ–π –Ω–µ—Ç –≤ –ö—Ä—ã–º—É

—ç—Ç–æ –Ω–µ–ª–µ–ø–æ—Å—Ç—å –∏ –Ω–µ–∑–Ω–∞–Ω–∏–µ –º–µ—Å—Ç–Ω–æ—Å—Ç–∏, –∫–æ–≥–¥–∞ –∫—Ç–æ-—Ç–æ —Ä–∞—Å—Å–∫–∞–∑—ã–≤–∞–µ—Ç, —á—Ç–æ –≤ –î–æ–Ω–µ—Ü–∫–µ –∏ –õ—É–≥–∞–Ω—Å–∫–µ –Ω–µ—Ç –Ω–∞—à–∏—Ö –ª—é–¥–µ–π

—ç—Ç–æ –ø–æ–ª–Ω–µ–π—à–∏–π –±—Ä–µ–¥, –∫–æ–≥–¥–∞ –∫—Ç–æ-—Ç–æ –ø–∏—à–µ—Ç, —á—Ç–æ –≤ –•–µ—Ä—Å–æ–Ω—Å–∫–æ–π –æ–±–ª–∞—Å—Ç–∏ –±–µ—Ä—É—Ç –ø–∞—Å–ø–æ—Ä—Ç–∞, –∞ –∑–Ω–∞—á–∏—Ç –æ—Å—Ç–∞–ª–∏—Å—å —Ç–∞–º —Ç–æ–ª—å–∫–æ –∫–æ–ª–ª–∞–±–æ—Ä–∞–Ω—Ç—ã

–±–æ–ª—å—à–∏–Ω—Å—Ç–≤–æ –∏–∑ —Å–∏–¥—è—â–∏—Ö –Ω–∞ –ø–æ–¥–∫–æ–Ω—Ç—Ä–æ–ª—å–Ω–æ–π (–≤ —Ç–æ–º —á–∏—Å–ª–µ –∏ —è) –∏ –º–µ—Å—è—Ü–∞ –Ω–µ –≤—ã–¥–µ—Ä–∂–∞–ª–∏ –±—ã —Ç–æ–≥–æ, —á—Ç–æ –≤—ã–¥–µ—Ä–∂–∏–≤–∞—é—Ç —ç—Ç–∏ –ª—é–¥–∏ –≤ –æ–∫–∫—É–ø–∞—Ü–∏–∏

–≤–µ—Å—Ç–∏ —Å–µ–±—è —Å–ø–æ–∫–æ–π–Ω–æ –∏ –Ω–µ –ø—Ä–∏–¥–∞–≤–∞—Ç—å –≤–∏–¥—É, –∫–æ–≥–¥–∞ –≤–Ω—É—Ç—Ä–∏ —Ö–æ—á–µ—Ç—Å—è —Ä–∞–∑–æ—Ä–≤–∞—Ç—å –ª—é–±—É—é –±–ª–∏–∂–∞–π—à—É—é —Ä—É—Å—Å–∫—É—é –º—Ä–∞–∑—å - —ç—Ç–æ —É–¥–µ–ª —Å–∏–ª—å–Ω—ã—Ö, —Ç–µ—Ö —Å–∞–º—ã—Ö ¬´–Ω–µ–∑–ª–∞–º–Ω–∏—Ö¬ª, –æ –∫–æ—Ç–æ—Ä—ã—Ö –≤—Å–µ –ª—é–±—è—Ç –≥–æ–≤–æ—Ä–∏—Ç—å

—è –æ—Ç –ª–∏—Ü–∞ –≤—Å–µ—Ö, –∫—Ç–æ –∫–∞–∂–¥—ã–π –¥–µ–Ω—å —Ä–∞–±–æ—Ç–∞–µ—Ç –∏ –æ–±—â–∞–µ—Ç—Å—è —Å —Ç–µ–º–∏, –∫—Ç–æ ¬´–ø–æ —Ç—É —Å—Ç–æ—Ä–æ–Ω—É –±–∞—Ä—Ä–∏–∫–∞–¥¬ª , –∫—Ç–æ —Ä–∏—Å–∫—É—è –∂–∏–∑–Ω—å—é –¥–µ–ª–∞—é—Ç —Ç–æ, —á—Ç–æ –Ω–µ –∫–∞–∂–¥—ã–π —Ä–µ—à–∏–ª—Å—è –±—ã –¥–µ–ª–∞—Ç—å - —Ö–æ—á—É —Å–∫–∞–∑–∞—Ç—å –≤–∞–º –æ–≥—Ä–æ–º–Ω–æ–µ —Å–ø–∞—Å–∏–±–æ!

–º—ã –≤—Å–µ —É –≤–∞—Å –≤ –¥–æ–ª–≥—É

–º—ã –≤—Å–µ –¥–æ–ª–∂–Ω—ã –≤–∞–º –ø–æ–º–æ—á—å –≤–µ—Ä–Ω—É—Ç—å —Ç—É —Å–∞–º—É—é –Ω–µ–∑–∞–≤–∏—Å–∏–º–æ—Å—Ç—å, –∫–æ—Ç–æ—Ä—É—é –º—ã —Å –≤–∞–º–∏ –≤—Å–µ –Ω–µ —Ü–µ–Ω–∏–ª–∏ –¥–æ –ø–æ—Ä—ã –¥–æ –≤—Ä–µ–º–µ–Ω–∏

–ø–æ—Å—Ç–æ—è–Ω–Ω—ã–µ –ø—ã—Ç–∫–∏, –¥–∞–≤–ª–µ–Ω–∏–µ, –∫—Ä–∏–≤—ã–µ —Ä–æ–∂–∏ —Å –∞–≤—Ç–æ–º–∞—Ç–∞–º–∏, –∫–æ—Ç–æ—Ä—ã–µ –∏ 11 –∫–ª–∞—Å—Å–æ–≤ –Ω–µ –∑–∞–∫–æ–Ω—á–∏–ª–∏ - —ç—Ç–æ –≤—Å—ë —Ä–µ–∞–ª—å–Ω–æ—Å—Ç—å –æ–∫–∫—É–ø–∞—Ü–∏–∏ –Ω–∞—à–∏—Ö –ª—é–¥–µ–π, –∫–æ—Ç–æ—Ä—ã–µ –∂–¥—É—Ç –Ω–∞—Å

–æ–± —ç—Ç–æ–º –Ω–µ –ø–∏—à–µ—Ç—Å—è –∫–∞–∂–¥—ã–π –¥–µ–Ω—å

–Ω–æ —ç—Ç–æ –≤—Å—ë –µ—Å—Ç—å

–∫–∞–∫ –±—ã –Ω–µ –±—ã–ª–æ –Ω–∞–º —Ç—è–∂–µ–ª–æ, –∫—Ç–æ –±—ã —á—Ç–æ –Ω–µ –≥–æ–≤–æ—Ä–∏–ª - –º—ã –Ω–µ –ø–µ—Ä–µ—Å—Ç–∞–≤–∞–ª–∏ –∑–∞ –≤–∞—Å –±–æ—Ä–æ—Ç—å—Å—è, –∏ –±—É–¥–µ–º –±–æ—Ä–æ—Ç—å—Å—è –¥–æ —Ç–µ—Ö –ø–æ—Ä, –ø–æ–∫–∞ –Ω–µ –±—É–¥–µ—Ç —Ä–µ–∑—É–ª—å—Ç–∞—Ç–∞

–≤—ã –º–æ–∂–µ—Ç–µ –Ω–µ –≤–µ—Ä–∏—Ç—å –≤ —Ç–æ, —á—Ç–æ —ç—Ç–æ –ø—Ä–æ–∏–∑–æ–π–¥–µ—Ç

—É–¥—Ä—É—á–∞—é—â–∞—è –æ–±—Å—Ç–∞–Ω–æ–≤–∫–∞, –≤ –∫–æ—Ç–æ—Ä–æ–π –≤—ã –Ω–∞—Ö–æ–¥–∏—Ç–µ—Å—å, —Å–ø–æ—Å–æ–±–Ω–∞ –≤–ª–∏—è—Ç—å –Ω–∞ –≤–∞—à–∏ –º—ã—Å–ª–∏ –∏ –≤–µ—Ä—É

–≤—ã –º–æ–∂–µ—Ç–µ –Ω–µ –≤–µ—Ä–∏—Ç—å –≤ –Ω–∞—Å

–≥–ª–∞–≤–Ω–æ–µ - –≤–µ—Ä—å—Ç–µ –≤ —Å–µ–±—è, –∞ –∏–º–µ–Ω–Ω–æ –≤ —Ç–æ, —á—Ç–æ —ç—Ç–æ—Ç —É–∂–∞—Å –ø—Ä–æ–π–¥–µ—Ç

—è —Å —É–¥–æ–≤–æ–ª—å—Å—Ç–≤–∏–µ–º –Ω–∞–±–ª—é–¥–∞—é –∑–∞ –Ω–∞—Å–µ–ª–µ–Ω–Ω—ã–º–∏ –ø—É–Ω–∫—Ç–∞–º–∏, –∫–æ—Ç–æ—Ä—ã–µ –ø–æ—Ç–∏—Ö–æ–Ω—å–∫—É –≤–æ—Å—Å—Ç–∞–Ω–∞–≤–ª–∏–≤–∞—é—Ç—Å—è –ø–æ—Å–ª–µ –æ–∫–∫—É–ø–∞—Ü–∏–∏ –≤ –ù–∏–∫–æ–ª–∞–µ–≤—Å–∫–æ–π –æ–±–ª–∞—Å—Ç–∏

—ç—Ç–∏ –ª—é–¥–∏ –ø–µ—Ä–µ–∂–∏–ª–∏ –º–Ω–æ–≥–æ–µ, –∏ –∫ —Å—á–∞—Å—Ç—å—é –∑–∞–±—ã–≤–∞—é—Ç –æ —Ç–æ–º —É–∂–∞—Å–µ, –∫–æ—Ç–æ—Ä—ã–π –±—ã–ª –µ—â–µ –º–µ–Ω—å—à–µ –≥–æ–¥–∞ –Ω–∞–∑–∞–¥

–∏ —è –∑–Ω–∞—é, —á—Ç–æ –æ–±—è–∑–∞—Ç–µ–ª—å–Ω–æ –µ—â—ë –¥–æ–∂–∏–≤—É –¥–æ —Ç–æ–≥–æ –≤—Ä–µ–º–µ–Ω–∏, –∫–æ–≥–¥–∞ –ª–µ–≤—ã–π –±–µ—Ä–µ–≥ –•–µ—Ä—Å–æ–Ω—Å–∫–æ–π –æ–±–ª–∞—Å—Ç–∏, –ó–∞–ø–æ—Ä–æ–∂—Å–∫–∞—è –æ–±–ª–∞—Å—Ç—å, –î–æ–Ω–µ—Ü–∫–∞—è –∏ –õ—É–≥–∞–Ω—Å–∫–∞—è –æ–±–ª–∞—Å—Ç–∏, –ö—Ä—ã–º - –≤—Å–µ –æ–±—Ä–µ—Ç—É—Ç –¥–æ–ª–≥–æ–∂–¥–∞–Ω–Ω—É—é –Ω–µ–∑–∞–≤–∏—Å–∏–º–æ—Å—Ç—å

–Ω–æ —Å–ª–æ–≤ –º–∞–ª–æ, –Ω—É–∂–Ω—ã –¥–µ–ª–∞

–ø–æ—ç—Ç–æ–º—É —Å –ª–∏—Ä–∏–∫–æ–π –∑–∞–∫–∞–Ω—á–∏–≤–∞—é, –∏ –≤–∞—Å –ø—Ä–æ—à—É - –¥–æ–≤–µ—Ä—è–π—Ç–µ —Ç–æ–ª—å–∫–æ –¥–µ–ª–∞–º

–Ω–∏ –æ–¥–∏–Ω —Ç–µ–ª–µ–≥—Ä–∞–º-–∫–∞–Ω–∞–ª –Ω–µ –∑–∞–º–µ–Ω–∏—Ç –≤–∞–º –≤–∞—à –≥–ª–∞–≤–Ω—ã–π –º–æ—Å—Ç –∏ ¬´–∫–∞–Ω–∞–ª —Å–≤—è–∑–∏¬ª —Å –£–∫—Ä–∞–∏–Ω–æ–π - —ç—Ç–æ –≤–∞—à–∞ —Å–µ–º—å—è, –∫—É–º–æ–≤—å—è, –¥—Ä—É–∑—å—è –∏ –≤–∞—à –¥–æ–º

—Å–ø–∞—Å–∏–±–æ –≤–∞–º –µ—â—ë —Ä–∞–∑, —á—Ç–æ –ø—Ä–æ–¥–æ–ª–∂–∞–µ—Ç–µ –±–æ—Ä—å–±—É –Ω–µ—Å–º–æ—Ç—Ä—è –Ω–∏ –Ω–∞ —á—Ç–æ!

–≤—ã - –ø—Ä–∏–º–µ—Ä —Ç–æ–≥–æ, –∫–∞–∫ –Ω—É–∂–Ω–æ –±–æ—Ä–æ—Ç—å—Å—è –∑–∞ –Ω–µ–∑–∞–≤–∏—Å–∏–º–æ—Å—Ç—å!

üá∫üá¶",2023-08-24,Other
–ù–∏–∫–æ–ª–∞–µ–≤—Å–∫–∏–π –í–∞–Ω—ë–∫,–ú –∏ –ì - 31–ö –≤ –≤–æ–∑–¥—É—Ö–µ,2023-08-25,Crisis
–ù–∏–∫–æ–ª–∞–µ–≤—Å–∫–∏–π –í–∞–Ω—ë–∫,"—É–≥—Ä–æ–∑–∞ –ø–æ –º–æ–ø–µ–¥–∞–º üëâ –ö–∏–µ–≤—Å–∫–∞—è, –ß–µ—Ä–∫–∞—Å—Å–∫–∞—è, –ñ–∏—Ç–æ–º–∏—Ä—Å–∫–∞—è, –†–æ–≤–µ–Ω—Å–∫–∞—è –æ–±–ª–∞—Å—Ç–∏

–ñ–∏—Ç–æ–º–∏—Ä—á–∞—Ç–∞ - –º–æ–∂–µ—Ç –±—ã—Ç—å –≥—Ä–æ–º–∫–æ–≤–∞—Ç–æ

–Ω–∞ –ö–∏–µ–≤ –ø–æ –ø—Ä–µ–∂–Ω–µ–º—É –Ω–∏—á–µ–≥–æ –Ω–µ –ª–µ—Ç–∏—Ç",2023-08-29,Crisis
–ù–∏–∫–æ–ª–∞–µ–≤—Å–∫–∏–π –í–∞–Ω—ë–∫,"—É–≥—Ä–æ–∑–∞ –ø–æ —Ä–∞–∫–µ—Ç–∞–º üëâ –í–∏–Ω–Ω–∏—Ü–∫–∞—è, –ñ–∏—Ç–æ–º–∏—Ä—Å–∫–∞—è, –ö–∏–µ–≤—Å–∫–∞—è –æ–±–ª–∞—Å—Ç–∏

–æ—Ç–±–æ–π –ø–æ –∑–≤—É–∫–∞–º –¥–ª—è –£–º–∞–Ω—å—á–∞—Ç

–∫—É—Ä—Å —Ä–∞–∫–µ—Ç - 30 (—Å–µ–≤–µ—Ä–Ω—ã–π, —Ç–æ –µ—Å—Ç—å –≤ —Å—Ç–æ—Ä–æ–Ω—É –ö–∏–µ–≤—Å–∫–æ–π/–ñ–∏—Ç–æ–º–∏—Ä—Å–∫–æ–π –æ–±–ª–∞—Å—Ç–µ–π —Å –í–∏–Ω–Ω–∏—Ü–∫–æ–π)",2023-09-06,Crisis
–ù–∏–∫–æ–ª–∞–µ–≤—Å–∫–∏–π –í–∞–Ω—ë–∫,"–ß–µ—Ä–Ω–æ–º–æ—Ä—Å–∫ –ø–æ–¥–∫–ª—é—á–∞–µ—Ç—Å—è –∫ –∑–≤—É–∫–∞–º

–Ω–∞–ø–æ–º–∏–Ω–∞—é - —Å–Ω–∏–º–∞—Ç—å –∏ –≤—ã–∫–ª–∞–¥—ã–≤–∞—Ç—å –Ω–∏—á–µ–≥–æ –Ω–µ–ª—å–∑—è !!!!!

–ø–æ–∑–∞–∫—Ä–∏–≤–∞–π—Ç–µ ~~–ø–∏–∑–¥–∞–∫–∏~~ –∫–∞–º–µ—Ä–∫–∏",2023-09-17,Crisis
–ù–∏–∫–æ–ª–∞–µ–≤—Å–∫–∏–π –í–∞–Ω—ë–∫,"—É–≥—Ä–æ–∑–∞ –ø–æ –º–æ–ø–µ–¥–∞–º üëâ –°–∞–∫—Å–∫–∏–π, –°–∏–º—Ñ–µ—Ä–æ–ø–æ–ª—å—Å–∫–∏–π —Ä–∞–π–æ–Ω—ã –≤—Ä–µ–º–µ–Ω–Ω–æ –æ–∫–∫—É–ø–∏—Ä–æ–≤–∞–Ω–Ω–æ–≥–æ –ö—Ä—ã–º–∞

–ø—É—Å–∫–∏ –º–æ–ø–µ–¥–æ–≤ –±—ã–ª–∏ —Å –ß–∞—É–¥—ã

–ø–æ–∂–∞–ª—É–π—Å—Ç–∞, —Å–Ω–∏–º–∞–π—Ç–µ —Ä–∞–±–æ—Ç—É –ü–í–û –∏ –ø–µ—Ä–µ–¥–∞–≤–∞–π—Ç–µ –≤–∏–¥–µ–æ–º–∞—Ç–µ—Ä–∏–∞–ª—ã —Å–≤–æ–∏–º –∫–æ–Ω—Ç–∞–∫—Ç–∞–º –≤ –°–∏–ª–∞—Ö –û–±–æ—Ä–æ–Ω—ã –£–∫—Ä–∞–∏–Ω—ã

–ø–æ—á–µ–º—É –∞–≤–∏–∞—Ü–∏—é –≤ –ù–æ–≤–æ—Ñ–µ–¥–æ—Ä–æ–≤–∫–µ –¥–æ —Å–∏—Ö –ø–æ—Ä –Ω–µ –ø–æ–¥–Ω—è–ª–∏, –∫—Ç–æ –∑–Ω–∞–µ—Ç???",2023-09-20,Crisis
–ù–∏–∫–æ–ª–∞–µ–≤—Å–∫–∏–π –í–∞–Ω—ë–∫,"1 –≥—Ä—É–ø–ø–∞ —Ä–∞–∫–µ—Ç –≤–º–µ—Å—Ç–µ —Å–æ 2-–æ–π –≥—Ä—É–ø–ø–æ–π —Ä–∞–∫–µ—Ç –ø—Ä–∞–∫—Ç–∏—á–µ—Å–∫–∏ –≤—Å–µ –Ω–∞—Ö–æ–¥—è—Ç—Å—è –≤ –æ–¥–Ω–æ–º —Ä–∞–π–æ–Ω–µ –∏ —Å—Ñ–æ—Ä–º–∏—Ä–æ–≤–∞–ª–∏ —Ç–∞–±—É–Ω 2.0

1 –≥—Ä—É–ø–ø–∞ —Ä–∞–∫–µ—Ç (""—Ç–∞–±—É–Ω 2.0"") - —É–≥—Ä–æ–∑–∞ üëâ –ö–∏–µ–≤—Å–∫–∞—è, –ß–µ—Ä–∫–∞—Å—Å–∫–∞—è –æ–±–ª–∞—Å—Ç–∏, –∫—É—Ä—Å —Ä–∞–∑–Ω—ã–π

2 –≥—Ä—É–ø–ø–∞ —Ä–∞–∫–µ—Ç - —É–≥—Ä–æ–∑–∞ üëâ –î–Ω–µ–ø—Ä–æ–ø–µ—Ç—Ä–æ–≤—Å–∫–∞—è, –ö–∏—Ä–æ–≤–æ–≥—Ä–∞–¥—Å–∫–∞—è –æ–±–ª–∞—Å—Ç–∏, –∫—É—Ä—Å 260 (—Ç–æ –µ—Å—Ç—å –∑–∞–ø–∞–¥–Ω—ã–π)",2023-09-21,Crisis
–ù–∏–∫–æ–ª–∞–µ–≤—Å–∫–∏–π –í–∞–Ω—ë–∫,"–ö–∏–µ–≤—á–∞—Ç–∞ - —Ç–∞–±—É–Ω –æ—Ç—Ä–∞–±–æ—Ç–∞–Ω ü´°

–•–∞—Ä—å–∫–æ–≤ –æ–±—Å—Ç—Ä–µ–ª—è–ª–∏ –Ω–µ—Å–∫–æ–ª—å–∫–∏–º–∏ –±–∞–ª–ª–∏—Å—Ç–∏—á–µ—Å–∫–∏–º–∏ —Ä–∞–∫–µ—Ç–∞–º–∏, –ø—Ä–µ–¥–≤–∞—Ä–∏—Ç–µ–ª—å–Ω–æ —Å-300

—É–≥—Ä–æ–∑–∞ –ø–æ —Ä–∞–∫–µ—Ç–∞–º üëâ –•–º–µ–ª—å–Ω–∏—Ü–∫–∞—è, –¢–µ—Ä–Ω–æ–ø–æ–ª—å—Å–∫–∞—è, –ò–≤–∞–Ω–æ-–§—Ä–∞–Ω–∫–æ–≤—Å–∫–∞—è, –ß–µ—Ä–Ω–æ–≤–∏—Ü–∫–∞—è –æ–±–ª–∞—Å—Ç–∏",2023-09-21,Crisis
–ù–∏–∫–æ–ª–∞–µ–≤—Å–∫–∏–π –í–∞–Ω—ë–∫,"**–°–ë–£ –∑–∞—Ç—Ä–∏–º–∞–ª–∞ —Ä–æ—Å—ñ–π—Å—å–∫—É –∫–æ—Ä–∏–≥—É–≤–∞–ª—å–Ω–∏—Ü—é, —è–∫–∞ –≥–æ—Ç—É–≤–∞–ª–∞ –≤–æ—Ä–æ–∂—ñ —É–¥–∞—Ä–∏ –ø–æ 9 –æ–±‚Äô—î–∫—Ç–∞—Ö –û–¥–µ—â–∏–Ω–∏
**
–°–ª—É–∂–±–∞ –±–µ–∑–ø–µ–∫–∏ –∑–∞—Ç—Ä–∏–º–∞–ª–∞ —â–µ –æ–¥–Ω—É —ñ–Ω—Ñ–æ—Ä–º–∞—Ç–æ—Ä–∫—É —Ä–æ—Å—ñ–π—Å—å–∫–∏—Ö —Å–ø–µ—Ü—Å–ª—É–∂–±, —è–∫–∞ –±—Ä–∞–ª–∞ —É—á–∞—Å—Ç—å —É –ø—ñ–¥–≥–æ—Ç–æ–≤—Ü—ñ –Ω–æ–≤–æ—ó —Å–µ—Ä—ñ—ó –ø–æ–≤—ñ—Ç—Ä—è–Ω–∏—Ö –∞—Ç–∞–∫ —Ä—Ñ –Ω–∞ –û–¥–µ—Å—å–∫—É –æ–±–ª–∞—Å—Ç—å.

–î–ª—è –∑–¥—ñ–π—Å–Ω–µ–Ω–Ω—è –≤–æ—Ä–æ–∂–∏—Ö —É–¥–∞—Ä—ñ–≤ –∑–ª–æ–≤–º–∏—Å–Ω–∏—Ü—è –ø–µ—Ä–µ–¥–∞–ª–∞ –æ–∫—É–ø–∞–Ω—Ç–∞–º –µ–ª–µ–∫—Ç—Ä–æ–Ω–Ω—ñ –∫–æ–æ—Ä–¥–∏–Ω–∞—Ç–∏ 9 –æ–±‚Äô—î–∫—Ç—ñ–≤ –≤—ñ–π—Å—å–∫–æ–≤–æ—ó —Ç–∞ –∫—Ä–∏—Ç–∏—á–Ω–æ—ó —ñ–Ω—Ñ—Ä–∞—Å—Ç—Ä—É–∫—Ç—É—Ä–∏ —Ä–µ–≥—ñ–æ–Ω—É.

–°–µ—Ä–µ–¥ –Ω–∏—Ö ‚Äì —É–∫—Ä—ñ–ø—Ä–∞–π–æ–Ω–∏ –°–∏–ª –æ–±–æ—Ä–æ–Ω–∏, —Ñ–æ—Ä—Ç–∏—Ñ—ñ–∫–∞—Ü—ñ–π–Ω—ñ —Å–ø–æ—Ä—É–¥–∏ —ñ —Å—Ç—Ä–∞—Ç–µ–≥—ñ—á–Ω–æ –≤–∞–∂–ª–∏–≤—ñ –ª–æ–∫–∞—Ü—ñ—ó –∑–∞–ª—ñ–∑–Ω–∏—á–Ω–æ–≥–æ —Å–ø–æ–ª—É—á–µ–Ω–Ω—è.

–ö—Ä—ñ–º —Ç–æ–≥–æ, —Ä–æ—Å—ñ–π—Å—å–∫–∞ –∫–æ—Ä–∏–≥—É–≤–∞–ª—å–Ω–∏—Ü—è –Ω–∞–º–∞–≥–∞–ª–∞—Å—å –≤—ñ–¥—Å–ª—ñ–¥–∫—É–≤–∞—Ç–∏ –Ω–∞–ø—Ä—è–º–∫–∏ –ø–æ–ª—å–æ—Ç—ñ–≤ –±–æ–π–æ–≤–æ—ó –∞–≤—ñ–∞—Ü—ñ—ó –ó–°–£.

–í—Ç—ñ–º, –°–ª—É–∂–±–∞ –±–µ–∑–ø–µ–∫–∏ –≤–∏–∫—Ä–∏–ª–∞ —Ñ—ñ–≥—É—Ä–∞–Ω—Ç–∫—É —â–µ –Ω–∞ –ø–æ—á–∞—Ç–∫–æ–≤–æ–º—É –µ—Ç–∞–ø—ñ —ó—ó —Ä–æ–∑–≤—ñ–¥—É–≤–∞–ª—å–Ω–æ-–ø—ñ–¥—Ä–∏–≤–Ω–æ—ó –¥—ñ—è–ª—å–Ω–æ—Å—Ç—ñ —Ç–∞ –ø–æ—ñ–Ω—Ñ–æ—Ä–º—É–≤–∞–ª–∞ –∫–æ–º–∞–Ω–¥—É–≤–∞–Ω–Ω—è —É–∫—Ä–∞—ó–Ω—Å—å–∫–∏—Ö –≤—ñ–π—Å—å–∫ –ø—Ä–æ –º–æ–∂–ª–∏–≤—ñ –∑–∞–≥—Ä–æ–∑–∏ –ø–æ–≤—ñ—Ç—Ä—è–Ω–∏—Ö –∞—Ç–∞–∫ —Ä—Ñ. –£ —Ä–µ–∑—É–ª—å—Ç–∞—Ç—ñ –±—É–ª–∏ –≤–∂–∏—Ç—ñ –∑–∞—Ö–æ–¥–∏ –¥–ª—è —É–±–µ–∑–ø–µ—á–µ–Ω–Ω—è –°–∏–ª –æ–±–æ—Ä–æ–Ω–∏ –∑–∞ –≤–∫–∞–∑–∞–Ω–∏–º–∏ –ª–æ–∫–∞—Ü—ñ—è–º–∏. 

–°–∞–º—É –∂ –∫–æ—Ä–∏–≥—É–≤–∞–ª—å–Ω–∏—Ü—é —Å–ø—ñ–≤—Ä–æ–±—ñ—Ç–Ω–∏–∫–∏ –°–ë–£ –∑–∞—Ç—Ä–∏–º–∞–ª–∏ –Ω–∞ —Å–ø—Ä–æ–±—ñ –ø–µ—Ä–µ–¥–∞—á—ñ –Ω–æ–≤–∏—Ö —Ä–æ–∑–≤—ñ–¥–¥–∞–Ω–∏—Ö –æ–∫—É–ø–∞–Ω—Ç–∞–º.

–¢–∏–º —Å–∞–º–∏–º —É–∫—Ä–∞—ó–Ω—Å—å–∫–∞ —Å–ø–µ—Ü—Å–ª—É–∂–±–∞ –∑–∞–ø–æ–±—ñ–≥–ª–∞ –∑–¥—ñ–π—Å–Ω–µ–Ω–Ω—é —Å–µ—Ä—ñ—ó –ø–æ–≤—ñ—Ç—Ä—è–Ω–∏—Ö —É–¥–∞—Ä—ñ–≤ –≤–æ—Ä–æ–≥–∞ –ø–æ ¬´–ø—ñ–¥–≥–æ—Ç–æ–≤–ª–µ–Ω–∏—Ö¬ª —Ü—ñ–ª—è—Ö –Ω–∞ —Ç–µ—Ä–∏—Ç–æ—Ä—ñ—ó —Ä–µ–≥—ñ–æ–Ω—É.

–ó–∞ –¥–∞–Ω–∏–º–∏ —Å–ª—ñ–¥—Å—Ç–≤–∞, —Ä–æ—Å—ñ–π—Å—å–∫–æ—é —ñ–Ω—Ñ–æ—Ä–º–∞—Ç–æ—Ä–∫–æ—é –≤–∏—è–≤–∏–ª–∞—Å—å –º–µ—à–∫–∞–Ω–∫–∞ –ß–æ—Ä–Ω–æ–º–æ—Ä—Å—å–∫–∞, —è–∫–∞ –Ω–∞ –ø–æ—á–∞—Ç–∫—É –ø–æ–≤–Ω–æ–º–∞—Å—à—Ç–∞–±–Ω–æ–≥–æ –≤—Ç–æ—Ä–≥–Ω–µ–Ω–Ω—è —Ä—Ñ –ø—ñ–¥—Ç—Ä–∏–º–∞–ª–∞ –æ–∫—É–ø–∞–Ω—Ç—ñ–≤ —ñ –∞–∫—Ç–∏–≤–Ω–æ –ø—Ä–æ —Ü–µ ¬´–≤–∏–ø–∏—Å—É–≤–∞–ª–∞¬ª —É –∑–∞–±–æ—Ä–æ–Ω–µ–Ω–∏—Ö —Å–æ—Ü–º–µ—Ä–µ–∂–∞—Ö.

–¢–∞–∫–∏–º —á–∏–Ω–æ–º –≤–æ–Ω–∞ –ø–æ—Ç—Ä–∞–ø–∏–ª–∞ —É –ø–æ–ª–µ –∑–æ—Ä—É –≤–æ—Ä–æ–∂–∏—Ö —Å–ø–µ—Ü—Å–ª—É–∂–±, —è–∫—ñ –∑–≥–æ–¥–æ–º –¥–∏—Å—Ç–∞–Ω—Ü—ñ–π–Ω–æ –∑–∞–ª—É—á–∏–ª–∏ —ó—ó –¥–æ —Å–ø—ñ–≤–ø—Ä–∞—Ü—ñ –Ω–∞ –∫–æ—Ä–∏—Å—Ç—å –∫—Ä–∞—ó–Ω–∏-–∞–≥—Ä–µ—Å–æ—Ä–∞.

–î–ª—è –æ—Ç—Ä–∏–º–∞–Ω–Ω—è —Ä–æ–∑–≤—ñ–¥–¥–∞–Ω–∏—Ö –∑–ª–æ–≤–º–∏—Å–Ω–∏—Ü—è —Ä–µ–≥—É–ª—è—Ä–Ω–æ —ó–∑–¥–∏–ª–∞ –º–∞—Ä—à—Ä—É—Ç–Ω–∏–º —Ç–∞–∫—Å—ñ –ø–æ —Ç–µ—Ä–∏—Ç–æ—Ä—ñ—ó —Ä–µ–≥—ñ–æ–Ω—É —Ç–∞ —Ñ—ñ–∫—Å—É–≤–∞–ª–∞ –º—ñ—Å—Ü—è –±–∞–∑—É–≤–∞–Ω–Ω—è —ñ –ø–µ—Ä–µ–º—ñ—â–µ–Ω–Ω—è —É–∫—Ä–∞—ó–Ω—Å—å–∫–∏—Ö –∑–∞—Ö–∏—Å–Ω–∏–∫—ñ–≤.

–û—Ç—Ä–∏–º–∞–Ω—ñ –≤—ñ–¥–æ–º–æ—Å—Ç—ñ –≤–æ–Ω–∞ –Ω–∞–¥—Å–∏–ª–∞–ª–∞ –æ–∫—É–ø–∞–Ω—Ç–∞–º —É –≤–∏–≥–ª—è–¥—ñ —Ç–µ–∫—Å—Ç–æ–≤–∏—Ö —ñ –≥–æ–ª–æ—Å–æ–≤–∏—Ö –ø–æ–≤—ñ–¥–æ–º–ª–µ–Ω—å —Ç–∞ —Å–∫—Ä—ñ–Ω—à–æ—Ç—ñ–≤ –µ–ª–µ–∫—Ç—Ä–æ–Ω–Ω–∏—Ö –∫–∞—Ä—Ç, –Ω–∞ —è–∫–∏—Ö –ø–æ–∑–Ω–∞—á–∞–ª–∞ —É–∫—Ä–∞—ó–Ω—Å—å–∫—ñ –æ–±‚Äô—î–∫—Ç–∏.

–ü—ñ–¥ —á–∞—Å –æ–±—à—É–∫—É —É –∑–∞—Ç—Ä–∏–º–∞–Ω–æ—ó –≤–∏–ª—É—á–µ–Ω–æ –º–æ–±—ñ–ª—å–Ω–∏–π —Ç–µ–ª–µ—Ñ–æ–Ω —ñ–∑ –¥–æ–∫–∞–∑–∞–º–∏ —ó—ó –∫–æ–º—É–Ω—ñ–∫–∞—Ü—ñ—ó –∑ –∞–≥—Ä–µ—Å–æ—Ä–æ–º.

–°–ª—ñ–¥—á—ñ –°–ª—É–∂–±–∏ –±–µ–∑–ø–µ–∫–∏ –ø–æ–≤—ñ–¥–æ–º–∏–ª–∏ —ó–π –ø—Ä–æ –ø—ñ–¥–æ–∑—Ä—É –∑–∞ —á. 3 —Å—Ç. 114-2 –ö—Ä–∏–º—ñ–Ω–∞–ª—å–Ω–æ–≥–æ –∫–æ–¥–µ–∫—Å—É –£–∫—Ä–∞—ó–Ω–∏. –ù–∞—Ä–∞–∑—ñ –≤–æ–Ω–∞ –ø–µ—Ä–µ–±—É–≤–∞—î –ø—ñ–¥ –≤–∞—Ä—Ç–æ—é.

–ó–ª–æ–≤–º–∏—Å–Ω–∏—Ü—ñ –∑–∞–≥—Ä–æ–∂—É—î –¥–æ 12 —Ä–æ–∫—ñ–≤ —Ç—é—Ä–º–∏.",2023-09-22,Crisis
–ù–∏–∫–æ–ª–∞–µ–≤—Å–∫–∏–π –í–∞–Ω—ë–∫,"–Ω–µ–¥–æ–±–∏—Ç—ã–π –º–æ–ø–µ–¥ –∫—É—Ä—Å–æ–º —á–µ—Ä–µ–∑ —Å–µ–≤–µ—Ä –û–¥–µ—Å—Å–∫–æ–π –æ–±–ª–∞—Å—Ç–∏ –≤ —Å—Ç–æ—Ä–æ–Ω—É –í–∏–Ω–Ω–∏—Ü–∫–æ–π

—É –Ω–∞—Å –≤ –æ–±–ª–∞—Å—Ç–∏ –ø–æ –º–æ–ø–µ–¥–∞–º –º–∏–Ω—É—Å",2023-09-27,Crisis
–ù–∏–∫–æ–ª–∞–µ–≤—Å–∫–∏–π –í–∞–Ω—ë–∫,"–ö—Ä–æ–ø–∏–≤–Ω–∏—á–∞—Ç–∞ - –º–æ–∂–µ—Ç –±—ã—Ç—å –≥—Ä–æ–º–∫–æ–≤–∞—Ç–æ!

–æ—Ç–±–æ–π –ø–æ –∑–≤—É–∫–∞–º –¥–ª—è –ö—Ä–∏–≤–æ—Ä–æ–∂–∞—Ç

–æ—á–µ—Ä–µ–¥–Ω–∞—è –ø–∞—Ä—Ç–∏—è –º–æ–ø–µ–¥–æ–≤ —Å –º–æ—Ä—è –ø–æ–¥–ª–µ—Ç–∞–µ—Ç –∫ –ß–µ—Ä–Ω–æ–º–æ—Ä—Å–∫—É - –û–¥–µ—Å—Å–µ - –º–æ–∂–µ—Ç –±—ã—Ç—å –≥—Ä–æ–º–∫–æ–≤–∞—Ç–æ!",2023-10-04,Crisis
–ù–∏–∫–æ–ª–∞–µ–≤—Å–∫–∏–π –í–∞–Ω—ë–∫,"+ –µ—â–µ 2 –±–æ—Ä—Ç–∞ –°–£-35–° - —Å–Ω–æ–≤–∞ –ø—É—Å–∫–∏ –ö–ê–ë, –≤ —ç—Ç–æ—Ç —Ä–∞–∑ –≤ —Å—Ç–æ—Ä–æ–Ω—É –ë–µ—Ä–∏—Å–ª–∞–≤—Å–∫–æ–≥–æ —Ä–∞–π–æ–Ω–∞ –•–µ—Ä—Å–æ–Ω—Å–∫–æ–π –æ–±–ª–∞—Å—Ç–∏

–±—É–¥—å—Ç–µ –≤ –±–µ–∑–æ–ø–∞—Å–Ω—ã—Ö –º–µ—Å—Ç–∞—Ö –¥–æ –æ—Ç–±–æ–µ–≤, –ø–æ–∂–∞–ª—É–π—Å—Ç–∞",2023-10-15,Crisis
–ù–∏–∫–æ–ª–∞–µ–≤—Å–∫–∏–π –í–∞–Ω—ë–∫,—É–≥—Ä–æ–∑–∞ –±–∞–ª–ª–∏—Å—Ç–∏–∫–∏ –¥–ª—è –ó–∞–ø–æ—Ä–æ–∂—Å–∫–æ–π/–î–Ω–µ–ø—Ä–æ–ø–µ—Ç—Ä–æ–≤—Å–∫–æ–π –æ–±–ª–∞—Å—Ç–µ–π!,2023-10-24,Crisis
–ù–∏–∫–æ–ª–∞–µ–≤—Å–∫–∏–π –í–∞–Ω—ë–∫,"–æ—Ç–±–æ–π –ø–æ —É–≥—Ä–æ–∑–µ

–ø–µ—Ç—É—Ö–∏ —Ç–∞–∫—Ç–∏—á–µ—Å–∫–æ–π –∞–≤–∏–∞—Ü–∏–∏ –ø–æ–∫–∏–Ω—É–ª–∏ –ª–µ–≤—ã–π –±–µ—Ä–µ–≥ –•–µ—Ä—Å–æ–Ω—Å–∫–æ–π –æ–±–ª–∞—Å—Ç–∏ –∫–∞–∫–æ–µ-—Ç–æ –≤—Ä–µ–º—è –Ω–∞–∑–∞–¥, —Å–∫–∏–Ω—É–≤ –ö–ê–ë—ã –≤ —Å—Ç–æ—Ä–æ–Ω—É –ë–µ—Ä–∏—Å–ª–∞–≤–∞ - –ó–º–µ–µ–≤–∫–∏

–¥–æ–∂–¥–∏—Ç–µ—Å—å –æ—Ç–±–æ–µ–≤ - –º–æ–∂–Ω–æ –±—É–¥–µ—Ç –≤–æ–∑–≤—Ä–∞—â–∞—Ç—å—Å—è –∫–æ —Å–Ω—É

–µ—Å–ª–∏ –±—É–¥–µ—Ç –∏–Ω—Ñ–æ—Ä–º–∞—Ü–∏—è –æ –∫–æ–Ω–∫—Ä–µ—Ç–Ω–æ–π —É–≥—Ä–æ–∑–µ - –±—É–¥—É –Ω–∞ —Å–≤—è–∑–∏",2023-10-27,Crisis
–ù–∏–∫–æ–ª–∞–µ–≤—Å–∫–∏–π –í–∞–Ω—ë–∫,300 000 üî™ üêî,2023-10-31,Crisis
–ù–∏–∫–æ–ª–∞–µ–≤—Å–∫–∏–π –í–∞–Ω—ë–∫,—ç—Ç–æ –≤–µ—Ä–æ—è—Ç–Ω–æ –±—ã–ª–∞ –•-59 —Å –Ω–æ—á–Ω–æ–≥–æ –ø–µ—Ç—É—Ö–∞-34,2023-11-02,Crisis
–ù–∏–∫–æ–ª–∞–µ–≤—Å–∫–∏–π –í–∞–Ω—ë–∫,"–ù–∞–¥–µ–∂–¥–æ–≤–∫–∞ –•–µ—Ä—Å–æ–Ω—Å–∫–æ–π –æ–±–ª–∞—Å—Ç–∏

–Ω–∞—Å–µ–ª–µ–Ω–Ω—ã–π –ø—É–Ω–∫—Ç –±—ã–ª –≤ –æ–∫–∫—É–ø–∞—Ü–∏–∏ –¥–æ –Ω–æ—è–±—Ä—è 2022 –≥–æ–¥–∞

–Ω–∞ —ç—Ç–æ–º –º–µ—Å—Ç–µ –±—ã–ª–∏ –∑–µ–º–ª—è–Ω–∫–∏/–æ–∫–æ–ø—ã –∞—Å–≤–∞–±–∞–¥–∏—Ç–µ–ª–µ–π

—Å–µ–π—á–∞—Å —Ç—É—Ç –≤–æ—Ç —Ç–∞–∫, –≥–æ–≤–æ—Ä—è—Ç —ç—Ç–æ –≤—Å—ë —Å–¥–µ–ª–∞–ª –º–µ—Å—Ç–Ω—ã–π –∂–∏—Ç–µ–ª—å

–æ—á–µ–Ω—å –∫—Ä—É—Ç–æ!",2023-11-04,Crisis
–ù–∏–∫–æ–ª–∞–µ–≤—Å–∫–∏–π –í–∞–Ω—ë–∫,—Å–µ–≥–æ–¥–Ω—è –∞—Å–≤–∞–±–∞–¥–∏—Ç–µ–ª–∏ –≤ —Ä–∞–π–æ–Ω–µ –ì–ª–∞–¥–∫–æ–≤–∫–∏ –ø–æ–ø–∞–ª–∏ –≤ –¥–∏—Å–∫–æ—Ç–µ–∫—É 200-—Ö –≥–æ–¥–æ–≤,2023-11-10,Crisis
–ù–∏–∫–æ–ª–∞–µ–≤—Å–∫–∏–π –í–∞–Ω—ë–∫,"–Ω–µ–¥–æ–±—Ä–æ–µ —É—Ç—Ä–æ, —É–≤–∞–∂–∞–µ–º—ã–µ –ö–∏–µ–≤—á–∞—Ç–∞ –æ–±–ª–∞—Å—Ç–∏

—Å –ñ–∏—Ç–æ–º–∏—Ä—Å–∫–æ–π –æ–±–ª–∞—Å—Ç–∏ –≤ —Ä–∞–π–æ–Ω –§–∞—Å—Ç–æ–≤–∞ –ö–∏–µ–≤—Å–∫–æ–π –æ–±–ª–∞—Å—Ç–∏ –ª–µ—Ç—è—Ç –æ—Å—Ç–∞—Ç–∫–∏ –º–æ–ø–µ–¥–æ–≤",2023-11-17,Crisis
–ù–∏–∫–æ–ª–∞–µ–≤—Å–∫–∏–π –í–∞–Ω—ë–∫,"–≤ —Ä–∞–π–æ–Ω–µ –¢–∞—Ä–∞—Å–æ–≤–∫–∏ –º–µ—Å—Ç–Ω—ã–µ —Å–æ–æ–±—â–∞—é—Ç –æ –∫–∞–∫–æ–º-—Ç–æ –≤–Ω–µ–ø–ª–∞–Ω–æ–≤–æ–º —Ñ–µ—Å—Ç–∏–≤–∞–ª–µ –ù–ê –ù–ê–•–£–ô

–≥–æ–≤–æ—Ä—è—Ç –¥–µ—Ç–æ–Ω–∏—Ä—É–µ—Ç —á—Ç–æ-—Ç–æ, —á—Ç–æ –∫–æ–≥–¥–∞-—Ç–æ –±—ã–ª–æ —Ç–µ—Ö–Ω–∏–∫–æ–π, –≤–∏–¥–Ω–æ —á—ë—Ä–Ω—ã–π –¥—ã–º

–Ω–æ—Å—è—Ç—Å—è –≤–æ–µ–Ω–Ω—ã–µ –º–∞—à–∏–Ω—ã

–∫–∞—Ü–∞–ø—Å–∫–∏–µ –∞—Å–≤–∞–±–∞–¥–∏—Ç–µ–ª–∏ –ø–æ–≤—ã–ª–∞–∑–∏–ª–∏ —Å –¥–æ–º–æ–≤, –∫–æ—Ç–æ—Ä—ã–µ –∑–∞–Ω–∏–º–∞–ª–∏

–Ω–∞–≤–µ—Ä–Ω–æ–µ —á—Ç–æ-—Ç–æ —Å–ª—É—á–∏–ª–æ—Å—å‚Ä¶",2023-11-17,Crisis
–ù–∏–∫–æ–ª–∞–µ–≤—Å–∫–∏–π –í–∞–Ω—ë–∫,–ø—Ä–æ–ª—ë—Ç –º–æ–ø–µ–¥–∞ —á–µ—Ä–µ–∑ –ë–µ—Ä–∏—Å–ª–∞–≤—Å–∫–∏–π —Ä–∞–π–æ–Ω –•–µ—Ä—Å–æ–Ω—Å–∫–æ–π –æ–±–ª–∞—Å—Ç–∏ –≤ —Å—Ç–æ—Ä–æ–Ω—É –°–Ω–∏–≥–∏—Ä—ë–≤–∫–∏,2023-12-02,Crisis
–ù–∏–∫–æ–ª–∞–µ–≤—Å–∫–∏–π –í–∞–Ω—ë–∫,"–ø—É—Å–∫–∏ –±—ã–ª–∏ —Å —Ä–∞–π–æ–Ω–∞ –≠–Ω–≥–µ–ª—å—Å–∞

–≤ –≤–æ–∑–¥—É—Ö–µ –Ω–∞ –º–æ–º–µ–Ω—Ç –ø—É—Å–∫–æ–≤ –±—ã–ª–æ 7 –±–æ—Ä—Ç–æ–≤ –¢–£-95–º—Å

–ø–æ—á–µ–º—É –Ω–µ –ø–∏—Å–∞–ª–∏ –æ –≤–∑–ª—ë—Ç–∞—Ö –Ω–µ —Å–ø—Ä–∞—à–∏–≤–∞–π—Ç–µ - —É –º–µ–Ω—è –Ω–µ—Ç –æ—Ç–≤–µ—Ç–∞

–ø—Ä–∏–º–∏—Ç–µ –º–µ—Ä—ã –±–µ–∑–æ–ø–∞—Å–Ω–æ—Å—Ç–∏ –ø–æ–∂–∞–ª—É–π—Å—Ç–∞ –∏ —Ä–µ–∞–≥–∏—Ä—É–π—Ç–µ –Ω–∞ –ø—Ä–µ–¥—É–ø—Ä–µ–∂–¥–µ–Ω–∏—è

—É–≥—Ä–æ–∑–∞ –ø–æ —Ä–∞–∫–µ—Ç–∞–º üëâ –•–∞—Ä—å–∫–æ–≤—Å–∫–∞—è, –î–Ω–µ–ø—Ä–æ–ø–µ—Ç—Ä–æ–≤—Å–∫–∞—è –æ–±–ª–∞—Å—Ç–∏",2023-12-08,Crisis
–ù–∏–∫–æ–ª–∞–µ–≤—Å–∫–∏–π –í–∞–Ω—ë–∫,"–µ—â—ë –º–∏–Ω—É—Å –æ–¥–Ω–∞ –ø—å—è–Ω–∞—è —Ä–∞–∫–µ—Ç–∞, –≤ —ç—Ç–æ—Ç —Ä–∞–∑ –≤ –ó–∞–ø–æ—Ä–æ–∂—Å–∫–æ–π –æ–±–ª–∞—Å—Ç–∏

–∑–¥–µ—Å—å —à–∞—Å—Ç–∞—Ç—å –Ω–µ–ª—å–∑—è",2023-12-11,Crisis
–ù–∏–∫–æ–ª–∞–µ–≤—Å–∫–∏–π –í–∞–Ω—ë–∫,–°—Ç–∞—Ä–∫–æ–Ω - –≤ —É–∫—Ä—ã—Ç–∏—è!,2023-12-14,Crisis
–ù–∏–∫–æ–ª–∞–µ–≤—Å–∫–∏–π –í–∞–Ω—ë–∫,"üí•**–£ –î–Ω—ñ–ø—Ä–æ–ø–µ—Ç—Ä–æ–≤—Å—å–∫—ñ–π –æ–±–ª–∞—Å—Ç—ñ –±—É–ª–æ –∑–Ω–∏—â–µ–Ω–æ —Ä–∞–∫–µ—Ç—É –•-59**, - –û–í–ê",2023-12-14,Crisis
–ù–∏–∫–æ–ª–∞–µ–≤—Å–∫–∏–π –í–∞–Ω—ë–∫,"–ø–æ 1 –º–æ–ø–µ–¥—É –≤ –ù–∏–∫–æ–ª–∞–µ–≤—Å–∫–æ–π, –ö–∏—Ä–æ–≤–æ–≥—Ä–∞–¥—Å–∫–æ–π –∏ –í–∏–Ω–Ω–∏—Ü–∫–æ–π –æ–±–ª–∞—Å—Ç—è—Ö

–≤ –æ–±–ª–∞—Å—Ç—è—Ö –º–æ–∂–µ—Ç –±—ã—Ç—å —Å–ª—ã—à–Ω–∞ –∞–Ω—Ç–∏–º–æ–ø–µ–¥–Ω–∞—è —Ä–∞–±–æ—Ç–∞

–Ω–∞–ø–æ–º–∏–Ω–∞—é: –≤—Å–µ –∑–≤—É–∫–∏ (–∫—Ä–æ–º–µ –º–æ–ø–µ–¥–æ–≤) - —ç—Ç–æ —Å–≤–æ–∏",2023-12-26,Crisis
–ù–∏–∫–æ–ª–∞–µ–≤—Å–∫–∏–π –í–∞–Ω—ë–∫,"–ö—Ä–æ–ø–∏–≤–Ω–∏—á–∞—Ç–∞ - –≤–µ—Ä–æ—è—Ç–Ω–æ –∫—Ä—ã–ª–∞—Ç—ã–µ —Ä–∞–∫–µ—Ç—ã –ª–µ—Ç—è—Ç —á–µ—Ä–µ–∑ –•–µ—Ä—Å–æ–Ω—Å–∫—É—é –æ–±–ª–∞—Å—Ç—å –≤ –≤–∞—à—É —Å—Ç–æ—Ä–æ–Ω—É!

–ø–æ–∂–∞–ª—É–π—Å—Ç–∞, –ø—Ä–∏–º–∏—Ç–µ –º–µ—Ä—ã –±–µ–∑–æ–ø–∞—Å–Ω–æ—Å—Ç–∏",2023-12-29,Crisis
–ù–∏–∫–æ–ª–∞–µ–≤—Å–∫–∏–π –í–∞–Ω—ë–∫,—Ç–µ–ø–µ—Ä—å –≤–æ–∑–≤—Ä–∞—â–∞–µ—Ç—Å—è –≤ —Å—Ç–æ—Ä–æ–Ω—É –ë—Ä–æ–≤–∞—Ä–æ–≤,2024-01-02,Crisis
–ù–∏–∫–æ–ª–∞–µ–≤—Å–∫–∏–π –í–∞–Ω—ë–∫,"–æ—Ç–±–æ–π –ø–æ –º–æ–ø–µ–¥–∞–º

–≤—Å–µ–º –∂–µ–ª–∞—é —Ç–∏—Ö–æ–π –Ω–æ—á–∫–∏! üíï",2024-01-07,Crisis
–ù–∏–∫–æ–ª–∞–µ–≤—Å–∫–∏–π –í–∞–Ω—ë–∫,"‚ö°Ô∏è–ü—Ä–æ —Å–∏—Ç—É–∞—Ü—ñ—é –Ω–∞ —Ñ—Ä–æ–Ω—Ç—ñ –∑ –ø–µ—Ä—à–∏—Ö –≤—É—Å—Ç

–§–æ—Ç–æ–∫–æ—Ä–µ—Å–ø–æ–Ω–¥–µ–Ω—Ç —Å–ª—É–∂–±–∏ –∑–≤ º—è–∑–∫—ñ–≤ –∑ –≥—Ä–æ–º–∞–¥—Å—å–∫—ñ—Å—Ç—é ü¶Ö25 –æ–∫—Ä–µ–º–æ—ó –ø–æ–≤—ñ—Ç—Ä—è–Ω–æ–¥–µ—Å–∞–Ω—Ç–Ω–æ—ó –°—ñ—á–µ—Å–ª–∞–≤—Å—å–∫–æ—ó –±—Ä–∏–≥–∞–¥–∏üá∫üá¶ –ø–æ–±—É–≤–∞–≤ –Ω–∞ –ø–æ–∑–∏—Ü—ñ—è—Ö –¥–µ—Å–∞–Ω—Ç–Ω–∏–∫—ñ–≤ –Ω–∞ –æ–¥–Ω–æ–º—É –∑ –Ω–∞–π–≤–∞–∂—á–∏—Ö –Ω–∞–ø—Ä—è–º–∫—ñ–≤ —Ñ—Ä–æ–Ω—Ç—É.

–°–∏–ª—å–Ω—ñ, –º—É–∂–Ω—ñ —Ç–∞ –Ω–µ–∑–ª–∞–º–Ω—ñ! –£ –Ω–∞–¥–ª—é–¥—Å—å–∫–∏—Ö —É–º–æ–≤–∞—Ö, —É –±–µ–∑–ø–æ—Å–µ—Ä–µ–¥–Ω—ñ–π –±–ª–∏–∑—å–∫–æ—Å—Ç—ñ –¥–æ –≤–æ—Ä–æ–≥–∞, –°—ñ—á–µ—Å–ª–∞–≤—Ü—ñ –º—ñ—Ü–Ω–æ —Ç—Ä–∏–º–∞—é—Ç—å –æ–±–æ—Ä–æ–Ω—É, –∑–∞–≤–¥–∞—é—á–∏ –≤–æ—Ä–æ–≥—É —á–∏–º–∞–ª–∏—Ö –≤—Ç—Ä–∞—Ç!

–î–µ—Ç–∞–ª—å–Ω—ñ—à–µ –¥–∏–≤—ñ—Ç—å—Å—è —É —Ä–µ–ø–æ—Ä—Ç–∞–∂—ñ

–†–∞–∑–æ–º –¥–æ –ü–µ—Ä–µ–º–æ–≥–∏! –î–®–í - –ó–∞–≤–∂–¥–∏ –ü–µ—Ä—à—ñ! –°–ª–∞–≤–∞ –£–∫—Ä–∞—ó–Ω—ñ!",2024-01-13,Crisis
–ù–∏–∫–æ–ª–∞–µ–≤—Å–∫–∏–π –í–∞–Ω—ë–∫,"1 –∏–∑ –º–æ–ø–µ–¥–æ–≤ –ª–µ—Ç–∏—Ç –≤ —Å—Ç–æ—Ä–æ–Ω—É –î–Ω–µ–ø—Ä–∞

–µ—Å–ª–∏ –∫—É—Ä—Å –Ω–µ –∏–∑–º–µ–Ω–∏—Ç - —á–µ—Ä–µ–∑ –º–∏–Ω—É—Ç 5-7 –º–æ–∂–µ—Ç –±—ã—Ç—å –≥—Ä–æ–º–∫–æ–≤–∞—Ç–æ!

—É–≥—Ä–æ–∑–∞ –ø–æ –º–æ–ø–µ–¥–∞–º üëâ –î–Ω–µ–ø—Ä–æ–ø–µ—Ç—Ä–æ–≤—Å–∫–∞—è, –•–µ—Ä—Å–æ–Ω—Å–∫–∞—è, –ù–∏–∫–æ–ª–∞–µ–≤—Å–∫–∞—è –æ–±–ª–∞—Å—Ç–∏",2024-01-21,Crisis
–ù–∏–∫–æ–ª–∞–µ–≤—Å–∫–∏–π –í–∞–Ω—ë–∫,"–∫–∞–∫ –∏ –ø–∏—Å–∞–ª, 2-–∞—è –≥—Ä—É–ø–ø–∞ —Ä–∞–∫–µ—Ç –ª–µ—Ç–∏—Ç –∏–¥–µ–Ω—Ç–∏—á–Ω—ã–º –∫—É—Ä—Å–æ–º –∫–∞–∫ –ø—Ä–µ–¥—ã–¥—É—â–∞—è - —á–µ—Ä–µ–∑ –ñ–∏—Ç–æ–º–∏—Ä—Å–∫—É—é –æ–±–ª–∞—Å—Ç—å –≤ —Å—Ç–æ—Ä–æ–Ω—É –ö–∏–µ–≤—Å–∫–æ–π, –¥–∞–ª—å—à–µ –≤–µ—Ä–æ—è—Ç–Ω–æ –Ω–∞ –ö–∏–µ–≤

–±—É–¥–µ—Ç —Å–Ω–æ–≤–∞ –≥—Ä–æ–º–∫–æ, –ø–∞—Ä–Ω–∏ —Å–Ω–æ–≤–∞ –±—É–¥—É—Ç —Ä–∞–±–æ—Ç–∞—Ç—å

–ö–∏–µ–≤—á–∞—Ç–∞ - –±–µ—Ä–µ–≥–∏—Ç–µ —Å–µ–±—è",2024-01-23,Crisis
–ù–∏–∫–æ–ª–∞–µ–≤—Å–∫–∏–π –í–∞–Ω—ë–∫,"—Ä–∞–∫–µ—Ç—ã –Ω–µ –∂–¥—ë–º

–±—É–¥—É—Ç –æ—Ç–±–æ–∏ —Ç—Ä–µ–≤–æ–≥

–º–æ–∂–Ω–æ –ø–∏—Å—è—Ç—å –∏ –∂–∏—Ç—å

–Ω–∞–¥–µ—é—Å—å, –≤—ã –≤—Å–µ —Ü–µ–ª—ã–µ –∏ —Å –≤–∞–º–∏ –≤—Å—ë –≤ –ø–æ—Ä—è–¥–∫–µ

–∫ —Å–æ–∂–∞–ª–µ–Ω–∏—é, –µ—Å—Ç—å –ø–æ–≥–∏–±—à–∏–µ –∏ –ø–æ—Å—Ç—Ä–∞–¥–∞–≤—à–∏–µ –≥—Ä–∞–∂–¥–∞–Ω—Å–∫–∏–µ :(

—É—Ç–æ—á–Ω–µ–Ω–∏—è:

5 –±–æ—Ä—Ç–æ–≤ –¢–£-22–ú3 —Å–æ–≤–µ—Ä—à–∏–ª–∏ –ø–æ—Å–∞–¥–∫—É –Ω–µ –≤ –®–∞–π–∫–æ–≤–∫–µ, –∞ –≤ –î—è–≥–∏–ª–µ–≤–æ

6 –±–æ—Ä—Ç–æ–≤ –¢–£-95–º—Å —Å–µ–ª–∏ –Ω–∞ –≠–Ω–≥–µ–ª—å—Å–µ",2024-01-23,Crisis
–ù–∏–∫–æ–ª–∞–µ–≤—Å–∫–∏–π –í–∞–Ω—ë–∫,"–ì—Ä—É–ø–ø–∞ ¬´–ì—Ä–æ–º–∞¬ª –†–æ–º—ã –ö–æ—Å—Ç–µ–Ω–∫–æ –∑–∞ –ø–∞—Ä—É –Ω–æ—á–µ–π —Å–Ω–µ—Å–ª–∞ –µ—â–µ 3 –µ–¥–∏–Ω–∏—Ü—ã –î-20/30 –≤ —Ä–∞–π–æ–Ω–µ –ß–µ–ª–±—É—Ä–¥—ã –•–µ—Ä—Å–æ–Ω—Å–∫–æ–π –æ–±–ª–∞—Å—Ç–∏

üî•",2024-01-23,Crisis
–ù–∏–∫–æ–ª–∞–µ–≤—Å–∫–∏–π –í–∞–Ω—ë–∫,"–Æ–∂–Ω–æ—É–∫—Ä–∞–∏–Ω—Å–∫/–í–æ–∑–Ω–µ—Å–µ–Ω—Å–∫ - —Ä–∞–±–æ—Ç–∞ –∞–Ω—Ç–∏–º–æ–ø–µ–¥–Ω—ã—Ö –≤–æ–π—Å–∫, –±—É–¥—å—Ç–µ –ø–æ–∂–∞–ª—É–π—Å—Ç–∞ –ù–ï –í–û–ó–õ–ï –û–ö–û–ù

—Å–Ω–æ–≤–∞ –±—É–¥–µ—Ç –≥—Ä–æ–º–∫–æ–≤–∞—Ç–æ",2024-01-28,Crisis
–ù–∏–∫–æ–ª–∞–µ–≤—Å–∫–∏–π –í–∞–Ω—ë–∫,"¬†¬† üá∫üá¶ –ó–∞–≤—Ç—Ä–∞**, 02 –ª—é—Ç–æ–≥–æ,** –ú–∏–∫–æ–ª–∞—ó–≤—Å—å–∫–∞ –æ–±–ª–∞—Å–Ω–∞ —Å—Ç–∞–Ω—Ü—ñ—è –ø–µ—Ä–µ–ª–∏–≤–∞–Ω–Ω—è –∫—Ä–æ–≤—ñ —á–µ–∫–∞—î **–¥–æ–Ω–æ—Ä—ñ–≤ –≤—Å—ñ—Ö –≥—Ä—É–ø –∫—Ä–æ–≤—ñ!üá∫üá¶
¬†¬†¬†¬†¬†¬†¬†¬†¬†¬†¬†¬†¬†¬†¬†¬†¬†¬†¬†¬† ***
–í–ö–†–ê–ô –ù–ï–û–ë–•–Ü–î–ù–ê –ö–†–û–í 
–ì–†–£–ü–ò I(-)!

¬†¬†¬†¬†¬†¬†¬†¬†¬†¬†¬†¬†¬†¬†¬†¬†¬†¬†**¬†¬†** ***
–¢–∞–∫–æ–∂ –ø–æ—Ç—Ä—ñ–±–Ω—ñ —Ç—Ä–æ–º–±–æ—Ü–∏—Ç–∏ II(+) —Ç–∞ II(-)!
¬†¬†¬†¬†¬†¬†¬†¬†¬†¬†¬†¬†¬†¬†¬†¬†¬†¬†¬†¬† *****

–¢–µ–ª–µ—Ñ–æ–Ω¬† —Ä–µ—î—Å—Ç—Ä–∞—Ç—É—Ä–∏:¬†**¬†¬†¬†¬†¬†¬†¬†¬†¬†¬†¬†¬†**¬†¬†¬†¬†¬†¬†¬†¬†¬†¬†¬†¬†¬†¬†¬†¬†¬†¬†¬†¬†¬†¬†¬†¬†¬†¬†¬†¬†¬†¬† 0512-709-452**.**

–Ø–∫ –∑–∞–≤–∂–¥–∏, —á–µ–∫–∞—î–º–æ –Ω–∞ –≤–∞—Å –∑ 8.00 –¥–æ 13:00. üïä

¬†¬†¬†¬†¬†¬†¬†¬†¬†¬†¬†¬† üá∫üá¶üá∫üá¶üá∫üá¶
–î—è–∫—É—î–º–æ –∫–æ–∂–Ω–æ–º—É –∑ –í–∞—Å –∑–∞ –í–∞—à –≤–∞–∂–ª–∏–≤–∏–π –≤–Ω–µ—Å–æ–∫ –≤ —Å–ø—Ä–∞–≤—É –¥–æ–Ω–æ—Ä—Å—Ç–≤–∞ –≤ —Ü–µ–π –≤–∞–∂–∫–∏–π –¥–ª—è –Ω–∞—à–æ—ó –£–∫—Ä–∞—ó–Ω–∏ —á–∞—Å!

¬†¬†¬†¬†¬†¬†¬†¬†¬†¬†¬†¬†¬† üá∫üá¶üá∫üá¶üá∫üá¶
**__–£ –≤—ñ–π–Ω–∏ –Ω–µ–º–∞—î —Å–≤—è—Ç–∞.
–¢–≤–æ—è –∫—Ä–æ–≤ –±—É–¥–µ –≤–æ—é–≤–∞—Ç–∏!__**",2024-02-01,Other
–ù–∏–∫–æ–ª–∞–µ–≤—Å–∫–∏–π –í–∞–Ω—ë–∫,"–Ω–æ–≤—ã–µ –º–æ–ø–µ–¥—ã

–≥—Ä—É–ø–ø–∞ (4-6 —à—Ç.) —á–µ—Ä–µ–∑ –ö–∏–Ω–±—É—Ä–Ω—Å–∫—É—é –ö–æ—Å—É –≤ —Å—Ç–æ—Ä–æ–Ω—É –î–º–∏—Ç—Ä–æ–≤–∫–∏ –ù–∏–∫–æ–ª–∞–µ–≤—Å–∫–æ–π –æ–±–ª–∞—Å—Ç–∏, –∫—É—Ä—Å —Å–µ–≤–µ—Ä–æ–∑–∞–ø–∞–¥–Ω—ã–π

–º–æ–ø–µ–¥—ã —á–µ—Ä–µ–∑ –ë–µ—Ä–∏—Å–ª–∞–≤—Å–∫–∏–π —Ä–∞–π–æ–Ω –•–µ—Ä—Å–æ–Ω—Å–∫–æ–π –æ–±–ª–∞—Å—Ç–∏ –∫—É—Ä—Å–æ–º –∑–∞–ø–∞–¥–Ω—ã–º, –ª–µ—Ç—è—Ç —á–µ—Ä–µ–∑ –ó–µ–ª–µ–Ω–æ–¥–æ–ª—å—Å–∫",2024-02-10,Crisis
–ù–∏–∫–æ–ª–∞–µ–≤—Å–∫–∏–π –í–∞–Ω—ë–∫,"üî±üî± –í–µ—á—ñ—Ä–Ω—è ¬´–ø—Ä–æ—Å–º–∞–∂–∫–∞¬ª –ø—É—Ç—ñ–Ω—Å—å–∫–æ–≥–æ –º º—è—Å–∞ –≤—ñ–¥ –º–∏–∫–æ–ª–∞—ó–≤—Å—å–∫–∏—Ö –º–æ—Ä–ø—ñ—Ö—ñ–≤-—Ä–µ–∞–∫—Ç–∏–≤–Ω–∏–∫—ñ–≤.

üü¶ 36 –û–ë—Ä–ú–ü —É —Å–æ—Ü–º–µ—Ä–µ–∂–∞—Ö:
[Facebook](https://www.facebook.com/36obmp/) | [YouTube](http://www.youtube.com/@36obrmp) | [Instagram](https://www.instagram.com/36_obrmp)",2024-02-11,Crisis
–ù–∏–∫–æ–ª–∞–µ–≤—Å–∫–∏–π –í–∞–Ω—ë–∫,"–ó–∞–ø–æ—Ä–æ–∂—Å–∫–æ–µ –Ω–∞–ø—Ä–∞–≤–ª–µ–Ω–∏–µ 
 
–ó–¥–µ—Å—å –∏–¥–µ—Ç –∞–∫—Ç–∏–≤–∏–∑–∞—Ü–∏—è –¥–µ–π—Å—Ç–≤–∏–π —Å–æ —Å—Ç–æ—Ä–æ–Ω—ã –ö–æ–ø–∞–Ω–µ–π, –í–µ—Ä–±–æ–≤–æ–≥–æ –∏ –ù–æ–≤–æ–ø—Ä–æ–∫–æ–ø–æ–≤–∫–∏ 
 
–¢–∞–∫–∂–µ –∏–¥–µ—Ç –ø—Ä–æ—â—É–ø—ã–≤–∞–Ω–∏–µ –Ω–∞—à–µ–π –æ–±–æ—Ä–æ–Ω—ã —Å —Ä–∞–π–æ–Ω–æ–≤ –Ω.–ø –ú–∏—Ä–Ω–æ–µ –∏ –ù–µ—Å—Ç–µ—Ä—è–Ω–∫–∏ 
 
–ø–æ —Å—É—Ç–∏ –∏–¥–µ—Ç —Ä–∞–∑–≤–µ–¥–∫–∞ –±–æ–µ–º, –≤ –Ω–∏—Ö –∑–∞–¥–µ–π—Å—Ç–≤–æ–≤–∞–Ω—ã (–Ω—É–∂–¥–∞–µ—Ç—Å—è –≤ —É—Ç–æ—á–Ω–µ–Ω–∏–∏): 
 
503 –º—Å–ø, 136 –æ–º–±—Ä, 71 –º—Å–ø, 291 –º—Å–ø, 42 –º—Å–¥, 291 –º—Å–ø –∏ –¥–µ—Å–∞–Ω—Ç—É—Ä–∞ 
 
–æ–±—â–∞—è —á–∏—Å–ª–µ–Ω–Ω–æ—Å—Ç—å –Ω–∞ –ø–µ—Ä–µ–¥–∫–µ –ø–æ —Å–æ—Å—Ç–æ—è–Ω–∏—é –Ω–∞ –≤—á–µ—Ä–∞ - –¥–æ 3000 —à–≤–∞–π–Ω–µ—Ö—É–Ω–¥–æ–≤—Å–∫–∏—Ö –æ—Å–æ–±–µ–π + –Ω–µ–∏–∑–≤–µ—Å—Ç–Ω–æ–µ –∫–æ–ª–∏—á–µ—Å—Ç–≤–æ —Ç–µ—Ö–Ω–∏–∫–∏, –Ω–æ –ø–æ–∫–∞ —Ç–æ–∂–µ –¥–æ 100 –µ–¥, –∫–æ—Ç–æ—Ä–∞—è –Ω–µ–ø–æ—Å—Ä–µ–¥—Å—Ç–≤–µ–Ω–Ω–æ –±—É–¥–µ—Ç –∏–ª–∏ —É–∂–µ –ø—Ä–∏–Ω–∏–º–∞–ª–∞ —É—á–∞—Å—Ç–∏–µ –≤ —à—Ç—É—Ä–º–∞—Ö 
 
–∫—Ç–æ —Å—Ç–æ–∏—Ç —Å –Ω–∞—à–µ–π —Å—Ç–æ—Ä–æ–Ω—ã, –∫–∞–∫–∏–µ –¥–µ–π—Å—Ç–≤–∏—è –æ–Ω–∏ –ø—Ä–µ–¥–ø—Ä–∏–Ω–∏–º–∞—é—Ç –∫–∞–∫ –≤—Å–µ–≥–¥–∞ –Ω–µ –∫–æ–º–º–µ–Ω—Ç–∏—Ä—É—é 

–º–æ–≥—É —Å–∫–∞–∑–∞—Ç—å —á—Ç–æ –ø–æ—Å–ª–µ –ø–æ—Å–ª–µ–¥–Ω–∏—Ö –ø–µ—Ä–µ—Å—Ç–∞–Ω–æ–≤–æ–∫ –Ω–∞ –∫–ª—é—á–µ–≤—ã—Ö –∫–æ–º–∞–Ω–¥—É—é—â–∏—Ö –¥–æ–ª–∂–Ω–æ—Å—Ç—è—Ö –µ—Å—Ç—å –Ω–∞–∫–æ–Ω–µ—Ü-—Ç–æ –≥—Ä–∞–º–æ—Ç–Ω–∞—è —Ä–µ–∞–∫—Ü–∏—è –Ω–∞ —Ç–∞–∫–æ–≥–æ —Ä–æ–¥–∞ —à—Ç—É—Ä–º—ã - –æ–≥–Ω–µ–≤–æ–π –∫–æ–Ω—Ç—Ä–æ–ª—å –Ω–∞ —É—Ä–æ–≤–Ω–µ 
 
–≥—Ä—É–ø–ø–∞ —à–≤–∞–π–Ω–µ—Ö—É–Ω–¥–æ–≤—Å–∫–æ–π –ø–µ—Ö–æ—Ç—ã –∏ 2 –ë–¢–†–∞ –ø—ã—Ç–∞–ª–∏—Å—å –ø—Ä–æ–µ—Ö–∞—Ç—å –≤ –≥–ª—É–±–∏–Ω—É –æ–±–æ—Ä–æ–Ω—ã - –∏—Ö –ø—Ä–æ–ø—É—Å—Ç–∏–ª–∏, –∞ –ø–æ—Å–ª–µ –≤—Å–µ—Ö —Ä–∞–∑–±–∏–ª–∏ 
 
–≤—ã–ª–∞–∑–∫–∏ –≤ —Å—Ç–æ—Ä–æ–Ω—É –ú–∞–ª—ã—Ö –©–µ—Ä–±–∞–∫–æ–≤ —Ç–æ–∂–µ –Ω–∏–∫–∞–∫–æ–≥–æ —Ä–µ–∑—É–ª—å—Ç–∞—Ç–∞ –Ω–µ –ø—Ä–∏–Ω–µ—Å–ª–∏, –∫—Ä–æ–º–µ –ø–æ—Ç–µ—Ä—è–Ω–Ω–æ–π —Ç–µ—Ö–Ω–∏–∫–∏ 
 
–∑–∞–¥–∞—á–∞ —É –Ω–∏—Ö —Å—Ç–æ–∏—Ç –≤–∑—è—Ç—å –∫–ª—é—á–µ–≤—ã–µ –≤—ã—Å–æ—Ç—ã, —Ç–æ –µ—Å—Ç—å –†–∞–±–æ—Ç–∏–Ω–æ, —É—á–∏—Ç—ã–≤–∞—è —á—Ç–æ —ç—Ç–æ—Ç –Ω–∞—Å–µ–ª–µ–Ω–Ω—ã–π –ø—É–Ω–∫—Ç —Å–æ–∑–¥–∞—ë—Ç –æ–∫–Ω–æ –≤–æ–∑–º–æ–∂–Ω–æ—Å—Ç–µ–π –¥–ª—è –æ–±–µ–∏—Ö —Å—Ç–æ—Ä–æ–Ω 
 
–Ω–∞ —ç—Ç–æ–π –Ω–µ–¥–µ–ª–µ —à—Ç—É—Ä–º—ã –±—É–¥—É—Ç –ø—Ä–æ–¥–æ–ª–∂–∞—Ç—å—Å—è, –Ω–æ —É–∂–µ —Å –¥–µ—Å–∞–Ω—Ç—É—Ä–æ–π –∏ –≥—Ä–∞–∂–¥–∞–Ω–∞–º–∏ ... –≠—Ñ–∏–æ–ø–∏–∏ 
 
—Ç–∞–∫, –≤ 71 –º—Å–ø —Ç–∞–∫–∏–µ –≥—Ä–∞–∂–¥–∞–Ω–µ –±—ã–ª–∏ –∑–∞–º–µ—á–µ–Ω—ã, –≤—Å–µ–≥–æ –∏—Ö —á–µ–ª–æ–≤–µ–∫ 100. –ß—Ç–æ –æ–Ω–∏ —Ç—É—Ç –∑–∞–±—ã–ª–∏ —è –Ω–µ –∑–Ω–∞—é, –Ω–∞–≤–µ—Ä–Ω–æ–µ —Ç–æ–∂–µ –ª—é–±—è—Ç —Å—Ç–∞—Ä—ã—Ö –º–∞—Ä–∞–∑–º–∞—Ç–∏—á–µ—Å–∫–∏—Ö –¥–µ–¥–æ–≤ 
 
–•–µ—Ä—Å–æ–Ω—Å–∫–æ–µ –Ω–∞–ø—Ä–∞–≤–ª–µ–Ω–∏–µ 
 
–æ–±—Å—Ç–∞–Ω–æ–≤–∫–∞ –±–µ–∑ –æ—Å–æ–±—ã—Ö –∏–∑–º–µ–Ω–µ–Ω–∏–π 
 
—Ö–æ—Ç—è –∫–∞–∫–∏–µ-—Ç–æ –±—Ä–∞–≤—ã–µ —Ä–µ–±—è—Ç–∞ –∑–Ω–∞—Ç–Ω–æ –ø–æ—Ä–∞–±–æ—Ç–∞–ª–∏ –Ω–∞ –ö–∏–Ω–±—É—Ä–Ω—Å–∫–æ–π –ö–æ—Å–µ - —Å–Ω–µ—Å–ª–∏ –∏ –ø–æ–ª–µ–≤—ã–µ —Å–∫–ª–∞–¥—ã –ë–ö, –ì–°–ú –∏ –Ω–µ—Å–∫–æ–ª—å–∫–æ —Ä–∞—Å–ø–æ–ª–æ–∂–µ–Ω–∏–π. –®–≤–∞–π–Ω–µ—Ö—É–Ω–¥–µ –∏–∑—Ä—è–¥–Ω–æ –æ–±–æ—Å—Ä–∞–ª–∏—Å—å, –Ω–æ —á—É—Ç—å –ø–æ–∑–∂–µ –≤–æ–∑–æ–±–Ω–æ–≤–∏–ª–∏ –æ—Ç—Å—Ç—Ä–µ–ª –ë–ö –≤ –º–æ–ª–æ–∫–æ, —Ö–æ—Ç—å –≤–æ–∑–¥—É—à–Ω—É—é —Ä–∞–∑–≤–µ–¥–∫—É —Å –ó–∞–ª—ã –ø—Ä–æ–≤–æ–¥—è—Ç –ø–æ—Å—Ç–æ—è–Ω–Ω–æ 
 
–ø—Ä–æ–¥–æ–ª–∂–∞—é—Ç—Å—è –±–µ—Å–ø–æ–ª–µ–∑–Ω—ã–µ –ø–æ–ø—ã—Ç–∫–∏ —à—Ç—É—Ä–º–æ–≤–∞—Ç—å –ö—Ä—ã–Ω–∫–∏ –∏ –≤—ã–±–∏—Ç—å –Ω–∞—Å –æ—Ç—Ç—É–¥–∞ 
 
—Å–Ω–æ–≤–∞ –∏–∑ –∂–æ–ø—ã –¥–æ—Å—Ç–∞–ª–∏ –æ–±–æ—Å—Ä–∞–Ω—É—é 810-—É—é –ø–µ—Ö–æ—Ç—É, –∫–æ—Ç–æ—Ä–∞—è —Ç–æ –Ω–∞ –º–∏–Ω–µ –ø–æ–¥–æ—Ä–≤—ë—Ç—Å—è –∏ –ë–ö –Ω–µ –¥–æ–≤–µ–∑—ë—Ç, —Ç–æ –≤–æ –≤—Ä–µ–º—è —à—Ç—É—Ä–º–æ–≤ –Ω–∞—á–∏–Ω–∞—é—Ç –∏—Å–∫–∞—Ç—å —Ç–µ—Ö, –∫—Ç–æ –≤–æ –≤—Ä–µ–º—è —à—Ç—É—Ä–º–æ–≤ —Ä–∞–∑–≤–µ—Ä–Ω—É–ª—Å—è –Ω–∞ 180 –≥—Ä–∞–¥—É—Å–æ–≤ –∏ –ø–æ–±–µ–∂–∞–ª –æ–±—Ä–∞—Ç–Ω–æ 
 
–≤ –æ–±—â–µ–º, –ø—Ä–æ–∏—Å—Ö–æ–¥–∏—Ç –∫–∞–∫–æ–π-—Ç–æ –Ω–µ–ø–æ–Ω—è—Ç–Ω—ã–π —Ö–∞–æ—Å 
 
–≤ —Å–≤–æ—é –æ—á–µ—Ä–µ–¥—å –ø–æ –ø—Ä–µ–¥–≤–∞—Ä–∏—Ç–µ–ª—å–Ω—ã–º –¥–∞–Ω–Ω—ã–º 24 –º—Å–ø –ø–æ—Å–ª–µ –Ω–µ—Å–∫–æ–ª—å–∫–∏—Ö –º–µ—Å—è—Ü–µ–≤ —à—Ç—É—Ä–º–æ–≤ –±—É–¥—É—Ç –≤—ã–≤–æ–¥–∏—Ç—å - —É –Ω–∏—Ö –±–æ–ª—å—à–µ 70% –ø–æ—Ç–µ—Ä—å, –∏ –ø—Ä–æ–¥–æ–ª–∂–∞—Ç—å –∞–∫—Ç–∏–≤–Ω—ã–µ –±–æ–µ–≤—ã–µ –¥–µ–π—Å—Ç–≤–∏—è –æ–Ω–∏ –Ω–µ –º–æ–≥—É—Ç, –∏–ª–∏ –Ω–µ —Ö–æ—Ç—è—Ç 
 
–æ—á–µ–Ω—å –∑–∞–±–∞–≤–Ω–æ –Ω–∞–±–ª—é–¥–∞—Ç—å, –∫–∞–∫ —à–≤–∞–π–Ω–µ—Ö—É–Ω–¥–µ –≤ —Ä–∞–∑–≥–æ–≤–æ—Ä–∞—Ö –º–µ–∂–¥—É —Å–æ–±–æ–π –∂–∞–ª—É—é—Ç—Å—è –Ω–∞ –æ–±–µ—Å–ø–µ—á–µ–Ω–∏–µ, –≤ —ç—Ç–æ –≤—Ä–µ–º—è –≤–µ–ª–∏–∫–∏–µ –∫–æ–º–∞–Ω–¥—É—é—â–∏–µ –∞–∫—Ç–∏–≤–Ω–æ –ø—Ä–æ–≤–æ–¥—è—Ç –≤—Ä–µ–º—è —Å–æ —à–ª—é—Ö–∞–º–∏ –≤ –ø–∞–Ω—Å–∏–æ–Ω–∞—Ç–∞—Ö –≤ –õ–∞–∑—É—Ä–Ω–æ–º, –ì–µ–Ω–∏—á–µ—Å–∫–µ –∏ –•–æ—Ä–ª–∞—Ö. –Ω—É —Ç–∞–∫ –∞ —á–µ –∏–º –≤–æ–µ–≤–∞—Ç—å - —Ö–æ–ª–æ–ø—ã –≤—Å—ë —Å–¥–µ–ª–∞—é—Ç –≤–º–µ—Å—Ç–æ –Ω–∏—Ö, –ø—Ä–∞–≤–¥–∞? :) 
 
–≤ —Å–ª–µ–¥—Å—Ç–≤–∏–∏ –ø–æ—Å–ª–µ–¥–Ω–∏—Ö —à—Ç—É—Ä–º–æ–≤ –∏ –∞–Ω–∞–ª–∏–∑–∞ —ç–ª–µ–∫—Ç—Ä–æ–Ω–Ω—ã—Ö –Ω–æ—Å–∏—Ç–µ–ª–µ–π 200—ã—Ö ""—à—Ç—É—Ä–º–æ–≤–∏–∫–æ–≤"" –±—ã–ª–∏ –∑–∞–º–µ—á–µ–Ω—ã –º–æ–±–∏–ª–∏–∑–æ–≤–∞–Ω–Ω—ã–µ, –∫–æ—Ç–æ—Ä—ã–µ —Ç–æ–ª—å–∫–æ –±—É–∫–≤–∞–ª—å–Ω–æ –ø—Ä–∏–µ—Ö–∞–ª–∏ –Ω–∞ –Ω–∞–ø—Ä–∞–≤–ª–µ–Ω–∏–µ, –∞ —Ç—É—Ç —Ç–∞–∫ –•–û–ü –∏ –∏—Ö –æ—Ç–ø—Ä–∞–≤–∏–ª–∏ –Ω–∞ —à—Ç—É—Ä–º 
 
–Ω–∞–≤–µ—Ä–Ω–æ–µ —á–∏—Ç–∞–ª–∏ –ø–æ–±–µ–¥–æ–Ω–æ—Å–Ω—ã–µ —Å–æ–æ–±—â–µ–Ω–∏—è –∫–∞–∫ ""—Å–ª–∞–±—ã–µ —Ö–æ—Ö–ª—ã –ø–∞—á–∫–∞–º–∏ —É–º–∏—Ä–∞—é—Ç"", –∞ –≤ —Ä–µ–∞–ª—å–Ω–æ—Å—Ç–∏ –æ–∫–∞–∑–∞–ª–æ—Å—å –≤ —Ç–æ—á–Ω–æ—Å—Ç–∏ –Ω–∞–æ–±–æ—Ä–æ—Ç 
 
–∑–¥–æ—Ä–æ–≤—å—è! 
 
—Ö–æ—á–µ—Ç—Å—è –æ—Ç–º–µ—Ç–∏—Ç—å –º–æ—Ä–ø–µ—Ö–æ–≤ –∏ —Ç–æ, –∫–∞–∫ –æ–Ω–∏ –Ω–µ —Ç–æ–ª—å–∫–æ –¥–µ—Ä–∂–∞—Ç –ø–ª–∞—Ü–¥–∞—Ä–º, –Ω–æ –∏ –ø—Ä–∏–∫—Ä—ã–≤–∞—é—Ç —Å–≤–æ–∏—Ö –±—Ä–∞—Ç—å–µ–≤ –ø–æ –æ—Ä—É–∂–∏—é - —Ñ–ø–≤—à–Ω–∏–∫–∏ —Ä–∞–±–æ—Ç–∞—é—Ç –ø—Ä–æ—Å—Ç–æ –æ—Ç–º–µ–Ω–Ω–æ, –∑–∞ —ç—Ç–æ –Ω–∏–∑–∫–∏–π –∏–º –ø–æ–∫–ª–æ–Ω –∏ —Ä–µ—Å–ø–µ–∫—Ç 
 
—Ç–∞–∫–∂–µ —à–≤–∞–π–Ω–µ—Ö—É–Ω–¥–µ –æ—Ç–º–µ—á–∞—é—Ç —ç—Ñ—Ñ–µ–∫—Ç–∏–≤–Ω–æ—Å—Ç—å –Ω–∞—à–µ–≥–æ –†–ï–ë–∞, —Ä–∞–±–æ—Ç–∞—Ç—å –∏–º –∫—Ä–∞–π–Ω–µ —Ç—è–∂–µ–ª–æ, –ø—Ä–∏–¥—É–º—ã–≤–∞—é—Ç —Ä–∞–∑–Ω—ã–µ –ø—Ä–∏—ë–º—ã, –∫–æ—Ç–æ—Ä—ã–µ –Ω–∞ –æ–±—Å—Ç–∞–Ω–æ–≤–∫—É —Å—É—â–µ—Å—Ç–≤–µ–Ω–Ω–æ –Ω–µ –ø–æ–≤–ª–∏—è—é—Ç, –Ω–æ –Ω–µ—Ä–≤—ã –ø–æ—Ç—Ä–µ–ø–∞—é—Ç",2024-02-19,Crisis
–ù–∏–∫–æ–ª–∞–µ–≤—Å–∫–∏–π –í–∞–Ω—ë–∫,"–î–µ—Å–∞–Ω—Ç–Ω–∏–∫–∏ 79 –û–î–®–ë—Ä –Ω–∏—â–∞—Ç—å –≤–æ—Ä–æ–∂—É —Ç–µ—Ö–Ω—ñ–∫—É –±—ñ–ª—è –ù–æ–≤–æ–º–∏—Ö–∞–π–ª—ñ–≤–∫–∏

–ü—Ä–æ—Ç–∏–≤–Ω–∏–∫ –Ω–µ –ø–æ–ª–∏—à–∞—î —Å–ø—Ä–æ–± –∑–∞—Ö–æ–ø–∏—Ç–∏ –Ω–∞—Å–µ–ª–µ–Ω–∏–π –ø—É–Ω–∫—Ç –ù–æ–≤–æ–º–∏—Ö–∞–π–ª—ñ–≤–∫–∞.

–ê–∫—Ç–∏–≤–Ω—ñ —à—Ç—É—Ä–º–æ–≤—ñ –¥—ñ—ó —Ç—É—Ç –≤—ñ–¥–±—É–≤–∞—é—Ç—å—Å—è —â–æ–¥–Ω—è. –ß–∞—Å—Ç–æ –≤–æ—Ä–æ–≥ –∑–∞—Å—Ç–æ—Å–æ–≤—É—î –±—Ä–æ–Ω—å–æ–≤–∞–Ω—É —Ç–µ—Ö–Ω—ñ–∫—É, –∑–∞ –¥–æ–ø–æ–º–æ–≥–æ—é —è–∫–æ—ó –ø—ñ–¥–≤–æ–∑–∏—Ç—å –ø—ñ—Ö–æ—Ç—É, –∞ —Ç–∞–∫–æ–∂ –ø—Ä–∏–∫—Ä–∏–≤–∞—î —ó—ó –¥—ñ—ó –≤–æ–≥–Ω–µ–º –≥–∞—Ä–º–∞—Ç —Ç–∞ –∫—É–ª–µ–º–µ—Ç—ñ–≤.

–ê–ª–µ –Ω–µ–∑–≤–∞–∂–∞—é—á–∏ –Ω–∞ –ø–æ—Å—Ç—ñ–π–Ω–∏–π —Ç–∏—Å–∫, –º–∞—Ä—É–Ω–æ–≤—ñ –±–µ—Ä–µ—Ç–∏ –∑ –ú–∏–∫–æ–ª–∞—î–≤–∞ –¥–∞—é—Ç—å –≤–æ—Ä–æ–≥—É –≥—ñ–¥–Ω—É –≤—ñ–¥—Å—ñ—á, –∑–Ω–∏—â—É—é—á–∏ –π–æ–≥–æ –±—Ä–æ–Ω—å–æ–≤–∞–Ω—É —Ç–µ—Ö–Ω—ñ–∫—É —â–µ –Ω–∞ –ø—ñ–¥—Ö–æ–¥—ñ –¥–æ —Å–≤–æ—ó—Ö –ø–æ–∑–∏—Ü—ñ–π.

–ù–∞ –≤—ñ–¥–µ–æ –ø—Ä–µ–¥—Å—Ç–∞–≤–ª–µ–Ω–æ —Ñ—Ä–∞–≥–º–µ–Ω—Ç–∏ –±–æ–π–æ–≤–∏—Ö –¥—ñ–π –Ω–∞ —è–∫–∏—Ö –≤–∏–¥–Ω–æ –∫–æ–º–ø–ª–µ–∫—Å–Ω—É —Å–∏—Å—Ç–µ–º—É –≤–æ–≥–Ω–µ–≤–æ–≥–æ —É—Ä–∞–∂–µ–Ω–Ω—è, —è–∫—É –∑–∞—Å—Ç–æ—Å–æ–≤—É—é—Ç—å –¥–µ—Å–∞–Ω—Ç–Ω–∏–∫–∏ 79-–∫–∏, –≤–∏–∫–æ—Ä–∏—Å—Ç–æ–≤—É—é—á–∏ –≤–æ–≥–æ–Ω—å –∞—Ä—Ç–∏–ª–µ—Ä—ñ—ó, –ø—Ä–æ—Ç–∏—Ç–∞–Ω–∫–æ–≤–∏—Ö —Ä–∞–∫–µ—Ç–Ω–∏—Ö –∫–æ–º–ø–ª–µ–∫—Å—ñ–≤, –¥—ñ—é –º—ñ–Ω–Ω–æ-–≤–∏–±—É—Ö–æ–≤–∏—Ö –∑–∞–≥–æ—Ä–æ–¥–∂–µ–Ω—å, —É–¥–∞—Ä–Ω–∏—Ö –¥—Ä–æ–Ω—ñ–≤ —Ç–∞ –±–µ–∑–ø—ñ–ª–æ—Ç–Ω–∏—Ö –ª—ñ—Ç–∞–ª—å–Ω–∏—Ö –∞–ø–∞—Ä–∞—Ç—ñ–≤ –∑—ñ —Å–∫–∏–¥–∞–º–∏.

–ö–æ–ª–æ–Ω–∏ –∑–Ω–∏—â–µ–Ω–æ—ó —Ç–µ—Ö–Ω—ñ–∫–∏ –≤–æ—Ä–æ–≥–∞, —è–∫—É –≤–∏–¥–Ω–æ –Ω–∞ –≤—ñ–¥–µ–æ, –Ω–∞–π–∫—Ä–∞—â–µ –¥–æ–≤–æ–¥—è—Ç—å –µ—Ñ–µ–∫—Ç–∏–≤–Ω—ñ—Å—Ç—å –æ–±–æ—Ä–æ–Ω–Ω–∏—Ö –¥—ñ–π –¢–∞–≤—Ä—ñ–π—Å—å–∫–∏—Ö –¥–µ—Å–∞–Ω—Ç–Ω–∏–∫—ñ–≤.
–†–∞–∑–æ–º –¥–æ –ü–µ—Ä–µ–º–æ–≥–∏!

–î–®–í ‚Äì –ó–∞–≤–∂–¥–∏ –ü–µ—Ä—à—ñ! –°–ª–∞–≤–∞ –î–®–í!
–°–ª–∞–≤–∞ –£–∫—Ä–∞—ó–Ω—ñ!

–°–ª—É–∂–±–∞ –∑–≤‚Äô—è–∑–∫—ñ–≤ –∑ –≥—Ä–æ–º–∞–¥—Å—å–∫—ñ—Å—Ç—é ü©∂ 79 –æ–∫—Ä–µ–º–æ—ó –¥–µ—Å–∞–Ω—Ç–Ω–æ-—à—Ç—É—Ä–º–æ–≤–æ—ó –¢–∞–≤—Ä—ñ–π—Å—å–∫–æ—ó –±—Ä–∏–≥–∞–¥–∏ –î–®–í –ó–° –£–∫—Ä–∞—ó–Ω–∏",2024-02-27,Crisis
