русском,эксклюзив ночью взорвать мост выезд мелитополь основный пролёт просесть движение перекрыть передавать военкор влад vandrytsa андрица место работать кинолог сапёр,2022-12-13
русском,путин заявить необходимость создание отдельный программа восстановление жильё помощь житель донбасс помогать человек утратить жилой помещение начинать февраль начаться тяжёлый,2022-12-07
русском,путин поздравить президент киргизия жапаров день рождение обсудить вопрос двусторонний повестка день сообщить кремль подписаться русский,2022-12-06
русском,пленный красноармеец пытать волоколамский район подмосковье немецкий оккупант запереть четырёхэтажный дом день поджечь пытаться спастись выпрыгивать окно расстреливать следовать рассекретить,2022-12-05
русском,украинский сми паблик сообщать взрыв херсон подписаться русский,2022-12-03
русском,дождь смииноагент попасть скандал телеканал уволить ведущий алексей коростелевый эфир имя редакция надеяться многий военнослужащий число смочь помочь например оснащение,2022-12-02
русском,канье уэст заявить симпатия гитлер популярный сторонник трамп соцсеть parler объявить отменить продажа сервис рэпер twitter блокировка музыкант сообщать axios,2022-12-02
русском,еврокомиссия предложить страна ес принять потолок цена нефть рф уровень баррель сообщать the wall street journal подписаться русский,2022-12-01
русском,абонент оставаться свет киевский область заявить губернатор алексей кулеб слово регион происходить экстренный отключение ситуация усугубляться провод обрываться изз обледенение,2022-11-28
русском,акция яндекс снижаться новость изменение структура компания свидетельствовать дать мосбиржа подписаться русский,2022-11-25
русском,путин обратиться мать военнослужащий погибнуть ход сво хотеть знать лично руководство страна разделять боль понимать не заменить утрата сын утрата,2022-11-25
русском,украинский плен вернуться российский боец заявить пушилин слово столько основное военный всу отдать украина накануне минобороны сообщить плен вернуться российский,2022-11-24
русском,путин заявить опыт применение сила одкб казахстан проанализировать поддерживать решение оснащение сила современный вооружение подписаться русский,2022-11-23
русском,редактор иа regnum писатель журналист член спч марина ахмедов marinaslovo появиться сообщение лидер бессмертный полка выложить свой сайт националистический террористический,2022-11-22
русском,генпрокуратура украина обвинить российский военный сымитировать сдача плен вероломно напасть украинский ранее сеть появиться видео который всу расстреливать безоружный боец,2022-11-22
русском,мид польша подтвердить отказ допустить лавров участие заседание совет министр иностранный обсе планировать лодзь декабрь подписаться русский,2022-11-21
русском,стратегия освобождение крым путин свободный ой слабый экспрезидент украина порошенко беседа майкл макфол вид позвонить пранкеры вован лексус рассказать план,2022-11-17
русском,польша готовиться возможность падение ракета польский территория заявить премьер страна ход выступление сейм подписаться русский,2022-11-16
русском,минобороны россия ноябрь российский вооружённый сила нанести массировать удар высокоточный оружие дальность воздушный морской базирование система военный управление украина ракета,2022-11-16
русском,президент польша проводить разговор байден заявить канцелярия польский президент подписаться русский,2022-11-15
русском,выпускник запорожский херсонский область днр лнр получить аттестат окончание школа экзамен заявить председатель движение россия владимир рогов подписаться русский,2022-11-15
русском,британский пограничник вмс франция сговориться ламанше сопровождать лодка нелегальный мигрант великобритания писать daily mail публиковать выдержка переговоры запись экипаж связываться,2022-11-15
русском,учить язык родный язык жительница мариуполь рассказать рада ребёнок спокойно учиться русский язык не давать нормальный пятёрка не ставить должный,2022-11-14
русском,результат упорный бой армия россия полностью освободить павловка днр заявить минобороны подписаться русский,2022-11-14
русском,правоохранительный орган рассматривать версия теракт связь взрыв центр стамбул сообщить новость источник подписаться русский,2022-11-13
русском,кадр мосгорсуд признать законный выдворение блогер некоглай молдавия заседание обрить некоглай заявить стыдно каяться пародия российский боец дрон всу забрасывать,2022-11-11
русском,эксперт центр военнополитический журналистика автор telegramканал borisrozhin борис рожин штормовой подразделение бригада морской пехота бригада обтф каскад установить контроль важный,2022-11-10
русском,италия не готовить пакет помощь украина не исключать возобновление поставка вооружение будущее информация подтвердить издание il messaggero министр оборона страна,2022-11-10
русском,король карла iii супруг камилла закидать яйцо йорк инцидент произойти королевский чета приехать йоркшир открытие статуя елизавета ii мужчина бросать,2022-11-09
русском,постпред сша оон линда томасгринфилд прибыть киев отметить непоколебимый поддержка украина заявить американский дипмиссия,2022-11-08
русском,минобороны сообщить результат переговоры подконтрольный киев территория возвратить военный россия который плен грозить смертельный опасность освободить российский военнопленный доставить москва,2022-11-03
русском,главный заявление секретарь сб рф николай патрушев сша великобритания вербовать международный террорист участие боевой действие сторона киевский режим украина превратиться,2022-11-03
русском,соцсеть расходиться видео который предположительно украинка пытаться попасть запорожский область итог въезд отказывать утверждать сеть изз оскорбление адрес рф российский,2022-11-02
русском,instagram соцсеть запретить рф глобальный сбой пользователь разный страна жаловаться аккаунт полностью заблокировать не пройти авторизация,2022-10-31
русском,правительство продлить некоторый мера поддержка бизнес мишустин,2022-10-31
русском,взрыв произойти здание минобразования столица сомали могадишо погибнуть малый мера пострадать reuters ссылка президент,2022-10-30
русском,всу нанести удар технопарк проминь энергодар сообщить глава городской администрация александр волга уточнить пострадать ранее стать известно ночью украинский десант,2022-10-29
русском,пленный украинский военный днр просить закрашивать националистический надпись татуировка рассказать силовой структура республика,2022-10-29
русском,украинский ракета сбить сила пво небо макеевка писать местный паблик сообщаться всу наносить удар семь час обломок ракета упасть возле,2022-10-29
русском,путин европа разговаривать партнёр каждый вопрос звонить вашингтонский обком,2022-10-27
русском,отличие запад чужой двор не лезть путин,2022-10-27
русском,харьковский область уничтожить узел связь украинский войско район днепропетровск поразить нефтехранилище группировка всу донбасс минобороны рф,2022-10-26
русском,житель аризона жаловаться вооружённый патруль стать охранять урна голосование преддверие выборы американский сенат мужчина снаряжение заметить пригород феникс район местный,2022-10-25
русском,запорожский область подключить единый газотранспортный система рф заявить председатель движение россия владимир рогов,2022-10-25
русском,буквально рука носить некоторый житель правобережный часть херсон прибыль анапа разместить местный пансионат гостиница человек оказать всесторонний помощь встретить довезти,2022-10-20
русском,эрдоган заявить договориться путин повод создание газовый хаба европа смочь использовать российский газ турция,2022-10-19
русском,украинский сторона накапливаться сила широкомасштабный наступление рф сформировать военный группировка отбить наступление врио губернатор херсонский область сальдо обратиться житель заявление,2022-10-18
русском,новый кадр дом пострадать падение самолёт ейск предварительный оценка власть повредить многоэтажка восстановить окончательный решение обнародовать экспертиза рухнуть двор дом,2022-10-18
русском,эксклюзив барракуда приём отправить подарочек кадр миномётный обстрел позиция всу район белогоровка лнр огонь противник вестись руководство командир батальон казачий,2022-10-15
русском,николаевский одесский область объявить воздушный тревога сообщить глава местный администрация,2022-10-14
русском,белгородский паблик сообщать новый громкий хлопок предположительно работать пво ссылка очевидец говориться ряд житель город пропасть,2022-10-14
русском,писатель доброволец владлен татарский vladlentatarsky фсб установить теракт крымский мост причастный гур мо украина лично руководитель организация кирилл буданов напомнить,2022-10-12
русском,центр киев снести старинный памятник пушкин установить личный сбережение учитель ученик киевопечерский гимназия писать украинский сми демонтаж посвятить боец всу,2022-10-11
русском,сутки россия госпитализировать коронавирус накануне больница попасть пациент сообщить оперативный штаб час выявить случай инфицирование день ранее сутки умереть человек,2022-10-09
русском,генпрокуратура рф взять контроль цена продукт топливо крым подрыв крымский мост прессслужба ведомство отметить оператор топливный рынок представитель торговый сеть,2022-10-08
русском,глава цик рф элла памфилов включить список персональный санкция ес,2022-10-06
русском,путин свой путём уважение относиться к украинский млн гражданин россия украинский происхождение не делать не делать разница не собираться разница,2022-10-05
русском,москва непринципиально признание запад вступление состав россия днр лнр запорожский херсонский область заявить сергей лавров правильный страна осознать новый реальность,2022-10-04
русском,георгиевский зал кремль готовый подписание договор присоединение рф новый регион,2022-09-30
русском,песок заявить кремль поддерживать глава дагестан критика перегиб частичный мобилизация,2022-09-30
русском,минцифра рф опубликовать список специальность подходящий критерий освобождение частичный мобилизация специалист it связь ведомство информацияпромобилизация,2022-09-26
русском,военкор влад vandrytsa андрица показать выглядеть мобильный пункт голосование автобус оборудовать центральный клинический больница луганск автомобиль выстроиться очередь желать отдать,2022-09-23
русском,кабмин собирать задавать вопрос россиянин частичный мобилизация министерство оборона готовить ответ заявить чернышенко,2022-09-22
русском,глава вга харьковский область виталий ганчев считать харьковчанин скоро смочь проголосовать присоединение рф главное заявление житель регион не прекратить борьба,2022-09-21
русском,журналист публицист максим кононенко kononenkome прийтись прочитать множество мнение оторваться власть народ мнение основное не целиком произноситься откудато изз рубеж,2022-09-21
русском,киев вашингтон не доказать сотрудничество улучшить санитарный обстановка украина ухудшаться подряд заявить минобороны россия,2022-09-19
русском,кадр площадь ленин ворошиловский район донецк обстреливать всу пострадать девушка слово очевидец повредить позвоночник точный число раненый неизвестно слово мэр,2022-09-17
русском,потеря всу результат высокоточный удар николаевский херсонский область составить убитый раненый сообщить минобороны россия,2022-09-17
русском,мировой политика экономика наметиться фундаментальный трансформация носить необратимый характер путин заседание совет глава государство член шос,2022-09-16
русском,публикация британский таблоид the sun якобы иметь покушение президент россия не соответствовать действительность заявить новость дмитрий песок,2022-09-15
русском,фашизм владелец ресторан бахчисарай извиниться свадьба заведение звучать украинский песня червона калин считать гимн украинский националист эльдар качкар заявить поддерживать,2022-09-14
русском,стратегический запас нефть сша сократиться показатель резерв составлять млн баррель последний неделя потратить млн баррель сообщать reuters ранее агентство bloomberg,2022-09-13
русском,медведица диксон обнаружить множество ранение картечь дробь сообщить гендиректор московский зоопарк светлана акуловый получение результат томография картина мягко говорить не,2022-09-11
русском,ракета искандер нанести удар живой сила военный техника украинский войско выгрузка жд станция красноармейск днр сообщить мо россия,2022-09-11
русском,вспоминать тренироваться заходить минута потеть потолок опасно амплитудный бросать нога потолок задеть путин посетить международный центр самбо бокс лужники пообщаться,2022-09-10
русском,источник илья пономарёв координировать деятельность украинский воинский подразделение легион свобода россия выясниться ход сегодняшний обыск видео администратор youtube telegramканал найти,2022-09-08
русском,поставлять не рамка контракт остаться один известный русский сказка приговаривать мёрзнимёрзнуть волчий хвост готовый поставлять энергоресурсы запад рамка контрактный обязательство,2022-09-07
русском,лиз трасса приехать аудиенция елизавета ii королева принять отставка джонсон встретиться новоизбранный премьер трасса поручение сформировать правительство примечательно студенческий год,2022-09-06
русском,сеть расходиться кадр утверждаться погибший спецназовец морской пехота всу никополь писать последствие неудачный высадка украинский десант днепр официальный комментарий ранее,2022-09-05
русском,завершить работа восстановление мемориал саурмогила днр разрушить бой сообщить военностроительный комплекс минобороны россия реставрация уйти день исторический облик комплекс полностью,2022-09-04
русском,украинский войско нанести удар многоквартирный жилой дом херсон погибший пострадать новость ссылка местный власть,2022-09-02
русском,страна отозвать признание косово заявить вучича,2022-08-27
русском,харьковский область открыть подразделение гибдд зарегистрировать машина поменять право мвд россия,2022-08-26
русском,кадр спасение человек дрейфовать баржа хабаровский край борт вертолёт мчс поднять доставить посёлок озерпах николаевский район состояние спасти оцениваться удовлетворительный,2022-08-24
русском,посольство россия сша назвать лукавство заявление госдеп санкция не мешать российский инспектор проводить проверка американский территория рамка двусторонний консультативный комиссия,2022-08-20
русском,джулиан тюрьма белмарш ожидать экстрадиция сша правительство сша тайно убить музыкант роджер уотерс выступить вашингтон митинг сторонник джулиан ассанж июнь,2022-08-17
русском,эксклюзивный кадр позиция всу песок снятой незадолго полный взятие населить пункт союзный войско военкор андрей филат filatovcorr показать какой окоп,2022-08-17
русском,российский служба внешний разведка сообщить польша продолжать реализация далекоидущий план отношение украина главное заявление польский компания организовать скупка украинский продукция,2022-08-08
русском,обострение сектор газ известно час армия израиль нанести удар цель сектор газ ответ ракетный обстрел израильский территория прессслужба цахать сообщить,2022-08-05
русском,благодарить интерес наш работа нетерпение ждать результат ваш rosgvardofficial,2022-08-05
русском,песок днр полностью зачистить националист подтвердить замминистра информация днр даниил neoficialniybezsonov безсоновый ребята закрепиться марьинка продолжаться зачистка половина территория зачистить,2022-08-05
русском,районный суд уфа отказать удовлетворение ходатайство представитель лидер группа ддт юрий шевчук перенос рассмотрение административный дело дискредитация вс россия санктпетербург,2022-08-05
русском,столько выручка потерять adidas связь приостановка деятельность россия говориться опубликовать отчёт производитель спортивный одежда первый полугодие,2022-08-04
русском,пашинянин заседание правительство назвать ситуация нагорный карабах крайне сложный,2022-08-04
русском,багдад протестовать захватить здание парламент страна кадр изнутри публиковать местный сми сообщаться манифестация выйти сторонник шиитский имам муктада ассадра недовольный,2022-07-30
русском,бастрыкин поручить проверить информация удержание украинский военный российский моряк ранее экипаж записать видеообращение он моряк сообщить охранять вооружённый не давать,2022-07-28
русском,дебаты кандидат пост премьерминистр великобритания идти прямой эфир неожиданно прерваться слово министр иностранный лиз трасса россия путин путин добиться успех,2022-07-26
русском,не шутка борис джонсон предлагать гражданство украина претендовать пост премьерминистр страна соответствовать петиция появиться сайт офис зеленский рассмотреть должный набрать,2022-07-26
русском,вести переговоры упрощение визовый режим страна заявить директор консульский департамент российский мид иван волынкин пик нынешний подъём заболеваемость приблизительно месяц,2022-07-26
русском,господин псевдолиберал поблагодарить подтвердить слово высокий руководство россия попытка развал страна рамзан кадыров посмеяться прошедшее прага форум свободный народ россия,2022-07-25
русском,глава воз объявить вспышка оспа обезьяна чрезвычайный ситуация область здравоохранение,2022-07-23
русском,сообщить сша выделять украина пакет военный помощь сумма млн,2022-07-22
русском,карелия полицейский перевернуться столкновение экскаватор дтп произойти накануне вечером перекрёсток город медвежьегорск тяжёлый техника не пропустить спецтранспорт ехать включить проблесковый,2022-07-22
русском,ikea объяснить происходить видео сотрудник ломать сковородка случай отзыв поступление некондиционный товар партия уничтожаться товар ненадлежащий качество точно выйти продажа,2022-07-20
русском,решение название возрастной группа новый российский движение ребёнок молодёжь принять декабрь кириенко,2022-07-20
русском,сша использовать украина продавать оружие курд сирия мнение высказать британский наёмник эйден эслина приговорить днр смертный казнь разговор американский политический,2022-07-19
русском,таганрог сепсис умереть фельдшер людмила лященко пережить пытка сбу попасть россия обмен рассказать волонтёр илья проблема здоровье людмила не мочь,2022-07-18
русском,зеленский заявить отстранить генпрокурор глава сбу факт госизмена сотрудник ведомство,2022-07-17
русском,подозревать убийство четыре город новошахтинск ростовский область задержать сообщить су ск,2022-07-16
русском,путин подписать указ приостановка предоставление дополнительный страховой гарантия отдельный категория медицинский работник связь стабилизация эпидемический ситуация,2022-07-15
русском,воз призывать страна вернуть масочный режим сообщать sky news,2022-07-13
русском,прокуратура проверить детский лагерь магнитогорский видео сеть который избивать девочка кадр видно школьница пинать бить таскать сверстница волос оскорблять ребёнок,2022-07-13
русском,семья погибнуть удар всу новый каховка получить материальный помощь размер млн рубль пострадать тыс рубль заявить глава военногражданский администрация вга,2022-07-12
русском,совершить попытка покушение глава мелитопольский район запорожский область ликвидировать сообщить местный власть глава район обстрелять покушение уточнить член главное совет,2022-07-11
русском,литва расширить ограничение транзит товар калининградский область запретить перевозить территория россия цемент алкоголь связь вступление сила новый европейский санкция портал,2022-07-11
русском,сутки россия госпитализировать человек коронавирус накануне час выявить случай инфицирование день ранее сообщить оперативный штаб сутки умереть человек коронавирусный инфекция,2022-06-29
русском,юг россия обнаружить штамм конгокрымский геморрагический лихорадка новость ссылка сеченовский университет,2022-06-28
русском,страна ввести санкция вывоз зерно украина заявление,2022-06-27
русском,центральный россия новый неделя начаться рекордный субтропический жара заявить специалист центр погода фобосой евгений тишковца пик зной москва слово завтра,2022-06-26
русском,политик автор telegramканал ход конев knightsmove западный сми нарочитый постоянство распространять фейк массовый мобилизация россия неназванный высокопоставленный источник разведка столь,2022-06-24
русском,энергетика восстановить электроснабжение потребитель бурятия который нарушить изз авария гусиноозёрский грэс сообщить минэнерго рф свет ранее остаться тыс населить пункт,2022-06-23
русском,москва скончаться ветеран великий отечественный война оклеветать навальный информация смерть ветеран подтвердить внук оппозиционер назвать фронтовик игнат артёменко холуй предатель,2022-06-18
русском,путин сомневаться присоединение ес дать стимул рост экономика украина,2022-06-17
русском,россия скорее начаться экономический рост заявить глава сбербанк герман греф кулуар пмэф,2022-06-17
русском,согласно документ связанный военнобиологический деятельность сша один приоритетный задача dtra подготовка полевой эпидемиолог американский стандарт начало широкомасштабный финансирование пентагон украинский,2022-06-16
русском,калининград неизвестный пожарить мясо вечный огонь памятник воин погибший штурм кёнигсберг осквернить мемориал искать возбудить уголовный,2022-06-16
русском,режим ограничение полёт аэропорт юг центральный часть россия продлить июнь сообщать росавиация,2022-06-16
русском,эксклюзивный военный хроника аналитика ситуация украина июнь фронт самый главный событие разворачиваться горскозолоть группировка всу бой врубовка идти месяц завершиться,2022-06-15
русском,обстрел донецк не принести киев военный преимущество заявить постпред россия оон василий небензить цель киевский режим данный случай являться нанесение,2022-06-15
русском,сша планировать выделить украина новый военный помощь сумма млн войти противокорабельный ракета harpoon сообщить bloomberg,2022-06-15
русском,правда рогозин прочитать праздничный поздравление к день россия стихотворение фильм брат видео показать запуск межконтинентальный баллистический ракета сармат,2022-06-12
русском,финляндия изз закрытие воздушный пространство россия ежемесячно терять млн писать iltalehti российский спецоперация рейс финляндия финляндия азия обратно стать получать,2022-06-11
русском,украинский вс применять обстрел донецк поставить нато французский сау caesar заявить донецкий народный республика,2022-06-10
русском,нравиться больница город стрелять не нравиться сдаться азовсталь член нацбат заявить плен не пытать бить жилой район неприятно видео военкор,2022-06-09
русском,решение власть вильнюс снести мемориал советский воин антакальнисский кладбище кощунственный варварский нецивилизованный заявить российский посольство литва дать провокация полностью вписываться,2022-06-09
русском,раскритиковать руководство сборная белоруссия легкоатлетка кристина тимановский сообщить запретить выступать чемпионат польша наступать момент разочарование не смочь принять участие чемпионат,2022-06-08
русском,зеленский хотеть встреча ради встреча пятница неделя президент украина постоянно менять позиция вопрос урегулирование кризис констатировать лавров заявлять неоднократно переговоры,2022-06-08
русском,киев хотеть тельавив продать система железный купол разрешить германия выполнить поставка птрк spike сообщать the jerusalem post ссылка посол украина,2022-06-08
русском,минобороны рф публиковать новый кадр боевой работа ход спецоперация экипаж вертолёт продолжать уничтожать техника объект военный инфраструктура всу,2022-06-08
русском,журналист попасть обстрел украинский град попасная лнр пострадать новость,2022-06-07
русском,сербия гордиться не являться часть антироссийский истерия страна присоединиться стыдно сербский мвд заявить государство помешать лавров посетить белград мечтать поражение,2022-06-06
русском,захаров подтвердить страна европа закрыть небо самолёт лавров отметить железный занавес российский сторона не ес окружать россия,2022-06-05
русском,создать запад система обеспечение собственный безопасность разрушаться заявить эрдоган,2022-06-05
русском,ес не признавать осуждать выдача российский паспорт житель херсон запорожье боррель,2022-06-03
русском,мишустин призвать правительство крупный российский компания оперативный принимать решение замещение иностранный цифровой технология поручить создать индустриальный центр компетенция замещение зарубежный,2022-06-03
русском,кадр снятой здание гранд сетунь плаз гореть пожар потушить помещение бизнесцентр проверить погибнуть пострадать человек эвакуировать место чп госпитализировать начальник,2022-06-03
русском,российский военный уничтожить николаевский область пункт управление беспилотный летательный аппарат всу сообщить минобороны россия,2022-06-03
русском,cша скупить продовольствие сожаление обречь самый голод страна африка арабский эксклюзивный интервью помощник президент максим орешкин дать прогноз вести штат,2022-06-02
русском,ск россия проводить проверка предмет причастность сотрудник сбу боевик азов посягательство российский военнослужащий,2022-06-02
русском,полярник стать подниматься купол антарктида высота тыс участиться случай горный болезнь вплоть отёк лёгкий пожар советский полярный станция восток апрель,2022-05-31
русском,евросоюз ввести пошлина нефть рф страна не договориться окончательный эмбарго поставка писать financial times ссылка источник руководство евросоюз издание утверждать,2022-05-31
русском,украинский военный обстрелять снаряд калибр мм петровский район донецк позиция красногоровка сообщить штаб территориальный оборона днр,2022-05-31
русском,кадр последствие украинский обстрел посёлок сватово лнр точкой погибнуть человек включая четверо ребёнок пострадать сообщить луганскинформцентр врио глава администрация район,2022-05-27
русском,пентагон госдеп активно обсуждать возможность отправка военный сша защита посольство киев решение,2022-05-27
русском,невозможно аккумулировать митинг настолько пойти агрессивно свергать пашинян несогласный некого направить гнев один русло военкор ведущий тк звезда надан фридрихсон,2022-05-23
русском,глава россотрудничество евгений примак evgenyprimakov любой война завершаться капитуляция принуждение уступка напомнить специальный военный операция украинато воевать война завершаться очевидный,2022-05-23
русском,украинский боевик цель дискредитация вс россия обстрелять жилой дом николаевка лнр погибший раненый сообщать минобороны рф провокация украинский националист николаевка,2022-05-21
русском,сделать обещать пленный принять разместить врач сутки сделать больший работа представитель киев красный крест посмотреть днр содержать пленный украинский боевик,2022-05-19
русском,американский генерал отставка барри маккаффри выдать кадр компьютерный игра видео украина сбивать самолёт вс рф российский самолёт сбить украинский противоракетный,2022-05-18
русском,политик автор telegramканал ход конев knightsmove депутат московский городской дума предложить прекрасный обозначить карта столица площадь защитник донбасс соответствовать обращение,2022-05-18
русском,высылать сотрудник французский дипломатический миссия качество ответный мера сообщить мид россия должный покинуть территория россия течение неделя,2022-05-18
русском,главный новость начало день сша не видеть смысл диалог глава внешнеполитический ведомство россия соединить штат данный этап заявить представитель госдепартамент,2022-05-18
русском,решение использовать актив российский банк украина нужда киев вопиять незаконный требовать ответ заявить песок,2022-05-17
русском,германия экономия топливо временно ограничить скорость автобан такой решение прислать министр окружающий среда федеральный земля страна сообщать das erste подобный,2022-05-15
русском,фон санкция получить рекордный торговый профицит писать the economist отмечаться публикация импорт россия сократиться изз ввести запад санкция экспорт выстоять,2022-05-13
русском,хроника май главный военный событие день,2022-05-13
русском,объявление локдаун изз обнаружение омикрон северный корея ким чен ына впервые показать медицинский маска надеть заседание политбюро,2022-05-12
русском,вместо поиск мнимый угроза сторона россия вашингтон стоить приструнить подопечный киев российский посольство сша назвать абсурдный оторвать реальность обвинение причастность,2022-05-11
русском,губернатор томский область сергей жвачкина заявить намеренный уйти отставка глава регион пояснить март исполниться губернаторство закон ограничивать губернатор работа два,2022-05-10
русском,путин заявить власть оказать поддержка ребёнок семья военный погибнуть ход спецоперация украина гибель каждый солдат офицер гора невосполнимый утрата родный,2022-05-09
русском,высокоточный ракета воздушный базирование вкс район одесса уничтожить корвет вмс украина минобороны россия,2022-05-08
русском,минюст россия включить реестр иноагент соболь гозмана миловый ооо апология свидетельствовать дать ведомство,2022-05-06
русском,футболка марадон забить гол рука бог продать sothebys млн самый высокий цена который когдалибо платить футболка спортсмен писать the mirror,2022-05-04
русском,словения резко вырасти цена топливо бензин дизель писать новость ссылка телеканал стоимость бак бензин европремиум увеличиться дизель ранее житель испания,2022-05-01
русском,минюст россия впервые исключить реестр смииноагент реестр исключить аркадий любарев людмила кузьмин объяснить министерство решение принять основание заявление исключение поступить,2022-04-29
русском,ск рф sledcompress возбудить уголовный отношение заместитель командир бригада всу подполковник дмитрий герасименко обвиняться статья жестокий обращение гражданский население применение,2022-04-26
русском,потеря всу нацбатальон состояние апрель дать минобороны рф milchronicles,2022-04-25
русском,эммануэль макрон выступить эйфелевый башня сторонник результат предварительный подсчёт голос одержать победа второй тур президентский выборы оглашение результат француз недовольный,2022-04-24
русском,российский киберспортсмен предоставить отсрочка армия заявить президент федерация компьютерный спорт россия дмитрий смит заседание рабочий группа госдума разработать пакет предложение,2022-04-22
русском,сутки россия госпитализировать накануне час выявить случай инфицирование коронавирус день ранее зафиксировать заболеть сообщить оперативный штаб сутки умереть коронавирусный инфекция,2022-04-18
русском,вводить санкция оказывать давление страна рассчитывать повлиять действие россия дать политика навредить вашингтон мнение разговор высказать академик эксперт сша эдмунд,2022-04-17
русском,антироссийский санкция ударить страна запад открыть россия новый возможность заявить путин отказ ряд страна нормальный сотрудничество число российский энергоресурсы ударить,2022-04-13
русском,стрельба метро ньюйорк не расследоваться теракт сообщить глава полиция город последний данные пострадать сми писать огонь открыть темнокожий мужчина который,2022-04-12
русском,подсчёт голос эммануэль макрон набрать голос первый тур президентский выборы франция ле пен набрать сообщить французский мвд,2022-04-11
русском,обсе мочь передавать украинец дать расположение сила днр сообщить источник силовой структура обнаружить некоторый посёлок технический устройство организация возможно помогать,2022-04-10
русском,репортёр вгтрк андрей руденко rtrdonetsk бой трудный северозападный окраина днр сконцентрировать группировка вооружённый сила украина свыше тыс соответственно техника артиллерия,2022-04-09
русском,европарламент потребовать ввести эмбарго импорт газ нефть уголь россия решение принять голос евродепутат проголосовать парламентарий резолюция европарламент напомнить не носить,2022-04-07
русском,киевский режим готовить провокация отравлять вещество город первомайский харьковский область заминировать хранилище хлор сообщить российский минобороны,2022-04-06
русском,мэр мариуполь назначить бывший городской депутат партия оппозиционный платформа константин иващенко донецкий агентство новость,2022-04-06
русском,сша вводить запрет новый инвестиция экономика россия заявить американский администрация,2022-04-06
русском,матвиенко вручить медаль отвага военный участвовать спецоперация украина находиться лечение центральный военный клинический госпиталь имя аа вишневский старший механик андрей,2022-04-05
русском,сеть появиться запись предположительно тот блогерш снимка западный сми иллюстрировать фейк российский авиаудар роддом мариуполь марианна никакой авианалёт не подтвердиться,2022-04-01
русском,киевский область подразделение всу течение час обстреливать село новый басаня привести многочисленный жертва среди местный житель рассказать начальник национальный центр,2022-04-01
русском,ес предупредить китай следить любой шаг пекин оказание поддержка москва цель обход санкция брюссель глава евросовет мишель,2022-04-01
русском,мариуполь находиться порядок украинский боевик басурина слово город остаться основный очаг сопротивление центр город завод азовсталь порт,2022-04-01
русском,путин подписать указ весенний призыв согласно документ вооружённый сила россия призвать тыс,2022-03-31
русском,путин шольц ход телефонный разговор договориться эксперт страна дополнительно переговорить повод оплата поставка газ рубль кремль,2022-03-30
русском,верховный суд рф признать электросамокат транспортный средство,2022-03-30
русском,глава минфин франция заявить рост цена бензин больший проблема француз сообщать новость француз рост цена бензин вызывать ежедневно больший трудность,2022-03-30
русском,журналист обозреватель издательский дом коммерсантъ сергей строкануть strokan итог новый раунд российскоукраинский переговоры стамбул впервые позволить движение политикодипломатический урегулирование стать,2022-03-30
русском,военный публицист владислав шурыгин заявить сокращение активность киевский черниговский направление не признак ситуация зайти тупик объявить сокращение активность деюр признание,2022-03-29
русском,обстрел всу белгородский область погибнуть военный священник олег артём сообщить синодальный отдел взаимодействие вооружённый сила вчера вечером находиться село журавлёвка,2022-03-25
русском,эксклюзив житель мариуполь показывать наш военный мочь располагаться боевик нацбат видео стрингер андрей filatovcorr филатов,2022-03-24
русском,германия случай отказ российский газ грозить не холод волна проблема писать die welt ссылаться результат стресстест немецкий власть симулироваться сокращение,2022-03-23
русском,житель мариуполь рассказать всу не давать мирный житель эвакуироваться говорить заминировать украинский военный сидеть коридор особо не высовываться препятствие не,2022-03-22
русском,сатирический издание charlie hebdo опубликовать опрос готовый француз принять украинский беженец звучать украинец постучать ответить курд афганский борзая послать тётя,2022-03-22
русском,испанский астурия тысяча дальнобойщик заблокировать шоссе знак протест повышение цена топливо изз забастовка нарушить поставка продукция завод март работник транспортный,2022-03-22
русском,борт разбиться китай boeing не иностранный пассажир тв,2022-03-21
русском,российский подразделение выдвигаться блокирование позиция украинский военный нацбат сумский область видео минобороны рф,2022-03-21
русском,назальный вакцина прививаться полгода заявить директор центр гамалея александр гинцбург,2022-03-19
русском,игорь мальцев российский писатель публицист журналист автор telegramканал fuckyouthatswhy некий бывший сделать сайтик nobelprizeforukraineorg вывесить письмо обращение nobel prize бывший,2022-03-18
русском,херсон здание администрация снять флаг украина сообщать местный сми,2022-03-17
русском,подразделение российский вдв оборудовать блокпост опорный пункт киевский область военный рф обеспечивать безопасность движение мирный житель зелёный коридор воинский колонна,2022-03-17
русском,появление российский войско киев украинский город не связать желание оккупировать украина россия цель путин,2022-03-16
русском,глава российский правительство михаил мишустин подписать постановление временной запрет экспорт зерновые государство евразийский экономический союз сахар третий страна,2022-03-14
русском,следственный комитет россия возбудить уголовный факт диверсия авдеевский коксохимический завод,2022-03-14
русском,интернетмагазин wildberries сбой пользователь жаловаться проблема вход личный кабинет отслеживание интернетзаказ некоторый приложение не работать,2022-03-14
русском,тыс готовый выехать немедленно глава союз доброволец донбасс александр бородать интервью спецкор валентина горшенин желание сириец отправиться доброволец лнр днр,2022-03-14
русском,telegramканал сын монархия sonofmonarchy глобально происходить мир являться свидетель тектонический сдвиг мировой геополитика передел сфера влияние возвращение история буква ошибочно,2022-03-13
русском,навылет повыходить снаряд повыбивать дверь поломать простенок град попасть прям подъезд мирный житель стоять возле подъезд погибнуть донецкий мангуш изз,2022-03-13
русском,момент нападение кандидат президент франция земмур попасть видео неизвестный бросить голова политика яйцо выходить машина охрана скрутить нападать задержать ранее,2022-03-12
русском,радоваться понимать говорить слава бог прислать военный днр судья волновахский район рассказать преступление сбу всу мама сын переговариваться мама дело,2022-03-12
русском,автор telegramканал голованов romagolovanov специально карета превратиться тыква мой глаз точный назвать март прямой эфир вести еженедельный итоговый программа спас,2022-03-12
русском,генпрокуратура россия попросить суд признать компания meta владелец facebook instagram экстремистский организация,2022-03-11
русском,еврокомиссия объявить выделение украина макрофинансовый помощь размер млн,2022-03-11
русском,хакер команда xaknetteam взломать сайт банк украинский капитал дать акция ответ призыв фашист воровать гражданин россия говориться видеообращение который оставить,2022-03-11
русском,американский посол получить инструкция убеждать страна присоединиться санкция россия замгоссекретарь нуланд,2022-03-08
русском,youtube заблокировать канал соловей live,2022-03-08
русском,что не жалеть поступить российский гимнаст иван куляк рассказать выйти буква z грудь церемония награждение этап кубок доха катар идея,2022-03-07
русском,главный новость начало день минобороны россия предупредить сбу боевик батальон азов готовить провокация возможный радиоактивный заражение местность район харьков министр,2022-03-07
русском,блинкен заявить сша обсуждать союзник европа решение прекращение закупка российский нефть новость,2022-03-06
русском,политик автор telegramканал ход конев knightsmove возникать ощущение многие любитель правда поток фейковый информация не замечать новость поистине важный сказать,2022-03-06
русском,глава минобороны турция заявить переговоры сергей шойгу ждать положительный сдвиг ситуация украина,2022-03-05
русском,z футболка поддержка российский армия акция белград,2022-03-04
русском,заголовок обстрелять атомный электростанция ложь речь идти учебнотренировочный корпус вблизи аэс реактор совершенно не пострадать счастие невредимый журналист ричард медхёрстый,2022-03-04
русском,переговоры россия украинский поднимать создание бесполётный зона ядерный объект украина заявить арахамия,2022-03-04
русском,эхо москва заявить удалить корпоративный аккаунт соцсеть отключить сайт,2022-03-04
русском,зеленский заявить видно работать гуманитарный коридор март договориться российский украинский делегация,2022-03-04
русском,главный новость начало день учебнотренировочный корпус запорожский аэс город энергодар ночью произойти пожар данные украинский гсчс возгорание ликвидировать мск не,2022-03-04
русском,сша не видеть возможность исключение россия состав совбез оон невзирая призыв украина заявить белый дом,2022-03-03
русском,рфс оспорить cas решение отстранить сборная россия международный соревнование национальный федерация остаться не согласный отстранение сборная страна участие турнир число,2022-03-03
русском,банк россия решить не возобновлять торг март московский биржа секция фондовый рынок исключение,2022-03-02
русском,российский паспорт глава teenspirit studio нателла крапивина выдать нарушение закон сообщить мвд ссылка результат провести проверка установить пакет документ подавать,2022-03-01
русском,сайт nike временно остановить работа территория россия,2022-03-01
русском,журналист обозреватель издательский дом коммерсантъ сергей строкануть strokan заявление президент байден ответ военный операция россия украина якобы выбрать малый зло,2022-02-28
русском,картошка мечтать мама вкусно жарить картошка сергей сидоров уйти ополчение не родитель остаться станица луганский находиться контроль всу накануне сила,2022-02-28
русском,пользователь сообщать сбой работа telegram,2022-02-27
русском,киев не гарантировать ядерный безопасность чернобыльский аэс переход станция контроль российский войско цитировать новость украинский постпред оон,2022-02-27
русском,донецк видео наш корра роман corrkosarev косарев,2022-02-26
русском,захар zakharprilepin щелчок палец российский государственность выкармливалавыкармливать культурка поить грудной молоко сливка дуло темя вчера осознать хороший хороший ненавидеть один,2022-02-25
русском,исполком мокнуть призвать не использовать национальный флаг гимн россия белоруссия любой спортивный мероприятие,2022-02-25
русском,какой переговоры понять запад не размышлять всерьёз мария захаров mariavladimirovnazakharova интервью отказ сша франция запланировать россия встреча назначить вчерашнийсегодняшний день,2022-02-24
русском,госсекретарь бельгия вопрос миграция высказаться ес рассмотреть приостановка выдача виза россиянин le soir,2022-02-24
русском,пашинянин принять приглашение путин посетить россия кремль,2022-02-21
русском,свр обладать достоверный данные спецслужба западный страна скрытно вербовать боевик отправка донбасс,2022-02-21
русском,меняться число выявить случай россия число госпитализировать сутки составить накануне страна последний час коронавирусный инфекция подтвердить вылечиться пациент накануне сообщаться,2022-02-20
русском,флаг окр национальный стадион птичий гнездо,2022-02-20
русском,сутки россия госпитализировать человек накануне час выявить случай инфицирование коронавирус день ранее зафиксировать заболеть сообщить оперативный штаб сутки умереть коронавирусный,2022-02-19
русском,пристав не уведомить моргенштерный наложение ограничение спорткара сообщить адвокат рэпер сергей жорина несмотря алишер находиться предел рф корреспонденция регулярно получать,2022-02-18
русском,цель выбрать камил валиев подходить роль жертва медиаменеджер тина tikandelaki канделаки написать колонка информационный война новый тип олимпиада пекин проба,2022-02-16
русском,решение допуск валиев личный турнир пекин принять учёт статус защитить персона особый подход подобный случай уточнить cas специальный комиссия cas,2022-02-14
русском,пролив босфор закрыть движение судно изз неисправность грузовой судный сообщить турецкий управление береговой безопасность,2022-02-12
русском,февраль наращивать число авиарейс венгрия германия шриланка март греция кипр сообщить оперативный штаб борьба распространение коронавирус,2022-02-12
русском,допингпроба российский фигуристка камил валиев взять декабрь оказаться положительный организм спортсменка обнаружить триметазидин сообщать международный агентство тестирование ita временной отстранение,2022-02-11
русском,трамп опровергнуть сообщение сми год президентство якобы смывать правительственный документ унитаз разговор тема экспрезидент сша назвать фейковый история категорически не,2022-02-10
