украина новости україна новини,главнокомандующий всу валерий залужный поздравить причастный день сухопутный войско родный давать сила защищать украина выстоять непременно победить благодаря собрат сестра,2022-12-12
украина новости україна новини,украина не планировать останавливать поставка зерно порт одесса изз повреждение объект энергосистема регион агентство reuters заявить министр аграрный политика страна,2022-12-11
украина новости україна новини,руснить совершить пуск ракета сообщать глава одесский ова максим марченко информация ракета воздушный пространство украина украина,2022-12-05
украина новости україна новини,крым заметить признак возможный подготовка оккупант отрицательный наступление полуостров оккупант завезти некоторый крымский музей упаковочный материал видимо украсть музейный коллекция,2022-12-04
украина новости україна новини,всу потихоньку продавливать защита оккупант направление сватовокременный глава луганский ова гайдай направление бой идти тяжело едва не метр россиянин подготовка,2022-12-03
украина новости україна новини,полезный совет помочь сохранить пища условие длительный отключение электроэнергия украина,2022-11-30
украина новости україна новини,группа сенатор обратиться министр оборона сша ллойти остин призыв поставка украина беспилотный летательный аппарат gray eagle the wall street journal,2022-11-22
украина новости україна новини,одесса местный перекрыть дорога изз отключение свет человек не украина,2022-11-18
украина новости україна новини,вечерний обращение президент заявить состояние единственный добиться рф эскалация удар ракета дрон усиление помощь украина западный партнёр ситуация фронт отметить,2022-11-07
украина новости україна новини,сообщать взрыв днепр область работать пво украина,2022-11-01
украина новости україна новини,воздушный сила сша развернуть ядерный бомбардировщик север австралия фон рост напряжённость отношение китай решение являться предупреждение китай поскольку опасение китай,2022-10-30
украина новости україна новини,веерный отключение яйцо подорожать грн штука национальный антикоррупционный бюро который последний безрезультатно воевать олег бахматюк решить предъявить обвинение очередь получить,2022-10-18
украина новости україна новини,сообщать взрыв бровары предварительный информация сбить мопед украина,2022-10-17
украина новости україна новини,глава киевский ова алексей кулеб подтвердить область работать пво борисполь сбить мопед украина,2022-10-17
украина новости україна новини,октябрь стратегический бомбардировщик stratofortress принять участие ядерный учение нато сообщить оана лунгеска официальный спикер нато цель новый учение заключаться проверка,2022-10-15
украина новости україна новини,виталий ким сообщить шахид удаться сбить николаевщина украина,2022-10-13
украина новости україна новини,российский самолёт низкий высота пройти сторона чаплинк херсон украина,2022-10-10
украина новости україна новини,министр оборона алексей резник отреагировать массировать обстрел россия украина,2022-10-10
украина новости україна новини,конгресс сша внести законопроект признание рф государствомспонсор терроризм сообщить старший советник конгресс массарый twitter добавить внести законопроект признание действие россия,2022-10-09
украина новости україна новини,захватить оккупант директор заэс игорь мурашов освободить сообщить глава магатэ рафаэль гросся украина,2022-10-03
украина новости україна новини,харьковский область разминировать территория дамба наслать кг взрывчатка обнаружить освободить оккупант посёлок великий проход случай взрыв мочь затопить близкий населить,2022-10-02
украина новости україна новини,россия продолжаться стрельба неизвестный стрелка устроить стрельба школа ижевск известно пострадать стрелка не задержать сообщать отстреливаться полиция этаж украина,2022-09-26
украина новости україна новини,появиться кадр утренний взрыв иранский дронакамикадзе одесса украина,2022-09-25
украина новости україна новини,коротко политика россия украина,2022-09-22
украина новости україна новини,ужас какойтый твориться украина,2022-09-21
украина новости україна новини,общественный палата лнр днр резко решить призвать писичкина душилин провести референдум оккупировать часть луганский донецкий область присоединение рф случиться паника,2022-09-19
украина новости україна новини,мелитополь прогреметь мощный взрыв сообщать мэр город иван фёдоров слово взрывчатка сработать прямо центр город один двор улица ярослав мудрый,2022-09-18
украина новости україна новини,момент удар администрация херсонский область приходить совещание глава администрация округ россми видео видно бегать российский вояка сообщаться ранить начальник департамент,2022-09-16
украина новости україна новини,потеря россиянин день контрнаступление всу август оккупант потерять живой сила ббм артсистема танк единица автомобильный техника цистерна бпнуть рсзый пво,2022-09-08
украина новости україна новини,представитель генштаб чётко понятно объяснить последний день существенно вырасти количество убитый руснуть украина,2022-09-08
украина новости україна новини,привычный ситуация руснить ныть новость доблестный армия готовый очередной жест добрый воля балаклея,2022-09-07
украина новости україна новини,всу пополнить обменный фонд харьковский направление,2022-09-07
украина новости україна новини,сбу заблокировать ботоферма разгонять деструктивный контент украина прессслужба сбу армия бот аккаунт использовать дискредитация сила оборона украина руководство государство оправдание,2022-09-03
украина новости україна новини,видео подрыв коллаборант сушко запорожский область,2022-08-24
украина новости україна новини,видео мариуполь снятой бой оккупант использовать жилой застройка установка извстный змея горынович предназначить проделывание ход противотанковый минный поле использование такой,2022-08-17
украина новости україна новини,двое подорваться мина заток информация белгородднестровский горсовет инцидент произойти база отдых рута погибший оказаться двое строитель,2022-08-14
украина новости україна новини,украина запустить электронный очередь пересечение граница сообщить премьерминистр денис шмыгаль один главный задача ускорение прохождение пункт пропуск человек автомобиль груз,2022-08-13
украина новости україна новини,чувырло пацюк жительница херсон назвать мальчик львов спросить дочка подруга временно переехать лев харьков русский язык героиня видео заявить не,2022-08-11
украина новости україна новини,называть глава оккупировать крым аксёнов объявить высокий жёлтый уровень террористический опасность регион август август,2022-08-09
украина новости україна новини,официальный реакция минобороны украина бавович крым,2022-08-09
украина новости україна новини,местный житель сообщать большой количество автомобиль скорый помощь ехать сторона новофёдоровка евпатория,2022-08-09
украина новости україна новини,винница сообщать звук взрыв область объявить воздушный тревога,2022-08-07
украина новости україна новини,украина идентифицировать командир подразделение армия россия который находиться временно оккупировать город энергодар запорожский область оказаться полковник клименко вадим владимирович дочь,2022-08-06
украина новости україна новини,президент зеленский встретиться глава мид эстония урмас рейнсало визит положить начало восстановление первостепенный важный инфраструктура школа детский сад вчера приграничный,2022-08-03
украина новости україна новини,вооружённый сила тайвань привести состояние повышенный боевой готовность писать издание sleek gist министерство национальный оборона тайвань отменить отпуск некоторый офицер,2022-08-01
украина новости україна новини,донбасс мелитополь ежедневно направляться колонна российский военный техника сторона херсон крым мэр мелитополь иван фёдоров эфир телемарафон наблюдать военный техника,2022-07-29
украина новости україна новини,правительство германия рассчитывать система противовоздушный оборона irist поставить украина конец текущий заявить заместитель официальный представитель правительство фрг кристиан хофман лето,2022-07-27
украина новости україна новини,дебаты слово глава мид великобритания лиз трасса путин бросать вызов свобода демократия студия раздаться грохот дебаты прервать вскоре стать известно,2022-07-26
украина новости україна новини,запад чемтый завидовать россия заявить недопутин экспрезидент рф медведев,2022-07-17
украина новости україна новини,тревога многий область,2022-07-16
украина новости україна новини,колонна российский военный техника численность единица проехать вчера мариуполь советник мэр город пётр андрющенко сообщить колонна двигаться сторона запорожский область,2022-07-16
украина новости україна новини,министр соцполитик марина лазебный подать отставка заявить представитель кабинет министр верховный рада тарас мельничук,2022-07-15
украина новости україна новини,генштаб сообщать оккупант сгореть склад боеприпас луганск чернобаевка макеевка чаплинк херсонский область горловка не наступить слава всу слава himars,2022-07-13
украина новости україна новини,кадр работа наш защитник небо,2022-07-13
украина новости україна новини,оккупационный власть херсонский область объявить охота голова украинский патриот предлагать существенный денежный вознаграждение информация активист фейковый вга херсонский область обратиться,2022-07-12
украина новости україна новини,операция актив средство россия идти восстановление украина имущество рф находиться территория украина бенефициарный владелец являться гражданин страныоккупант связанный аффилировать лицо,2022-07-06
украина новости україна новини,падение ввп украина составить не заявить премьер денис шмыгаль итоговый прессконференция лугано экономика отходить шоковый кома первый месяцполтор война не,2022-07-05
украина новости україна новини,глава мвд монастырский предлагать ввести украина штраф нарушение комендантский час предполагать сумма штраф не называть монастырский подчеркнуть комендантский страна не,2022-07-04
украина новости україна новини,оккупант навсегда лячь удобрять украинский земля,2022-07-04
украина новости україна новини,украина договорённость партнёр поддержка сумма млрд доллар заявить премьерминистр страна денис шмыгаль частность помощь европейский союз сша канада отдельно прямой,2022-07-03
украина новости україна новини,мэр мелитополь сообщить всу уничтожить база оккупант город ночью защитник вывести строй четыре военный центр враг нанести удар,2022-07-03
украина новости україна новини,российский войско войти лисичанск продвинуться черта город isw мнение американский институт изучение война оккупант идти наступление югозапасть лисичанск вероятно продвигаться,2022-07-03
украина новости україна новини,ребята тро помощь легендарный тракторный бригада захватить бтр оккупант,2022-07-02
украина новости україна новини,минтерроризм рф анонсировать новый удар одесса,2022-07-01
украина новости україна новини,bloomberg писать украина совместно мвф разрабатывать вариант реструктуризация госдолг рамка готовиться изменение условие выплата обязательство использование заморозить российский актив качество,2022-06-30
украина новости україна новини,мэр львов андрей садовый опубликовать список улица планировать переименовать львовский область львов появиться улица херсонский чернобаевский гостомельский герой мариуполь,2022-06-30
украина новости україна новини,чернигов волонтёр обвинять руководство область афера горючее гуманитарка черниговский волонтёр обвинять руководитель ова вячеслав чаус заместитель не обеспечить правопорядок область,2022-06-30
украина новости україна новини,пообещать украина гарантия безопасность война не мочь конкретизировать задать журналистка посмеиваться ответить шольц,2022-06-29
украина новости україна новини,власть беларусь заявить исполнять долговой обязательство еврооблигация беларуский рубль похоже лукашенко решить беларусь должный повторить судьба россия,2022-06-28
украина новости україна новини,обновить карта обстановка восток украина европейский эксперт война мнение оккупант захватить волчеяровка белый гора укрепить контроль юг лисичанск угрожать любой,2022-06-28
украина новости україна новини,сша планировать закупить украина усовершенствовать зрк средний дальность nasams cnn утвердить военный помощь включать дополнительный артиллерийский боеприпас контрбатарейный радар,2022-06-27
украина новости україна новини,пас официально призанал самолёт июль сбить российский ракета бук ответственность гибель момент находиться борт должный понести окончательный решение вынести суд,2022-06-23
украина новости україна новини,данные британский разведка темп наступление россия украина замедлиться близкий месяц изз ресурс российский армия исход заявление сделать борис джонсон добавить,2022-06-22
украина новости україна новини,привезти новый форма боец всу оставить куча уйти позиция медик решить чтоть подобрать орк рыться наш форма один нога прострелить,2022-06-20
украина новости україна новини,трогательный видео маленький украинец поздравить наш защитник день отец пусть дождаться герой война,2022-06-19
украина новости україна новини,минобороны украина впервые озвучить потеря всу техника полномасштабный война интервью national defence рассказать замминистра оборона владимир карпенко потерять бмп танк,2022-06-17
украина новости україна новини,всу наблюдать херсон расстояние,2022-06-16
украина новости україна новини,время орк продолжать воровать украинский зерно километровый очередь зерновоз воровать зерно сторона крым видео снятой несколько километр село чонгар херсонский,2022-06-16
украина новости україна новини,происходить северодонецк британский разведка месяц ожесточённый бой российский войско контролировать больший северодонецк российский тактика ведение боевой действие город основать интенсивный,2022-06-15
украина новости україна новини,оккупант объявить мелитополь столица временно оккупировать запорожский область мера фёдоров мелитополь рашистый хотеть провести псевдореферендум житель отказываться поддерживать план враг,2022-06-11
украина новости україна новини,японский храм появиться ритуальный соломенный кукла лицо путин который прикрепить записка молитва уничтожение зло японский версия кукла вуд использовать наложить,2022-06-09
украина новости україна новини,денежный обеспечение военнослужащий всу получать период военный положение,2022-06-07
украина новости україна новини,дать оон день война украина разрушить школа больница порядок мост сотня украинец крыша голова,2022-06-07
украина новости україна новини,украинский полицейский вчера мариуполь добровольно переслать сторона российский оккупант удаться идентифицировать один мраzь не скрыться нелюди полицейский украина уволить прошлый,2022-06-03
украина новости україна новини,саудовский аравия готовый увеличить добыча нефть россиянин ограничить добыча изз санкция ранее саудовский аравия неоднократно отклонять запрос западный страна увеличение,2022-06-02
украина новости україна новини,не спровоцировать эскалация военный агрессия передача украина рсзый himars госсекретарь сша энтони блинкен заявить агрессор война являться,2022-06-01
украина новости україна новини,луганский область обстрел попасть машина волонтёр медик глава ова сергей гайдай расстрелять волонтёр ребята живой ранить исчезнуть врач фото автомобиль,2022-05-30
украина новости україна новини,совбез оон провести заседание кндр связать ракетный испытание северный корея представлять опасность регион среда кндр провести запуск три баллистический ракета,2022-05-26
украина новости україна новини,вооружённый сила украина иметь сила освободить херсон генералмайор дмитрий марченко начало полномасштабный военный агрессия рф командовать оборона николаев недостаток являться,2022-05-24
украина новости україна новини,европа отправлять москва миллиард евро рф убивать украинский ребёнок насиловать женщина советник глава оп михаил подоляк завершаться месяц вторжение рф,2022-05-23
украина новости україна новини,всемирный банк выделить млрд не допустить голод мир reuters война рф украина привести прекращение экспорт больший часть зерно регион глобальный,2022-05-19
украина новости україна новини,сми сообщать мелитополь прогреметь взрыв начаться перестрелка,2022-05-18
украина новости україна новини,всу продолжать спасать животное зона боевой действие,2022-05-17
украина новости україна новини,курд выйти протестовать улица стокгольм изз заявление эрдоган резкий высказывание президент турция реджеп эрдоган привести демонстрация шведский столица курд пребывать,2022-05-17
украина новости україна новини,власть делать возможный невозможный освобождение боец азовсталь террористапутин давление экономический партнёр си цзиньпин родный защитник азовсталь брифинг,2022-05-14
украина новости україна новини,одесский ова подтвердить возгорание российский судный всеволод бобёр,2022-05-12
украина новости україна новини,ход успешный действие подразделение всу освободить населить пункт питомник харьковский область генштаб,2022-05-11
украина новости україна новини,взрыв сумский область сообщать глава ова дмитрий живицкий,2022-05-10
украина новости україна новини,рассия забросать коктейль молотов военкомат российский череповец двое парень маска бросить коктейль окно здание результат вспыхнуть помещение первый этаж данные,2022-05-09
украина новости україна новини,тревога весь территория украина пройти укрытие,2022-05-08
украина новости україна новини,момент полёт ракета черкасский область,2022-05-07
украина новости україна новини,украинский разведка предупреждать рашистый готовиться проведение парад кость кровь май разрушить мариуполь пригнать бригада рабочий экстренный порядок разгребать завал бомбардировка,2022-05-04
украина новости україна новини,ровенский область трасса киевчоп столкнуться бензовоз автобус легковушка погибнуть травмировать произойти село сытный,2022-05-03
украина новости україна новини,перехват разговор рашистовый дом солдат рассказывать намародёрить айфон привезти добыча домой не получиться поскольку фсб конфисковать очередной доказательство рашисткий руководство,2022-04-22
украина новости україна новини,освобождать плен медведчук не торопиться комментировать возможный обмен кума путин военный мирный житель мариуполь песок заявить сюжет нечего,2022-04-20
украина новости україна новини,unicef сообщать млн украина ежедневно бороться возможность питьевой вода являться важный потребность человек,2022-04-19
украина новости україна новини,командир украинский морпех сергей волин написать письмо папа римский просьба спасти человек мариуполь просить помощь прийти не молитва единый помочь,2022-04-18
украина новости україна новини,слово арестович зеленский заявить погибнуть защитник мариуполь украина выйти переговоры россия начаться совершенно период украина диктовать условие сражаться не погибнуть,2022-04-17
украина новости україна новини,госдума рф заявить смочь спасти моряк тонуть крейсер общий численность экипаж составлять,2022-04-15
украина новости україна новини,энергоатом сообщать техника окупантовый находиться территория чернобыльский зона отчуждение который не окапывать радиоактивно заразить такой заразить вид рашистый вывезти территория,2022-04-12
украина новости україна новини,сводка британский разведка русский оккупант пытаться восполнить потеря счёт вербовка боевик непризнанный приднестровье счёт личный состав уволить военный служба,2022-04-10
украина новости україна новини,россия красть детский питание украина мама вынудить вешать ребёнок бирка данные полиция случай бомбёжка садик,2022-04-09
украина новости україна новини,славута пво сбить ракета оккупант,2022-04-03
украина новости україна новини,офис генпрокурор сообщить рашистый убить украина ребёнок ранить полностью разрушить учебный заведение,2022-04-03
украина новости україна новини,харьков днепр кривой рог слышный взрыв,2022-04-01
украина новости україна новини,всемирный ассоциация ядерный оператор анонсировать переход аэс украина парижский центр стоить отметить украинский атомный электростанция часть московский центр вао аэс,2022-03-31
украина новости україна новини,бригада конкретно обосраться потеря раненый армия тупой дебил фрагмент перехватить сбу разговор очередной рашистый жена,2022-03-31
украина новости україна новини,премьерминистр британия джонсон предложить предоставить украина право проведение ранее россия говорить подать заявка проведение чемпионат европа,2022-03-24
украина новости україна новини,maxar публиковать новый спутниковый снимок судить который река ирпень выйти берег разливаться вероятный усложнить форсирование вс рф,2022-03-23
украина новости україна новини,тихановский выступать оон призвать официально признать беларусь временно оккупировать,2022-03-19
украина новости україна новини,российский суд не смочь море отключить обновление навигационный карта сушить весло,2022-03-18
украина новости україна новини,эксглава российский мид андрей козырев призвать российский дипломат уйти отставка назвать поведение отвратительный опозорить страна заявлять козырев министр иностранный ельцин,2022-03-18
украина новости україна новини,невероятный василь штефко закарпатие мужчина нога пойти фронт бить руснить,2022-03-17
украина новости україна новини,раша домой бердянск продолжать напоминать оккупант не рада,2022-03-12
украина новости україна новини,лавров переговоры страна нападать не планировать украина не нападать договариваться нелюди,2022-03-10
украина новости україна новини,байден обратиться россия не верить хотеть кровавый разрушительный война украина страна народ который связывать столь глубокий семейный исторический культурный уза,2022-03-05
украина новости україна новини,пилот сбить самолёт оккупант чернигов не выжить,2022-03-05
украина новости україна новини,евгений жуков записать эмоциональный обращение белорус начальник департамент патрульный полиция украина рассказать один российский солдат гнить украинский поле полностью деморализовать,2022-03-02
украина новости україна новини,києві оголосить повітряный тривог просить всіха терміново прослідуватить укриттить цивільный захист attention air raid sirens in kyiv please proceed to,2022-03-02
украина новости україна новини,состав украинский делегация переговоры оккупант войти министр оборона резник замглавы мид точицкий советник глава офис президент подоляк глава фракция слуга,2022-02-28
украина новости україна новини,франция арестовать грузовой судно подозревать нарушение санкция россия,2022-02-26
украина новости україна новини,недригайловый сумский область встретить техника рф коктейль молотов,2022-02-26
украина новости україна новини,передать всім хто жив район такой як корюківка городня семенівич сновськ сосницть мена і тд знімайт дорожні знак які вказують,2022-02-26
украина новости україна новини,противник обстреливать одесса работать пво,2022-02-25
украина новости україна новини,геращенко эфир сообщить сбить киев крылатый ракета калибр,2022-02-25
украина новости україна новини,район глухов украинский военный ударить javelin колонна российский техника танк уничтожить сообщать советник командующий сухопутный войско всу,2022-02-24
украина новости україна новини,вышкола нацкорпус гражданский лицо собрать участник выходной организовать националист вышкола военизированный учение пройти черкассы житомир чернигов львов ряд крупный город,2022-02-19
украина новости україна новини,преподносить российский сми сепаратистский телеграмканал обстрел оккупант детский сад станица луганский необычный,2022-02-17
украина новости україна новини,набридлить проплачені політичні статті реклама ставка новинник шпальт це незалежень змі як створить адмінить визнаний телеграмканаліть журналість громадські діячі немає,2022-02-16
